temperature_2m,relative_humidity_2m,surface_pressure,wind_speed_10m,cloud_cover,timestamp
25.4,95,1004.0,15.7,31,2024-09-01 00:00:00+00:00
25.5,95,1003.8,15.5,41,2024-09-01 01:00:00+00:00
25.9,94,1004.2,17.6,32,2024-09-01 02:00:00+00:00
26.8,88,1004.6,21.3,57,2024-09-01 03:00:00+00:00
27.7,82,1005.0,23.3,72,2024-09-01 04:00:00+00:00
28.0,84,1005.3,22.0,62,2024-09-01 05:00:00+00:00
28.5,83,1005.3,21.4,53,2024-09-01 06:00:00+00:00
28.8,82,1004.8,19.6,66,2024-09-01 07:00:00+00:00
29.0,81,1004.3,17.4,54,2024-09-01 08:00:00+00:00
29.0,81,1003.2,15.7,25,2024-09-01 09:00:00+00:00
28.7,82,1002.7,16.6,18,2024-09-01 10:00:00+00:00
28.3,84,1002.3,14.8,21,2024-09-01 11:00:00+00:00
28.0,85,1002.1,12.7,11,2024-09-01 12:00:00+00:00
27.6,83,1002.7,13.1,5,2024-09-01 13:00:00+00:00
26.8,88,1003.0,11.6,4,2024-09-01 14:00:00+00:00
26.6,89,1003.8,9.8,6,2024-09-01 15:00:00+00:00
26.6,89,1004.8,9.1,4,2024-09-01 16:00:00+00:00
26.5,90,1005.5,9.2,4,2024-09-01 17:00:00+00:00
26.3,90,1005.3,8.8,3,2024-09-01 18:00:00+00:00
26.2,91,1005.0,8.3,3,2024-09-01 19:00:00+00:00
26.0,91,1004.4,7.6,1,2024-09-01 20:00:00+00:00
25.6,93,1003.9,5.9,0,2024-09-01 21:00:00+00:00
26.1,90,1003.8,2.7,12,2024-09-01 22:00:00+00:00
25.1,96,1003.7,4.7,19,2024-09-01 23:00:00+00:00
24.9,97,1003.5,6.9,17,2024-09-02 00:00:00+00:00
24.9,97,1003.9,7.5,11,2024-09-02 01:00:00+00:00
25.1,96,1004.2,6.6,5,2024-09-02 02:00:00+00:00
26.5,90,1004.7,4.3,1,2024-09-02 03:00:00+00:00
27.6,83,1005.1,1.1,60,2024-09-02 04:00:00+00:00
28.5,78,1005.4,3.9,99,2024-09-02 05:00:00+00:00
29.1,76,1005.2,7.6,93,2024-09-02 06:00:00+00:00
29.3,77,1004.5,11.4,92,2024-09-02 07:00:00+00:00
29.1,80,1003.9,17.5,44,2024-09-02 08:00:00+00:00
29.0,78,1003.1,17.4,9,2024-09-02 09:00:00+00:00
29.1,78,1002.0,17.2,10,2024-09-02 10:00:00+00:00
28.6,81,1001.5,16.3,9,2024-09-02 11:00:00+00:00
28.4,81,1001.4,13.7,6,2024-09-02 12:00:00+00:00
27.8,82,1002.2,14.3,0,2024-09-02 13:00:00+00:00
26.7,87,1002.3,12.4,0,2024-09-02 14:00:00+00:00
26.5,90,1002.8,9.4,0,2024-09-02 15:00:00+00:00
26.4,91,1003.7,6.7,37,2024-09-02 16:00:00+00:00
26.3,92,1004.5,6.3,54,2024-09-02 17:00:00+00:00
26.1,93,1004.4,6.7,64,2024-09-02 18:00:00+00:00
26.0,94,1003.9,7.4,95,2024-09-02 19:00:00+00:00
25.9,94,1003.2,8.6,98,2024-09-02 20:00:00+00:00
25.7,95,1002.9,9.6,100,2024-09-02 21:00:00+00:00
25.6,95,1002.8,9.7,94,2024-09-02 22:00:00+00:00
25.5,96,1003.0,8.4,58,2024-09-02 23:00:00+00:00
25.4,96,1003.0,8.9,5,2024-09-03 00:00:00+00:00
25.5,95,1003.7,8.6,84,2024-09-03 01:00:00+00:00
25.8,94,1004.1,6.0,38,2024-09-03 02:00:00+00:00
26.8,89,1004.7,7.4,78,2024-09-03 03:00:00+00:00
27.9,82,1005.0,8.6,81,2024-09-03 04:00:00+00:00
29.0,76,1005.4,8.6,34,2024-09-03 05:00:00+00:00
29.8,72,1005.1,10.2,52,2024-09-03 06:00:00+00:00
29.9,74,1004.7,12.3,77,2024-09-03 07:00:00+00:00
29.9,77,1004.0,15.6,12,2024-09-03 08:00:00+00:00
29.9,78,1003.2,15.5,8,2024-09-03 09:00:00+00:00
29.5,79,1002.3,18.7,35,2024-09-03 10:00:00+00:00
28.9,80,1002.3,21.4,14,2024-09-03 11:00:00+00:00
28.5,80,1002.4,18.8,69,2024-09-03 12:00:00+00:00
27.7,82,1003.1,16.7,28,2024-09-03 13:00:00+00:00
27.1,86,1003.6,11.7,12,2024-09-03 14:00:00+00:00
26.8,87,1004.1,11.9,24,2024-09-03 15:00:00+00:00
26.7,88,1005.1,8.8,53,2024-09-03 16:00:00+00:00
26.6,89,1005.9,8.4,15,2024-09-03 17:00:00+00:00
26.5,90,1005.6,10.5,29,2024-09-03 18:00:00+00:00
26.4,90,1005.1,11.4,97,2024-09-03 19:00:00+00:00
26.3,91,1004.6,9.8,89,2024-09-03 20:00:00+00:00
26.1,92,1004.4,9.4,95,2024-09-03 21:00:00+00:00
26.1,92,1004.2,12.0,99,2024-09-03 22:00:00+00:00
26.1,91,1004.1,13.0,99,2024-09-03 23:00:00+00:00
26.1,91,1004.0,14.5,98,2024-09-04 00:00:00+00:00
26.2,91,1005.0,10.9,100,2024-09-04 01:00:00+00:00
26.2,89,1005.1,12.6,100,2024-09-04 02:00:00+00:00
27.1,84,1005.3,14.0,90,2024-09-04 03:00:00+00:00
28.4,78,1005.3,18.7,97,2024-09-04 04:00:00+00:00
29.2,74,1005.6,18.0,98,2024-09-04 05:00:00+00:00
29.9,71,1005.3,17.0,100,2024-09-04 06:00:00+00:00
30.2,69,1004.8,16.0,100,2024-09-04 07:00:00+00:00
29.9,72,1003.8,18.0,100,2024-09-04 08:00:00+00:00
30.0,72,1003.0,18.8,100,2024-09-04 09:00:00+00:00
29.9,72,1002.4,19.8,98,2024-09-04 10:00:00+00:00
29.1,76,1002.1,20.2,93,2024-09-04 11:00:00+00:00
28.7,78,1001.8,19.6,35,2024-09-04 12:00:00+00:00
28.0,79,1002.1,18.3,92,2024-09-04 13:00:00+00:00
27.2,85,1002.0,15.3,99,2024-09-04 14:00:00+00:00
27.0,88,1002.4,15.8,95,2024-09-04 15:00:00+00:00
27.0,89,1003.0,14.0,71,2024-09-04 16:00:00+00:00
26.9,90,1003.4,12.2,47,2024-09-04 17:00:00+00:00
26.7,90,1003.4,12.5,96,2024-09-04 18:00:00+00:00
26.6,91,1003.0,14.1,92,2024-09-04 19:00:00+00:00
26.5,91,1002.5,15.9,46,2024-09-04 20:00:00+00:00
26.5,92,1001.9,15.5,92,2024-09-04 21:00:00+00:00
26.4,93,1001.5,17.0,73,2024-09-04 22:00:00+00:00
26.5,91,1001.5,18.4,27,2024-09-04 23:00:00+00:00
26.6,91,1001.6,18.8,31,2024-09-05 00:00:00+00:00
26.8,90,1001.8,18.7,27,2024-09-05 01:00:00+00:00
27.2,89,1002.2,19.1,23,2024-09-05 02:00:00+00:00
28.2,81,1002.6,27.0,65,2024-09-05 03:00:00+00:00
28.7,79,1002.7,27.4,29,2024-09-05 04:00:00+00:00
29.5,76,1002.9,27.8,26,2024-09-05 05:00:00+00:00
30.1,72,1002.6,28.8,100,2024-09-05 06:00:00+00:00
30.1,73,1002.2,28.6,97,2024-09-05 07:00:00+00:00
30.0,74,1001.3,28.5,63,2024-09-05 08:00:00+00:00
29.7,76,1000.4,27.3,28,2024-09-05 09:00:00+00:00
30.1,73,999.8,29.0,80,2024-09-05 10:00:00+00:00
29.4,76,999.5,29.8,30,2024-09-05 11:00:00+00:00
28.9,78,999.4,28.4,41,2024-09-05 12:00:00+00:00
28.4,79,999.9,24.4,58,2024-09-05 13:00:00+00:00
27.6,86,1000.2,19.0,4,2024-09-05 14:00:00+00:00
27.3,88,1000.8,18.1,13,2024-09-05 15:00:00+00:00
27.2,88,1001.5,16.6,9,2024-09-05 16:00:00+00:00
27.0,89,1002.2,16.3,31,2024-09-05 17:00:00+00:00
27.0,89,1002.1,15.6,26,2024-09-05 18:00:00+00:00
26.9,90,1002.1,17.0,32,2024-09-05 19:00:00+00:00
26.8,90,1001.8,17.1,16,2024-09-05 20:00:00+00:00
26.6,90,1001.2,17.2,40,2024-09-05 21:00:00+00:00
26.6,90,1001.3,18.6,20,2024-09-05 22:00:00+00:00
26.5,91,1001.3,20.0,47,2024-09-05 23:00:00+00:00
26.5,91,1001.6,19.2,43,2024-09-06 00:00:00+00:00
26.8,89,1001.8,17.3,27,2024-09-06 01:00:00+00:00
27.1,89,1002.3,16.3,22,2024-09-06 02:00:00+00:00
28.1,83,1003.1,23.2,59,2024-09-06 03:00:00+00:00
29.0,78,1003.5,24.9,70,2024-09-06 04:00:00+00:00
29.5,75,1003.7,26.1,76,2024-09-06 05:00:00+00:00
29.8,75,1003.6,26.4,85,2024-09-06 06:00:00+00:00
29.9,74,1003.4,25.7,84,2024-09-06 07:00:00+00:00
30.1,74,1002.9,24.4,100,2024-09-06 08:00:00+00:00
29.8,75,1002.1,24.3,100,2024-09-06 09:00:00+00:00
29.4,76,1001.7,23.8,99,2024-09-06 10:00:00+00:00
29.0,78,1001.5,25.1,90,2024-09-06 11:00:00+00:00
28.6,79,1001.6,24.7,55,2024-09-06 12:00:00+00:00
27.9,83,1002.2,19.9,35,2024-09-06 13:00:00+00:00
27.2,87,1002.7,15.1,20,2024-09-06 14:00:00+00:00
27.0,88,1003.5,14.4,13,2024-09-06 15:00:00+00:00
26.8,89,1004.2,14.0,4,2024-09-06 16:00:00+00:00
26.6,89,1004.9,13.7,14,2024-09-06 17:00:00+00:00
26.5,90,1005.1,13.8,20,2024-09-06 18:00:00+00:00
26.3,91,1004.7,14.5,19,2024-09-06 19:00:00+00:00
26.2,91,1004.1,14.0,26,2024-09-06 20:00:00+00:00
26.1,91,1003.9,11.4,95,2024-09-06 21:00:00+00:00
26.2,90,1003.5,10.5,19,2024-09-06 22:00:00+00:00
25.9,91,1003.4,12.3,32,2024-09-06 23:00:00+00:00
26.0,90,1003.6,12.7,38,2024-09-07 00:00:00+00:00
26.1,91,1003.4,13.0,21,2024-09-07 01:00:00+00:00
26.5,89,1003.7,14.0,15,2024-09-07 02:00:00+00:00
27.6,82,1004.1,19.6,25,2024-09-07 03:00:00+00:00
28.4,78,1004.8,19.5,38,2024-09-07 04:00:00+00:00
29.2,74,1005.1,18.3,100,2024-09-07 05:00:00+00:00
29.1,76,1005.1,17.3,100,2024-09-07 06:00:00+00:00
29.3,76,1004.7,19.0,100,2024-09-07 07:00:00+00:00
29.4,75,1004.2,20.5,100,2024-09-07 08:00:00+00:00
29.6,74,1003.6,20.9,100,2024-09-07 09:00:00+00:00
29.3,75,1003.4,20.2,99,2024-09-07 10:00:00+00:00
29.2,74,1003.1,19.6,46,2024-09-07 11:00:00+00:00
28.9,75,1003.0,18.0,37,2024-09-07 12:00:00+00:00
28.0,78,1003.6,15.8,31,2024-09-07 13:00:00+00:00
27.3,83,1003.9,13.5,10,2024-09-07 14:00:00+00:00
26.9,85,1004.2,12.6,4,2024-09-07 15:00:00+00:00
26.7,87,1005.2,10.8,1,2024-09-07 16:00:00+00:00
26.5,88,1005.8,10.2,0,2024-09-07 17:00:00+00:00
26.3,89,1005.7,10.5,0,2024-09-07 18:00:00+00:00
26.1,91,1005.7,11.9,32,2024-09-07 19:00:00+00:00
26.0,92,1005.8,11.2,75,2024-09-07 20:00:00+00:00
25.9,93,1005.3,10.9,96,2024-09-07 21:00:00+00:00
26.1,92,1004.9,11.2,30,2024-09-07 22:00:00+00:00
25.7,93,1004.9,11.1,0,2024-09-07 23:00:00+00:00
25.6,93,1004.9,12.0,2,2024-09-08 00:00:00+00:00
25.8,93,1004.7,12.9,1,2024-09-08 01:00:00+00:00
26.2,93,1005.2,13.4,9,2024-09-08 02:00:00+00:00
27.5,84,1005.7,18.3,59,2024-09-08 03:00:00+00:00
28.5,79,1006.1,18.5,33,2024-09-08 04:00:00+00:00
29.4,74,1006.0,18.1,38,2024-09-08 05:00:00+00:00
29.8,73,1005.9,18.3,93,2024-09-08 06:00:00+00:00
29.9,74,1005.2,18.3,100,2024-09-08 07:00:00+00:00
29.7,75,1004.5,19.3,93,2024-09-08 08:00:00+00:00
29.7,76,1003.7,20.7,98,2024-09-08 09:00:00+00:00
29.4,77,1003.2,20.7,97,2024-09-08 10:00:00+00:00
29.1,77,1002.9,19.5,96,2024-09-08 11:00:00+00:00
28.8,78,1003.1,19.3,94,2024-09-08 12:00:00+00:00
27.7,82,1003.4,18.7,1,2024-09-08 13:00:00+00:00
26.9,86,1003.6,13.9,0,2024-09-08 14:00:00+00:00
26.9,87,1004.2,13.5,16,2024-09-08 15:00:00+00:00
26.8,88,1005.0,13.4,28,2024-09-08 16:00:00+00:00
26.6,89,1005.6,14.0,24,2024-09-08 17:00:00+00:00
26.4,90,1005.4,14.1,26,2024-09-08 18:00:00+00:00
26.3,91,1005.2,14.0,2,2024-09-08 19:00:00+00:00
26.1,91,1004.6,14.4,26,2024-09-08 20:00:00+00:00
26.0,92,1003.9,14.7,11,2024-09-08 21:00:00+00:00
25.9,91,1003.3,15.0,14,2024-09-08 22:00:00+00:00
25.7,92,1003.1,14.9,26,2024-09-08 23:00:00+00:00
25.8,91,1003.1,14.8,23,2024-09-09 00:00:00+00:00
26.1,89,1003.3,15.6,22,2024-09-09 01:00:00+00:00
26.4,88,1003.8,15.5,3,2024-09-09 02:00:00+00:00
27.5,81,1003.9,22.7,26,2024-09-09 03:00:00+00:00
28.6,75,1003.7,26.2,49,2024-09-09 04:00:00+00:00
29.4,72,1003.6,25.3,100,2024-09-09 05:00:00+00:00
29.8,71,1003.4,22.1,53,2024-09-09 06:00:00+00:00
30.3,68,1002.9,21.1,55,2024-09-09 07:00:00+00:00
30.2,70,1002.1,21.0,100,2024-09-09 08:00:00+00:00
29.9,72,1001.3,21.0,99,2024-09-09 09:00:00+00:00
29.5,73,1000.5,21.6,99,2024-09-09 10:00:00+00:00
29.3,75,1000.0,23.2,100,2024-09-09 11:00:00+00:00
28.8,77,999.9,23.1,52,2024-09-09 12:00:00+00:00
27.5,81,1000.4,19.4,3,2024-09-09 13:00:00+00:00
26.7,85,1000.8,17.1,2,2024-09-09 14:00:00+00:00
26.7,85,1001.2,15.7,11,2024-09-09 15:00:00+00:00
26.7,86,1002.2,15.2,26,2024-09-09 16:00:00+00:00
26.6,87,1002.6,12.4,27,2024-09-09 17:00:00+00:00
26.4,88,1002.4,13.2,57,2024-09-09 18:00:00+00:00
26.3,89,1002.0,13.8,10,2024-09-09 19:00:00+00:00
26.2,89,1001.4,13.8,3,2024-09-09 20:00:00+00:00
26.1,90,1000.8,15.1,14,2024-09-09 21:00:00+00:00
26.0,91,1000.6,14.8,26,2024-09-09 22:00:00+00:00
25.8,92,1000.8,14.8,25,2024-09-09 23:00:00+00:00
25.8,91,1000.9,15.5,24,2024-09-10 00:00:00+00:00
26.0,89,1001.5,15.2,42,2024-09-10 01:00:00+00:00
26.5,87,1001.7,15.7,43,2024-09-10 02:00:00+00:00
27.4,81,1002.1,20.1,60,2024-09-10 03:00:00+00:00
28.5,76,1002.5,21.7,55,2024-09-10 04:00:00+00:00
29.2,73,1002.3,22.9,99,2024-09-10 05:00:00+00:00
29.3,73,1002.0,21.9,100,2024-09-10 06:00:00+00:00
29.7,72,1001.6,21.4,93,2024-09-10 07:00:00+00:00
30.0,71,1001.0,21.0,99,2024-09-10 08:00:00+00:00
29.8,72,1000.2,20.3,100,2024-09-10 09:00:00+00:00
29.7,73,999.6,19.6,79,2024-09-10 10:00:00+00:00
29.3,75,999.3,20.2,77,2024-09-10 11:00:00+00:00
28.6,78,999.3,18.9,2,2024-09-10 12:00:00+00:00
28.1,79,999.7,14.8,1,2024-09-10 13:00:00+00:00
27.3,85,999.9,12.8,1,2024-09-10 14:00:00+00:00
26.8,87,1000.6,11.0,0,2024-09-10 15:00:00+00:00
26.5,89,1001.5,10.5,3,2024-09-10 16:00:00+00:00
26.4,89,1002.3,10.7,18,2024-09-10 17:00:00+00:00
26.2,91,1002.1,10.6,35,2024-09-10 18:00:00+00:00
26.0,92,1001.7,10.2,14,2024-09-10 19:00:00+00:00
25.8,93,1001.2,10.5,8,2024-09-10 20:00:00+00:00
25.6,94,1001.0,9.5,14,2024-09-10 21:00:00+00:00
25.6,94,1000.9,10.4,11,2024-09-10 22:00:00+00:00
25.5,94,1001.1,9.6,1,2024-09-10 23:00:00+00:00
25.2,95,1001.5,8.7,4,2024-09-11 00:00:00+00:00
26.1,92,1001.7,11.5,12,2024-09-11 01:00:00+00:00
26.6,90,1002.3,10.8,20,2024-09-11 02:00:00+00:00
27.6,84,1002.8,14.6,42,2024-09-11 03:00:00+00:00
28.5,79,1003.0,15.7,44,2024-09-11 04:00:00+00:00
29.4,73,1003.0,16.9,70,2024-09-11 05:00:00+00:00
30.0,70,1002.4,17.5,96,2024-09-11 06:00:00+00:00
30.2,70,1001.9,17.9,100,2024-09-11 07:00:00+00:00
29.8,72,1001.6,19.6,43,2024-09-11 08:00:00+00:00
30.1,70,1001.2,19.2,11,2024-09-11 09:00:00+00:00
30.1,68,1000.6,19.3,5,2024-09-11 10:00:00+00:00
29.6,71,1000.5,19.5,1,2024-09-11 11:00:00+00:00
28.7,74,1000.5,18.4,0,2024-09-11 12:00:00+00:00
27.6,79,1001.4,17.1,0,2024-09-11 13:00:00+00:00
26.9,83,1002.2,16.9,0,2024-09-11 14:00:00+00:00
26.7,86,1003.0,15.1,1,2024-09-11 15:00:00+00:00
26.7,86,1003.5,14.0,1,2024-09-11 16:00:00+00:00
26.7,85,1003.8,13.0,0,2024-09-11 17:00:00+00:00
26.6,87,1003.5,12.3,0,2024-09-11 18:00:00+00:00
26.4,89,1003.3,10.0,2,2024-09-11 19:00:00+00:00
26.3,89,1002.9,10.1,6,2024-09-11 20:00:00+00:00
26.1,90,1002.4,11.3,18,2024-09-11 21:00:00+00:00
26.0,90,1002.2,12.4,51,2024-09-11 22:00:00+00:00
25.9,91,1002.1,12.2,17,2024-09-11 23:00:00+00:00
25.7,93,1002.4,10.9,5,2024-09-12 00:00:00+00:00
26.0,92,1002.9,10.0,18,2024-09-12 01:00:00+00:00
26.4,89,1003.0,13.3,15,2024-09-12 02:00:00+00:00
27.6,82,1003.5,17.1,27,2024-09-12 03:00:00+00:00
28.7,76,1003.9,17.7,27,2024-09-12 04:00:00+00:00
29.6,70,1004.0,20.5,27,2024-09-12 05:00:00+00:00
30.4,66,1003.6,21.8,62,2024-09-12 06:00:00+00:00
30.6,66,1003.1,22.6,100,2024-09-12 07:00:00+00:00
30.4,67,1002.4,23.2,66,2024-09-12 08:00:00+00:00
30.5,67,1001.8,24.2,48,2024-09-12 09:00:00+00:00
30.4,66,1001.2,25.4,69,2024-09-12 10:00:00+00:00
29.9,68,1000.9,25.4,45,2024-09-12 11:00:00+00:00
29.3,70,1001.0,24.8,50,2024-09-12 12:00:00+00:00
28.3,75,1001.2,23.9,8,2024-09-12 13:00:00+00:00
27.6,79,1001.6,22.5,33,2024-09-12 14:00:00+00:00
27.4,79,1002.2,23.0,48,2024-09-12 15:00:00+00:00
27.1,82,1003.0,21.8,18,2024-09-12 16:00:00+00:00
26.9,83,1003.5,18.7,27,2024-09-12 17:00:00+00:00
26.8,84,1003.3,18.5,34,2024-09-12 18:00:00+00:00
26.8,83,1003.3,17.7,32,2024-09-12 19:00:00+00:00
26.6,84,1002.8,16.7,29,2024-09-12 20:00:00+00:00
26.4,85,1002.1,17.5,32,2024-09-12 21:00:00+00:00
26.4,84,1001.6,19.6,17,2024-09-12 22:00:00+00:00
26.2,85,1001.8,20.5,29,2024-09-12 23:00:00+00:00
26.3,84,1002.0,20.7,22,2024-09-13 00:00:00+00:00
26.4,84,1002.4,21.1,32,2024-09-13 01:00:00+00:00
26.7,82,1002.6,23.4,49,2024-09-13 02:00:00+00:00
27.7,75,1003.3,29.2,58,2024-09-13 03:00:00+00:00
28.7,69,1003.5,31.3,93,2024-09-13 04:00:00+00:00
29.4,66,1003.4,31.4,100,2024-09-13 05:00:00+00:00
29.7,66,1003.1,30.1,100,2024-09-13 06:00:00+00:00
30.0,65,1002.5,30.1,100,2024-09-13 07:00:00+00:00
29.9,64,1002.2,28.8,23,2024-09-13 08:00:00+00:00
30.8,59,1001.5,30.7,59,2024-09-13 09:00:00+00:00
30.4,60,1000.9,31.3,54,2024-09-13 10:00:00+00:00
29.9,63,1000.4,31.4,44,2024-09-13 11:00:00+00:00
29.1,68,1000.2,30.6,3,2024-09-13 12:00:00+00:00
28.1,72,1001.0,27.7,30,2024-09-13 13:00:00+00:00
27.5,75,1001.2,24.6,20,2024-09-13 14:00:00+00:00
27.3,77,1001.7,23.4,22,2024-09-13 15:00:00+00:00
27.2,77,1002.2,22.4,41,2024-09-13 16:00:00+00:00
27.1,76,1002.4,22.4,55,2024-09-13 17:00:00+00:00
27.1,78,1002.3,22.9,36,2024-09-13 18:00:00+00:00
26.8,79,1002.0,23.7,22,2024-09-13 19:00:00+00:00
26.5,81,1001.5,22.0,20,2024-09-13 20:00:00+00:00
26.3,82,1001.2,21.9,25,2024-09-13 21:00:00+00:00
26.4,82,1001.0,22.6,25,2024-09-13 22:00:00+00:00
26.4,82,1001.0,23.2,49,2024-09-13 23:00:00+00:00
26.5,81,1001.2,23.7,57,2024-09-14 00:00:00+00:00
26.8,79,1001.4,24.0,40,2024-09-14 01:00:00+00:00
27.0,79,1001.9,24.6,42,2024-09-14 02:00:00+00:00
28.1,70,1002.4,29.5,28,2024-09-14 03:00:00+00:00
29.3,65,1002.9,30.8,26,2024-09-14 04:00:00+00:00
30.1,60,1002.8,31.6,64,2024-09-14 05:00:00+00:00
30.5,58,1002.8,32.4,100,2024-09-14 06:00:00+00:00
30.2,60,1002.3,31.8,98,2024-09-14 07:00:00+00:00
30.6,58,1001.6,31.2,64,2024-09-14 08:00:00+00:00
31.2,56,1000.7,31.3,30,2024-09-14 09:00:00+00:00
30.5,61,1000.4,30.9,8,2024-09-14 10:00:00+00:00
30.1,63,1000.2,30.1,6,2024-09-14 11:00:00+00:00
29.4,66,1000.4,28.0,10,2024-09-14 12:00:00+00:00
28.3,71,1001.1,25.4,8,2024-09-14 13:00:00+00:00
27.5,75,1001.6,22.5,15,2024-09-14 14:00:00+00:00
27.4,76,1002.3,20.6,31,2024-09-14 15:00:00+00:00
27.4,76,1003.2,21.2,24,2024-09-14 16:00:00+00:00
27.1,79,1003.7,19.4,22,2024-09-14 17:00:00+00:00
26.9,80,1003.4,19.4,16,2024-09-14 18:00:00+00:00
26.7,81,1003.2,18.9,20,2024-09-14 19:00:00+00:00
26.6,82,1002.9,19.0,19,2024-09-14 20:00:00+00:00
26.5,83,1002.5,18.8,20,2024-09-14 21:00:00+00:00
26.4,83,1002.3,19.2,23,2024-09-14 22:00:00+00:00
26.3,84,1002.2,20.2,28,2024-09-14 23:00:00+00:00
26.3,84,1002.6,20.0,25,2024-09-15 00:00:00+00:00
26.4,78,1002.8,21.3,49,2024-09-15 01:00:00+00:00
26.8,76,1003.3,20.3,59,2024-09-15 02:00:00+00:00
27.9,70,1003.9,23.4,44,2024-09-15 03:00:00+00:00
29.1,64,1004.5,24.6,62,2024-09-15 04:00:00+00:00
29.7,63,1004.7,25.4,100,2024-09-15 05:00:00+00:00
29.7,63,1004.7,25.3,100,2024-09-15 06:00:00+00:00
30.7,59,1004.3,25.3,100,2024-09-15 07:00:00+00:00
30.2,61,1003.7,26.0,100,2024-09-15 08:00:00+00:00
30.1,63,1003.2,27.4,95,2024-09-15 09:00:00+00:00
30.0,63,1002.7,27.1,100,2024-09-15 10:00:00+00:00
29.8,63,1002.7,26.3,24,2024-09-15 11:00:00+00:00
29.4,64,1002.8,23.7,23,2024-09-15 12:00:00+00:00
28.5,65,1003.6,19.5,44,2024-09-15 13:00:00+00:00
27.8,69,1003.9,19.6,71,2024-09-15 14:00:00+00:00
27.6,71,1004.6,15.3,27,2024-09-15 15:00:00+00:00
27.2,74,1004.8,17.3,1,2024-09-15 16:00:00+00:00
26.9,77,1005.9,12.4,8,2024-09-15 17:00:00+00:00
26.6,79,1005.4,11.6,10,2024-09-15 18:00:00+00:00
26.4,81,1005.1,13.1,11,2024-09-15 19:00:00+00:00
26.2,82,1004.7,12.7,21,2024-09-15 20:00:00+00:00
26.2,82,1004.2,14.5,27,2024-09-15 21:00:00+00:00
26.2,82,1004.3,14.0,24,2024-09-15 22:00:00+00:00
26.1,82,1004.3,15.5,28,2024-09-15 23:00:00+00:00
26.1,81,1004.5,16.2,65,2024-09-16 00:00:00+00:00
26.5,82,1004.8,18.0,56,2024-09-16 01:00:00+00:00
26.9,80,1005.3,18.0,50,2024-09-16 02:00:00+00:00
28.0,74,1005.8,22.7,23,2024-09-16 03:00:00+00:00
29.2,68,1006.5,23.4,83,2024-09-16 04:00:00+00:00
29.9,66,1006.5,24.0,100,2024-09-16 05:00:00+00:00
29.5,68,1006.4,24.5,100,2024-09-16 06:00:00+00:00
29.9,67,1006.2,24.9,100,2024-09-16 07:00:00+00:00
29.9,67,1005.7,26.1,100,2024-09-16 08:00:00+00:00
29.9,67,1005.1,26.1,99,2024-09-16 09:00:00+00:00
29.6,68,1004.7,25.8,100,2024-09-16 10:00:00+00:00
29.1,71,1004.6,25.9,97,2024-09-16 11:00:00+00:00
28.9,71,1005.1,24.5,42,2024-09-16 12:00:00+00:00
28.4,70,1005.5,21.4,33,2024-09-16 13:00:00+00:00
27.9,73,1005.7,17.7,17,2024-09-16 14:00:00+00:00
27.6,77,1005.9,15.4,3,2024-09-16 15:00:00+00:00
27.2,80,1006.7,17.1,3,2024-09-16 16:00:00+00:00
27.0,82,1007.3,16.3,5,2024-09-16 17:00:00+00:00
26.7,83,1007.2,14.7,4,2024-09-16 18:00:00+00:00
26.5,85,1007.0,15.3,8,2024-09-16 19:00:00+00:00
26.4,86,1006.8,14.8,10,2024-09-16 20:00:00+00:00
26.2,87,1006.3,13.7,29,2024-09-16 21:00:00+00:00
26.0,87,1006.1,14.5,19,2024-09-16 22:00:00+00:00
26.1,87,1005.9,14.4,10,2024-09-16 23:00:00+00:00
25.9,89,1006.2,15.2,11,2024-09-17 00:00:00+00:00
26.2,89,1005.9,15.3,0,2024-09-17 01:00:00+00:00
26.5,87,1006.4,15.1,0,2024-09-17 02:00:00+00:00
27.8,80,1006.9,19.2,1,2024-09-17 03:00:00+00:00
29.1,73,1007.5,21.1,2,2024-09-17 04:00:00+00:00
30.2,66,1007.7,22.5,35,2024-09-17 05:00:00+00:00
31.0,62,1007.4,23.7,67,2024-09-17 06:00:00+00:00
31.4,61,1007.0,24.3,52,2024-09-17 07:00:00+00:00
31.5,61,1006.4,25.3,60,2024-09-17 08:00:00+00:00
31.3,61,1005.5,25.8,42,2024-09-17 09:00:00+00:00
31.0,64,1004.7,25.4,10,2024-09-17 10:00:00+00:00
30.7,66,1004.6,24.6,19,2024-09-17 11:00:00+00:00
30.3,66,1004.9,23.9,38,2024-09-17 12:00:00+00:00
29.0,69,1005.4,19.6,47,2024-09-17 13:00:00+00:00
27.8,78,1005.3,18.2,9,2024-09-17 14:00:00+00:00
27.4,81,1005.7,15.2,6,2024-09-17 15:00:00+00:00
27.3,83,1006.6,15.1,31,2024-09-17 16:00:00+00:00
27.1,84,1007.1,14.1,40,2024-09-17 17:00:00+00:00
26.8,88,1007.2,12.3,26,2024-09-17 18:00:00+00:00
26.5,90,1006.7,11.5,7,2024-09-17 19:00:00+00:00
26.2,91,1006.3,10.9,19,2024-09-17 20:00:00+00:00
25.9,92,1005.6,10.4,9,2024-09-17 21:00:00+00:00
25.8,93,1005.3,11.3,5,2024-09-17 22:00:00+00:00
25.7,93,1005.1,10.5,13,2024-09-17 23:00:00+00:00
25.5,94,1005.2,10.2,19,2024-09-18 00:00:00+00:00
26.1,89,1005.0,14.3,18,2024-09-18 01:00:00+00:00
26.5,87,1005.5,14.0,17,2024-09-18 02:00:00+00:00
28.1,77,1005.8,18.1,37,2024-09-18 03:00:00+00:00
29.5,70,1006.2,16.9,57,2024-09-18 04:00:00+00:00
30.5,66,1006.3,17.0,60,2024-09-18 05:00:00+00:00
31.4,62,1005.8,19.8,33,2024-09-18 06:00:00+00:00
32.1,60,1005.1,22.8,30,2024-09-18 07:00:00+00:00
32.0,61,1004.5,23.8,34,2024-09-18 08:00:00+00:00
31.7,63,1003.6,23.7,66,2024-09-18 09:00:00+00:00
31.2,64,1003.3,23.4,58,2024-09-18 10:00:00+00:00
30.4,67,1003.1,22.5,33,2024-09-18 11:00:00+00:00
30.0,68,1003.3,20.8,80,2024-09-18 12:00:00+00:00
28.5,75,1003.9,18.4,25,2024-09-18 13:00:00+00:00
28.1,77,1004.1,16.3,43,2024-09-18 14:00:00+00:00
27.7,80,1004.2,15.8,1,2024-09-18 15:00:00+00:00
27.5,81,1005.1,14.0,2,2024-09-18 16:00:00+00:00
27.2,83,1005.8,12.5,26,2024-09-18 17:00:00+00:00
26.9,87,1005.6,10.5,13,2024-09-18 18:00:00+00:00
26.6,89,1005.3,9.2,16,2024-09-18 19:00:00+00:00
26.2,91,1004.9,8.8,35,2024-09-18 20:00:00+00:00
26.0,92,1004.8,6.4,12,2024-09-18 21:00:00+00:00
25.6,94,1004.6,6.2,0,2024-09-18 22:00:00+00:00
25.3,95,1004.9,6.0,1,2024-09-18 23:00:00+00:00
25.0,96,1005.3,6.0,0,2024-09-19 00:00:00+00:00
25.7,93,1005.4,5.8,2,2024-09-19 01:00:00+00:00
26.2,91,1006.0,6.1,6,2024-09-19 02:00:00+00:00
27.5,82,1006.7,9.1,14,2024-09-19 03:00:00+00:00
28.9,74,1006.9,10.0,43,2024-09-19 04:00:00+00:00
30.1,68,1006.9,11.1,7,2024-09-19 05:00:00+00:00
31.1,66,1006.7,14.4,5,2024-09-19 06:00:00+00:00
31.5,65,1006.1,19.2,3,2024-09-19 07:00:00+00:00
31.5,64,1005.5,21.3,1,2024-09-19 08:00:00+00:00
31.3,64,1004.7,22.7,0,2024-09-19 09:00:00+00:00
31.0,65,1004.3,23.5,0,2024-09-19 10:00:00+00:00
30.5,67,1004.1,22.9,3,2024-09-19 11:00:00+00:00
29.8,70,1004.5,21.1,11,2024-09-19 12:00:00+00:00
29.0,74,1004.8,18.8,13,2024-09-19 13:00:00+00:00
28.3,79,1005.1,18.4,9,2024-09-19 14:00:00+00:00
27.9,81,1005.4,19.3,1,2024-09-19 15:00:00+00:00
27.6,83,1005.8,14.7,1,2024-09-19 16:00:00+00:00
27.5,83,1006.3,10.7,0,2024-09-19 17:00:00+00:00
27.2,85,1006.2,10.5,7,2024-09-19 18:00:00+00:00
26.9,88,1006.1,10.3,12,2024-09-19 19:00:00+00:00
26.6,90,1006.1,12.1,24,2024-09-19 20:00:00+00:00
26.4,91,1005.5,12.9,0,2024-09-19 21:00:00+00:00
26.1,93,1005.1,11.3,0,2024-09-19 22:00:00+00:00
25.9,94,1005.0,11.5,0,2024-09-19 23:00:00+00:00
25.6,95,1005.1,11.2,0,2024-09-20 00:00:00+00:00
25.6,95,1005.5,11.5,7,2024-09-20 01:00:00+00:00
26.0,93,1006.3,10.8,23,2024-09-20 02:00:00+00:00
27.5,83,1006.8,14.8,19,2024-09-20 03:00:00+00:00
29.0,74,1007.2,14.0,39,2024-09-20 04:00:00+00:00
30.2,68,1007.1,16.1,22,2024-09-20 05:00:00+00:00
31.1,66,1006.8,17.9,20,2024-09-20 06:00:00+00:00
31.7,62,1006.2,19.5,6,2024-09-20 07:00:00+00:00
31.9,61,1005.5,21.6,1,2024-09-20 08:00:00+00:00
31.7,62,1004.5,23.5,0,2024-09-20 09:00:00+00:00
30.9,68,1003.8,25.0,0,2024-09-20 10:00:00+00:00
30.2,70,1003.4,23.8,0,2024-09-20 11:00:00+00:00
29.4,74,1003.5,22.7,8,2024-09-20 12:00:00+00:00
28.2,80,1004.5,21.7,4,2024-09-20 13:00:00+00:00
27.6,84,1004.6,19.5,12,2024-09-20 14:00:00+00:00
27.5,84,1005.0,18.7,14,2024-09-20 15:00:00+00:00
27.3,85,1005.4,18.2,16,2024-09-20 16:00:00+00:00
27.2,85,1006.1,17.7,13,2024-09-20 17:00:00+00:00
27.0,86,1006.3,15.5,21,2024-09-20 18:00:00+00:00
26.8,88,1006.3,15.6,32,2024-09-20 19:00:00+00:00
26.6,89,1005.9,13.0,13,2024-09-20 20:00:00+00:00
26.4,90,1005.7,11.7,15,2024-09-20 21:00:00+00:00
26.2,89,1005.5,12.8,22,2024-09-20 22:00:00+00:00
26.1,89,1005.0,14.8,9,2024-09-20 23:00:00+00:00
25.9,90,1005.3,13.5,8,2024-09-21 00:00:00+00:00
26.3,87,1005.7,13.3,29,2024-09-21 01:00:00+00:00
26.8,83,1006.0,15.1,32,2024-09-21 02:00:00+00:00
28.0,76,1006.7,17.6,10,2024-09-21 03:00:00+00:00
29.2,69,1007.1,18.1,99,2024-09-21 04:00:00+00:00
30.2,64,1007.1,18.9,98,2024-09-21 05:00:00+00:00
30.7,64,1007.0,20.7,99,2024-09-21 06:00:00+00:00
31.1,63,1006.6,22.5,77,2024-09-21 07:00:00+00:00
31.3,62,1005.8,23.7,66,2024-09-21 08:00:00+00:00
31.1,63,1005.0,24.5,33,2024-09-21 09:00:00+00:00
30.7,64,1004.7,25.5,15,2024-09-21 10:00:00+00:00
30.2,65,1004.6,24.3,17,2024-09-21 11:00:00+00:00
29.7,67,1004.9,22.5,19,2024-09-21 12:00:00+00:00
28.6,70,1005.5,22.6,8,2024-09-21 13:00:00+00:00
28.1,72,1005.9,19.3,45,2024-09-21 14:00:00+00:00
27.9,74,1006.5,18.6,5,2024-09-21 15:00:00+00:00
27.6,76,1007.1,17.1,3,2024-09-21 16:00:00+00:00
27.5,77,1007.6,15.3,10,2024-09-21 17:00:00+00:00
27.2,78,1007.8,14.9,14,2024-09-21 18:00:00+00:00
27.1,79,1007.6,14.8,19,2024-09-21 19:00:00+00:00
26.9,80,1007.2,14.4,8,2024-09-21 20:00:00+00:00
26.6,82,1006.6,14.0,2,2024-09-21 21:00:00+00:00
26.4,82,1006.3,14.1,3,2024-09-21 22:00:00+00:00
26.3,83,1006.4,13.7,5,2024-09-21 23:00:00+00:00
26.2,83,1006.5,13.3,18,2024-09-22 00:00:00+00:00
26.5,84,1006.8,14.4,3,2024-09-22 01:00:00+00:00
26.9,81,1007.0,15.5,5,2024-09-22 02:00:00+00:00
28.2,74,1007.4,20.5,14,2024-09-22 03:00:00+00:00
29.5,67,1007.7,20.9,23,2024-09-22 04:00:00+00:00
30.5,61,1007.7,21.2,19,2024-09-22 05:00:00+00:00
31.3,59,1007.3,22.5,20,2024-09-22 06:00:00+00:00
31.6,59,1006.6,23.8,16,2024-09-22 07:00:00+00:00
31.6,59,1005.7,24.7,4,2024-09-22 08:00:00+00:00
31.4,59,1004.8,25.3,1,2024-09-22 09:00:00+00:00
31.0,61,1004.2,25.9,2,2024-09-22 10:00:00+00:00
30.3,64,1004.3,25.7,4,2024-09-22 11:00:00+00:00
29.5,67,1004.4,24.1,1,2024-09-22 12:00:00+00:00
28.5,72,1005.0,20.3,3,2024-09-22 13:00:00+00:00
27.6,75,1005.1,18.7,1,2024-09-22 14:00:00+00:00
27.7,77,1005.6,18.0,7,2024-09-22 15:00:00+00:00
27.5,78,1006.0,18.8,1,2024-09-22 16:00:00+00:00
27.3,80,1006.3,17.1,4,2024-09-22 17:00:00+00:00
27.2,80,1006.2,15.1,12,2024-09-22 18:00:00+00:00
27.1,81,1006.3,14.2,16,2024-09-22 19:00:00+00:00
27.0,82,1005.9,14.3,23,2024-09-22 20:00:00+00:00
26.9,83,1005.4,15.0,12,2024-09-22 21:00:00+00:00
26.8,83,1005.3,14.8,5,2024-09-22 22:00:00+00:00
26.7,84,1005.5,14.8,1,2024-09-22 23:00:00+00:00
26.7,83,1005.5,15.2,26,2024-09-23 00:00:00+00:00
27.1,82,1005.9,15.6,34,2024-09-23 01:00:00+00:00
27.4,80,1006.2,16.3,40,2024-09-23 02:00:00+00:00
28.7,73,1006.7,21.0,37,2024-09-23 03:00:00+00:00
30.1,65,1007.2,20.5,58,2024-09-23 04:00:00+00:00
30.9,62,1007.1,21.7,19,2024-09-23 05:00:00+00:00
31.8,59,1007.1,23.0,18,2024-09-23 06:00:00+00:00
32.0,59,1006.5,23.9,40,2024-09-23 07:00:00+00:00
32.0,59,1005.8,25.2,48,2024-09-23 08:00:00+00:00
31.8,61,1004.9,26.4,43,2024-09-23 09:00:00+00:00
31.4,62,1004.3,26.8,38,2024-09-23 10:00:00+00:00
30.6,65,1003.8,26.5,9,2024-09-23 11:00:00+00:00
29.8,68,1004.0,23.4,9,2024-09-23 12:00:00+00:00
29.0,71,1004.9,21.7,6,2024-09-23 13:00:00+00:00
28.1,76,1004.9,20.8,45,2024-09-23 14:00:00+00:00
28.0,77,1005.2,19.7,80,2024-09-23 15:00:00+00:00
27.9,78,1006.1,17.8,75,2024-09-23 16:00:00+00:00
27.8,78,1006.5,17.8,83,2024-09-23 17:00:00+00:00
27.7,78,1006.5,17.9,82,2024-09-23 18:00:00+00:00
27.5,80,1006.4,16.6,92,2024-09-23 19:00:00+00:00
27.3,82,1005.9,16.6,92,2024-09-23 20:00:00+00:00
27.1,83,1005.3,16.2,83,2024-09-23 21:00:00+00:00
27.0,83,1004.7,15.1,75,2024-09-23 22:00:00+00:00
26.9,83,1004.6,14.9,97,2024-09-23 23:00:00+00:00
26.8,84,1004.8,15.3,95,2024-09-24 00:00:00+00:00
27.0,84,1004.8,16.3,94,2024-09-24 01:00:00+00:00
27.3,82,1005.3,16.9,97,2024-09-24 02:00:00+00:00
28.6,75,1005.5,20.7,83,2024-09-24 03:00:00+00:00
30.0,67,1006.0,21.1,66,2024-09-24 04:00:00+00:00
31.0,63,1005.5,22.0,50,2024-09-24 05:00:00+00:00
31.5,62,1005.0,23.1,54,2024-09-24 06:00:00+00:00
32.0,60,1004.4,25.0,79,2024-09-24 07:00:00+00:00
32.0,60,1003.5,25.8,89,2024-09-24 08:00:00+00:00
31.7,62,1002.6,26.5,88,2024-09-24 09:00:00+00:00
31.1,64,1002.0,26.9,4,2024-09-24 10:00:00+00:00
30.6,66,1001.4,26.5,0,2024-09-24 11:00:00+00:00
29.8,69,1001.5,25.1,1,2024-09-24 12:00:00+00:00
29.4,70,1002.8,20.0,41,2024-09-24 13:00:00+00:00
28.7,74,1003.1,20.0,34,2024-09-24 14:00:00+00:00
28.6,75,1003.9,20.3,95,2024-09-24 15:00:00+00:00
28.3,76,1004.5,19.6,100,2024-09-24 16:00:00+00:00
28.3,76,1004.7,19.8,99,2024-09-24 17:00:00+00:00
28.1,78,1004.4,20.2,83,2024-09-24 18:00:00+00:00
27.8,80,1004.1,19.3,82,2024-09-24 19:00:00+00:00
27.4,82,1003.8,17.8,94,2024-09-24 20:00:00+00:00
27.1,84,1003.0,15.0,92,2024-09-24 21:00:00+00:00
27.0,85,1002.7,13.6,92,2024-09-24 22:00:00+00:00
26.8,86,1002.5,12.8,62,2024-09-24 23:00:00+00:00
26.5,87,1002.7,11.7,65,2024-09-25 00:00:00+00:00
26.6,89,1003.3,10.4,37,2024-09-25 01:00:00+00:00
27.1,87,1004.1,12.1,49,2024-09-25 02:00:00+00:00
28.4,78,1004.5,17.6,50,2024-09-25 03:00:00+00:00
29.7,71,1005.0,18.8,92,2024-09-25 04:00:00+00:00
30.8,66,1005.0,19.9,75,2024-09-25 05:00:00+00:00
31.4,62,1004.7,19.9,43,2024-09-25 06:00:00+00:00
32.4,57,1003.9,19.4,56,2024-09-25 07:00:00+00:00
32.2,60,1003.2,21.9,49,2024-09-25 08:00:00+00:00
31.7,62,1002.6,24.0,13,2024-09-25 09:00:00+00:00
31.3,64,1001.9,24.7,12,2024-09-25 10:00:00+00:00
30.6,67,1001.7,24.7,7,2024-09-25 11:00:00+00:00
29.8,70,1001.7,23.8,22,2024-09-25 12:00:00+00:00
29.1,71,1002.3,19.0,41,2024-09-25 13:00:00+00:00
28.5,74,1002.5,18.0,57,2024-09-25 14:00:00+00:00
28.2,77,1003.1,17.1,67,2024-09-25 15:00:00+00:00
28.0,78,1003.9,16.3,53,2024-09-25 16:00:00+00:00
27.7,79,1004.1,15.1,34,2024-09-25 17:00:00+00:00
27.6,80,1004.0,14.2,62,2024-09-25 18:00:00+00:00
27.6,80,1003.8,13.9,35,2024-09-25 19:00:00+00:00
27.2,83,1003.4,12.9,30,2024-09-25 20:00:00+00:00
26.9,84,1003.1,9.8,33,2024-09-25 21:00:00+00:00
26.8,85,1002.7,8.8,20,2024-09-25 22:00:00+00:00
26.6,86,1002.5,9.9,29,2024-09-25 23:00:00+00:00
26.7,86,1002.5,11.6,51,2024-09-26 00:00:00+00:00
26.8,86,1002.7,11.7,91,2024-09-26 01:00:00+00:00
27.4,83,1003.4,12.4,76,2024-09-26 02:00:00+00:00
28.8,75,1003.6,17.8,50,2024-09-26 03:00:00+00:00
30.2,67,1003.8,18.3,69,2024-09-26 04:00:00+00:00
31.3,63,1003.8,17.4,54,2024-09-26 05:00:00+00:00
32.2,59,1003.5,18.9,68,2024-09-26 06:00:00+00:00
32.8,57,1002.7,22.7,7,2024-09-26 07:00:00+00:00
32.8,57,1001.7,24.4,35,2024-09-26 08:00:00+00:00
32.5,59,1001.1,25.1,16,2024-09-26 09:00:00+00:00
31.9,61,1000.5,24.4,7,2024-09-26 10:00:00+00:00
31.1,65,1000.2,24.2,0,2024-09-26 11:00:00+00:00
30.2,69,1000.3,22.7,57,2024-09-26 12:00:00+00:00
29.0,75,1000.9,19.9,58,2024-09-26 13:00:00+00:00
28.2,80,1001.5,18.9,100,2024-09-26 14:00:00+00:00
28.0,80,1002.3,18.8,100,2024-09-26 15:00:00+00:00
28.0,81,1003.0,18.8,97,2024-09-26 16:00:00+00:00
27.8,82,1003.1,18.7,96,2024-09-26 17:00:00+00:00
27.6,83,1003.1,16.7,94,2024-09-26 18:00:00+00:00
27.5,83,1003.2,16.7,94,2024-09-26 19:00:00+00:00
27.6,82,1003.1,17.0,100,2024-09-26 20:00:00+00:00
27.5,83,1002.4,16.1,97,2024-09-26 21:00:00+00:00
27.2,84,1002.1,15.5,93,2024-09-26 22:00:00+00:00
27.1,85,1001.7,16.3,79,2024-09-26 23:00:00+00:00
26.8,87,1001.5,17.8,74,2024-09-27 00:00:00+00:00
26.9,88,1002.1,18.2,84,2024-09-27 01:00:00+00:00
27.2,87,1002.6,17.1,95,2024-09-27 02:00:00+00:00
28.5,78,1003.2,22.1,97,2024-09-27 03:00:00+00:00
30.0,70,1003.6,22.8,88,2024-09-27 04:00:00+00:00
31.1,64,1003.8,24.0,23,2024-09-27 05:00:00+00:00
32.0,60,1003.6,25.4,1,2024-09-27 06:00:00+00:00
32.4,60,1003.2,27.8,1,2024-09-27 07:00:00+00:00
32.4,61,1002.2,28.7,4,2024-09-27 08:00:00+00:00
32.3,61,1001.4,28.6,3,2024-09-27 09:00:00+00:00
31.8,63,1000.9,28.4,0,2024-09-27 10:00:00+00:00
31.0,67,1000.6,28.8,0,2024-09-27 11:00:00+00:00
30.2,70,1000.6,27.2,2,2024-09-27 12:00:00+00:00
29.2,75,1000.6,24.1,3,2024-09-27 13:00:00+00:00
28.4,80,1001.5,23.2,6,2024-09-27 14:00:00+00:00
28.3,81,1002.2,22.7,79,2024-09-27 15:00:00+00:00
28.0,82,1003.1,21.4,94,2024-09-27 16:00:00+00:00
27.8,84,1003.7,22.7,95,2024-09-27 17:00:00+00:00
27.8,82,1004.1,20.5,99,2024-09-27 18:00:00+00:00
27.8,81,1004.0,18.9,93,2024-09-27 19:00:00+00:00
27.4,85,1003.5,16.0,93,2024-09-27 20:00:00+00:00
27.2,86,1002.9,16.6,91,2024-09-27 21:00:00+00:00
27.0,86,1002.6,16.9,92,2024-09-27 22:00:00+00:00
26.9,86,1002.4,17.7,93,2024-09-27 23:00:00+00:00
26.9,86,1002.5,17.1,92,2024-09-28 00:00:00+00:00
27.1,85,1003.4,16.6,24,2024-09-28 01:00:00+00:00
27.3,84,1004.0,17.1,16,2024-09-28 02:00:00+00:00
28.6,76,1004.6,22.0,17,2024-09-28 03:00:00+00:00
29.9,69,1005.4,24.1,22,2024-09-28 04:00:00+00:00
31.1,62,1005.4,24.9,23,2024-09-28 05:00:00+00:00
32.5,56,1005.2,24.0,26,2024-09-28 06:00:00+00:00
32.8,56,1004.6,24.8,36,2024-09-28 07:00:00+00:00
32.8,57,1004.0,25.0,83,2024-09-28 08:00:00+00:00
32.5,58,1003.4,25.2,98,2024-09-28 09:00:00+00:00
31.9,61,1002.9,24.7,55,2024-09-28 10:00:00+00:00
31.2,63,1003.1,24.3,44,2024-09-28 11:00:00+00:00
30.4,66,1003.3,22.0,26,2024-09-28 12:00:00+00:00
29.6,73,1003.8,20.7,78,2024-09-28 13:00:00+00:00
28.6,78,1004.6,18.6,97,2024-09-28 14:00:00+00:00
28.4,79,1005.6,17.9,39,2024-09-28 15:00:00+00:00
28.2,81,1006.2,18.5,8,2024-09-28 16:00:00+00:00
27.8,84,1006.7,15.7,64,2024-09-28 17:00:00+00:00
27.5,84,1006.8,13.7,6,2024-09-28 18:00:00+00:00
27.4,84,1006.8,14.2,28,2024-09-28 19:00:00+00:00
27.2,85,1006.8,13.1,40,2024-09-28 20:00:00+00:00
27.1,86,1006.5,11.2,86,2024-09-28 21:00:00+00:00
26.8,87,1006.4,11.2,72,2024-09-28 22:00:00+00:00
26.7,88,1006.6,11.3,51,2024-09-28 23:00:00+00:00
26.6,88,1006.9,11.7,30,2024-09-29 00:00:00+00:00
26.7,86,1006.9,14.1,5,2024-09-29 01:00:00+00:00
27.0,84,1007.7,13.0,7,2024-09-29 02:00:00+00:00
28.3,76,1008.5,17.1,21,2024-09-29 03:00:00+00:00
29.5,70,1009.1,18.9,32,2024-09-29 04:00:00+00:00
30.7,63,1009.0,20.5,74,2024-09-29 05:00:00+00:00
31.5,60,1008.7,20.7,68,2024-09-29 06:00:00+00:00
32.3,55,1008.1,20.8,100,2024-09-29 07:00:00+00:00
32.6,54,1007.3,22.9,93,2024-09-29 08:00:00+00:00
31.3,61,1006.9,23.4,4,2024-09-29 09:00:00+00:00
31.1,63,1006.5,23.7,4,2024-09-29 10:00:00+00:00
30.5,67,1006.3,22.9,6,2024-09-29 11:00:00+00:00
29.8,69,1006.6,21.0,6,2024-09-29 12:00:00+00:00
28.3,74,1007.7,19.2,6,2024-09-29 13:00:00+00:00
28.0,76,1008.2,17.2,2,2024-09-29 14:00:00+00:00
27.9,76,1008.9,14.7,1,2024-09-29 15:00:00+00:00
27.8,76,1009.6,13.8,0,2024-09-29 16:00:00+00:00
27.6,78,1010.0,12.3,0,2024-09-29 17:00:00+00:00
27.4,80,1009.8,11.8,1,2024-09-29 18:00:00+00:00
27.2,82,1009.5,12.1,7,2024-09-29 19:00:00+00:00
27.0,83,1009.1,10.7,73,2024-09-29 20:00:00+00:00
26.7,85,1008.7,10.4,75,2024-09-29 21:00:00+00:00
26.5,86,1008.8,11.4,60,2024-09-29 22:00:00+00:00
26.5,86,1008.9,13.4,11,2024-09-29 23:00:00+00:00
26.3,88,1009.3,14.4,10,2024-09-30 00:00:00+00:00
26.8,86,1009.5,13.2,9,2024-09-30 01:00:00+00:00
27.0,85,1010.0,14.2,5,2024-09-30 02:00:00+00:00
28.4,77,1010.4,19.7,21,2024-09-30 03:00:00+00:00
29.7,70,1010.9,20.3,25,2024-09-30 04:00:00+00:00
30.8,64,1011.1,21.6,20,2024-09-30 05:00:00+00:00
31.6,61,1010.9,23.1,6,2024-09-30 06:00:00+00:00
32.1,59,1010.4,24.1,0,2024-09-30 07:00:00+00:00
32.2,59,1009.5,25.7,0,2024-09-30 08:00:00+00:00
32.0,60,1008.3,25.4,0,2024-09-30 09:00:00+00:00
31.7,60,1007.5,25.5,0,2024-09-30 10:00:00+00:00
31.1,63,1007.2,25.2,0,2024-09-30 11:00:00+00:00
29.9,70,1007.4,24.6,0,2024-09-30 12:00:00+00:00
28.8,74,1008.0,21.4,0,2024-09-30 13:00:00+00:00
28.2,78,1008.4,19.0,0,2024-09-30 14:00:00+00:00
27.9,80,1008.9,17.2,0,2024-09-30 15:00:00+00:00
27.7,81,1009.5,16.4,0,2024-09-30 16:00:00+00:00
27.4,84,1009.7,15.0,7,2024-09-30 17:00:00+00:00
27.2,86,1009.3,14.2,21,2024-09-30 18:00:00+00:00
27.1,87,1008.8,13.8,16,2024-09-30 19:00:00+00:00
26.7,89,1008.3,13.4,21,2024-09-30 20:00:00+00:00
26.6,90,1007.9,13.5,31,2024-09-30 21:00:00+00:00
26.6,89,1007.6,14.1,30,2024-09-30 22:00:00+00:00
26.5,89,1007.6,14.6,23,2024-09-30 23:00:00+00:00
26.4,90,1007.5,15.7,13,2024-10-01 00:00:00+00:00
27.0,86,1007.9,15.5,30,2024-10-01 01:00:00+00:00
27.2,86,1008.3,15.2,10,2024-10-01 02:00:00+00:00
28.5,77,1008.9,20.6,22,2024-10-01 03:00:00+00:00
29.9,70,1009.4,22.3,17,2024-10-01 04:00:00+00:00
31.0,64,1009.2,24.1,17,2024-10-01 05:00:00+00:00
31.9,60,1008.6,25.0,1,2024-10-01 06:00:00+00:00
32.6,56,1007.8,26.0,0,2024-10-01 07:00:00+00:00
32.8,56,1006.5,26.7,0,2024-10-01 08:00:00+00:00
32.7,57,1005.7,27.0,0,2024-10-01 09:00:00+00:00
32.2,60,1004.9,27.2,0,2024-10-01 10:00:00+00:00
31.3,64,1004.7,26.9,0,2024-10-01 11:00:00+00:00
30.1,71,1004.7,25.0,0,2024-10-01 12:00:00+00:00
28.7,79,1005.5,21.0,0,2024-10-01 13:00:00+00:00
28.1,83,1006.0,18.0,0,2024-10-01 14:00:00+00:00
28.0,85,1006.6,16.6,0,2024-10-01 15:00:00+00:00
27.8,86,1007.4,14.5,1,2024-10-01 16:00:00+00:00
27.5,88,1007.6,12.5,10,2024-10-01 17:00:00+00:00
27.2,90,1007.7,13.6,6,2024-10-01 18:00:00+00:00
27.0,91,1007.8,13.6,17,2024-10-01 19:00:00+00:00
26.9,92,1007.5,14.4,31,2024-10-01 20:00:00+00:00
26.9,92,1007.0,15.7,16,2024-10-01 21:00:00+00:00
26.8,92,1006.9,16.7,29,2024-10-01 22:00:00+00:00
26.7,91,1007.0,17.1,20,2024-10-01 23:00:00+00:00
26.5,92,1007.1,16.8,33,2024-10-02 00:00:00+00:00
26.9,89,1007.6,16.0,4,2024-10-02 01:00:00+00:00
26.9,89,1008.0,15.5,24,2024-10-02 02:00:00+00:00
28.5,78,1008.4,21.7,35,2024-10-02 03:00:00+00:00
29.9,70,1008.8,23.5,14,2024-10-02 04:00:00+00:00
31.1,65,1008.6,24.5,15,2024-10-02 05:00:00+00:00
32.0,61,1008.3,25.2,1,2024-10-02 06:00:00+00:00
32.4,60,1007.7,27.3,0,2024-10-02 07:00:00+00:00
32.4,61,1006.6,28.3,0,2024-10-02 08:00:00+00:00
32.1,62,1005.7,28.4,0,2024-10-02 09:00:00+00:00
31.6,65,1005.2,28.2,0,2024-10-02 10:00:00+00:00
30.8,69,1004.9,27.4,0,2024-10-02 11:00:00+00:00
30.0,73,1005.0,25.8,0,2024-10-02 12:00:00+00:00
29.0,77,1005.6,21.6,0,2024-10-02 13:00:00+00:00
28.4,81,1006.0,18.5,0,2024-10-02 14:00:00+00:00
28.1,82,1006.4,18.8,0,2024-10-02 15:00:00+00:00
27.8,86,1006.9,18.0,0,2024-10-02 16:00:00+00:00
27.5,88,1007.5,14.1,5,2024-10-02 17:00:00+00:00
27.4,89,1007.6,16.5,14,2024-10-02 18:00:00+00:00
27.2,90,1007.6,18.5,27,2024-10-02 19:00:00+00:00
27.1,91,1007.3,19.7,34,2024-10-02 20:00:00+00:00
27.0,91,1006.8,20.9,4,2024-10-02 21:00:00+00:00
26.8,91,1006.8,19.7,24,2024-10-02 22:00:00+00:00
26.9,90,1006.8,19.4,19,2024-10-02 23:00:00+00:00
26.7,91,1006.9,18.2,3,2024-10-03 00:00:00+00:00
26.9,87,1007.0,18.5,15,2024-10-03 01:00:00+00:00
27.2,85,1007.4,18.2,17,2024-10-03 02:00:00+00:00
28.6,75,1007.9,25.6,26,2024-10-03 03:00:00+00:00
30.0,67,1008.3,26.8,52,2024-10-03 04:00:00+00:00
30.9,64,1007.9,26.8,27,2024-10-03 05:00:00+00:00
31.6,63,1007.2,28.5,16,2024-10-03 06:00:00+00:00
32.0,63,1006.3,30.1,16,2024-10-03 07:00:00+00:00
32.0,63,1005.2,30.6,20,2024-10-03 08:00:00+00:00
31.9,63,1004.1,30.6,2,2024-10-03 09:00:00+00:00
31.5,65,1003.4,30.2,1,2024-10-03 10:00:00+00:00
30.8,69,1003.1,28.6,0,2024-10-03 11:00:00+00:00
29.6,75,1003.2,26.5,2,2024-10-03 12:00:00+00:00
28.6,78,1003.9,22.5,0,2024-10-03 13:00:00+00:00
27.9,83,1004.3,22.4,1,2024-10-03 14:00:00+00:00
27.6,85,1004.7,24.5,2,2024-10-03 15:00:00+00:00
27.5,86,1005.7,22.0,10,2024-10-03 16:00:00+00:00
27.3,88,1005.8,20.5,8,2024-10-03 17:00:00+00:00
27.2,88,1005.8,21.2,9,2024-10-03 18:00:00+00:00
27.1,89,1005.5,21.4,7,2024-10-03 19:00:00+00:00
27.0,90,1005.2,20.3,20,2024-10-03 20:00:00+00:00
26.9,90,1004.6,21.4,22,2024-10-03 21:00:00+00:00
26.8,91,1004.4,21.4,26,2024-10-03 22:00:00+00:00
26.9,91,1004.5,20.4,28,2024-10-03 23:00:00+00:00
26.8,91,1004.7,20.8,34,2024-10-04 00:00:00+00:00
27.3,87,1004.9,22.5,37,2024-10-04 01:00:00+00:00
27.5,87,1005.3,21.5,19,2024-10-04 02:00:00+00:00
28.6,80,1005.9,26.9,35,2024-10-04 03:00:00+00:00
30.0,69,1006.4,28.1,100,2024-10-04 04:00:00+00:00
30.7,66,1006.4,27.9,99,2024-10-04 05:00:00+00:00
31.2,63,1006.3,28.0,100,2024-10-04 06:00:00+00:00
31.9,61,1005.5,29.4,77,2024-10-04 07:00:00+00:00
32.0,61,1004.6,30.1,39,2024-10-04 08:00:00+00:00
31.5,66,1004.0,30.6,25,2024-10-04 09:00:00+00:00
31.1,69,1003.3,31.0,4,2024-10-04 10:00:00+00:00
30.5,72,1003.1,30.5,5,2024-10-04 11:00:00+00:00
29.5,76,1003.1,28.3,3,2024-10-04 12:00:00+00:00
28.2,81,1004.1,24.3,0,2024-10-04 13:00:00+00:00
27.9,83,1004.5,22.8,1,2024-10-04 14:00:00+00:00
27.6,85,1004.7,23.8,1,2024-10-04 15:00:00+00:00
27.4,87,1005.8,18.2,0,2024-10-04 16:00:00+00:00
27.2,88,1006.2,16.0,0,2024-10-04 17:00:00+00:00
27.0,90,1006.3,15.5,5,2024-10-04 18:00:00+00:00
26.8,92,1006.3,15.9,16,2024-10-04 19:00:00+00:00
26.7,93,1006.1,14.4,35,2024-10-04 20:00:00+00:00
26.6,93,1005.7,15.6,33,2024-10-04 21:00:00+00:00
26.5,93,1005.6,17.2,6,2024-10-04 22:00:00+00:00
26.3,94,1005.6,18.5,17,2024-10-04 23:00:00+00:00
26.4,93,1005.8,19.3,8,2024-10-05 00:00:00+00:00
26.9,90,1005.7,21.3,9,2024-10-05 01:00:00+00:00
27.0,89,1006.3,21.7,17,2024-10-05 02:00:00+00:00
28.5,78,1006.8,25.3,36,2024-10-05 03:00:00+00:00
29.8,69,1007.4,26.3,15,2024-10-05 04:00:00+00:00
31.0,61,1007.4,25.2,64,2024-10-05 05:00:00+00:00
32.1,55,1007.1,24.9,66,2024-10-05 06:00:00+00:00
32.3,55,1006.5,25.7,91,2024-10-05 07:00:00+00:00
31.9,60,1005.6,25.6,91,2024-10-05 08:00:00+00:00
31.9,58,1005.1,25.0,92,2024-10-05 09:00:00+00:00
30.9,65,1004.7,25.1,62,2024-10-05 10:00:00+00:00
30.4,68,1004.8,25.9,17,2024-10-05 11:00:00+00:00
29.4,74,1005.2,23.9,6,2024-10-05 12:00:00+00:00
28.9,77,1006.0,18.4,65,2024-10-05 13:00:00+00:00
28.2,82,1006.5,17.6,15,2024-10-05 14:00:00+00:00
28.0,83,1007.0,19.5,13,2024-10-05 15:00:00+00:00
27.6,86,1007.7,16.8,25,2024-10-05 16:00:00+00:00
27.3,87,1008.0,14.6,24,2024-10-05 17:00:00+00:00
27.2,88,1008.1,14.1,13,2024-10-05 18:00:00+00:00
26.9,89,1008.6,10.0,26,2024-10-05 19:00:00+00:00
26.8,90,1008.5,9.8,21,2024-10-05 20:00:00+00:00
26.6,91,1008.0,11.1,19,2024-10-05 21:00:00+00:00
26.4,92,1007.8,11.0,16,2024-10-05 22:00:00+00:00
26.2,93,1007.7,13.5,12,2024-10-05 23:00:00+00:00
26.0,94,1008.1,9.1,11,2024-10-06 00:00:00+00:00
26.5,90,1008.4,9.6,19,2024-10-06 01:00:00+00:00
26.7,89,1009.0,8.2,23,2024-10-06 02:00:00+00:00
28.1,78,1009.6,10.8,29,2024-10-06 03:00:00+00:00
29.2,72,1010.2,11.8,33,2024-10-06 04:00:00+00:00
30.4,65,1010.3,12.8,23,2024-10-06 05:00:00+00:00
31.6,59,1010.0,12.2,50,2024-10-06 06:00:00+00:00
32.1,58,1009.4,15.7,62,2024-10-06 07:00:00+00:00
31.5,65,1008.8,22.8,14,2024-10-06 08:00:00+00:00
31.2,64,1008.5,21.9,19,2024-10-06 09:00:00+00:00
30.6,65,1008.1,20.1,8,2024-10-06 10:00:00+00:00
30.1,67,1008.1,20.5,0,2024-10-06 11:00:00+00:00
29.4,71,1008.4,20.2,0,2024-10-06 12:00:00+00:00
28.4,74,1009.0,19.0,0,2024-10-06 13:00:00+00:00
28.0,77,1009.4,16.9,1,2024-10-06 14:00:00+00:00
27.7,79,1010.4,13.2,10,2024-10-06 15:00:00+00:00
27.5,80,1011.0,9.5,12,2024-10-06 16:00:00+00:00
27.3,81,1011.6,9.0,1,2024-10-06 17:00:00+00:00
27.0,84,1011.5,8.3,0,2024-10-06 18:00:00+00:00
26.6,87,1011.6,6.1,3,2024-10-06 19:00:00+00:00
26.0,91,1011.3,4.8,2,2024-10-06 20:00:00+00:00
25.6,93,1011.2,7.1,1,2024-10-06 21:00:00+00:00
25.4,94,1011.1,8.4,1,2024-10-06 22:00:00+00:00
25.1,96,1011.0,9.9,0,2024-10-06 23:00:00+00:00
24.9,96,1011.0,10.0,0,2024-10-07 00:00:00+00:00
25.4,94,1011.9,8.0,0,2024-10-07 01:00:00+00:00
25.6,92,1012.5,7.7,0,2024-10-07 02:00:00+00:00
27.2,81,1013.0,7.8,0,2024-10-07 03:00:00+00:00
29.8,66,1013.3,8.1,0,2024-10-07 04:00:00+00:00
31.7,53,1013.3,3.8,0,2024-10-07 05:00:00+00:00
33.0,44,1012.9,4.7,0,2024-10-07 06:00:00+00:00
33.5,42,1012.0,10.7,0,2024-10-07 07:00:00+00:00
34.0,41,1011.2,15.6,0,2024-10-07 08:00:00+00:00
34.1,38,1010.5,19.2,0,2024-10-07 09:00:00+00:00
33.8,37,1009.8,19.6,5,2024-10-07 10:00:00+00:00
33.5,37,1009.5,18.0,4,2024-10-07 11:00:00+00:00
32.7,40,1009.8,18.0,3,2024-10-07 12:00:00+00:00
30.3,54,1010.5,18.8,1,2024-10-07 13:00:00+00:00
29.2,66,1011.1,16.9,1,2024-10-07 14:00:00+00:00
28.7,65,1011.7,14.9,0,2024-10-07 15:00:00+00:00
28.1,72,1011.9,13.7,0,2024-10-07 16:00:00+00:00
27.8,72,1012.1,11.2,0,2024-10-07 17:00:00+00:00
27.2,73,1012.4,12.4,0,2024-10-07 18:00:00+00:00
26.7,76,1012.1,12.1,0,2024-10-07 19:00:00+00:00
26.3,79,1011.7,13.1,0,2024-10-07 20:00:00+00:00
25.7,83,1011.0,14.0,0,2024-10-07 21:00:00+00:00
25.4,83,1010.7,14.5,0,2024-10-07 22:00:00+00:00
25.0,81,1010.7,12.9,0,2024-10-07 23:00:00+00:00
24.8,80,1011.0,11.5,0,2024-10-08 00:00:00+00:00
25.1,79,1011.9,11.8,0,2024-10-08 01:00:00+00:00
25.6,72,1012.4,11.4,3,2024-10-08 02:00:00+00:00
28.0,58,1012.9,9.5,3,2024-10-08 03:00:00+00:00
31.5,41,1013.4,12.0,1,2024-10-08 04:00:00+00:00
34.8,27,1013.1,14.6,0,2024-10-08 05:00:00+00:00
36.5,23,1012.2,9.8,0,2024-10-08 06:00:00+00:00
37.0,23,1011.4,8.3,5,2024-10-08 07:00:00+00:00
37.6,23,1010.1,11.7,41,2024-10-08 08:00:00+00:00
37.5,23,1008.9,14.9,35,2024-10-08 09:00:00+00:00
37.5,23,1008.4,17.3,20,2024-10-08 10:00:00+00:00
36.8,24,1008.2,21.8,3,2024-10-08 11:00:00+00:00
35.7,26,1008.5,20.6,2,2024-10-08 12:00:00+00:00
34.3,30,1009.4,20.3,6,2024-10-08 13:00:00+00:00
32.9,35,1009.7,14.9,2,2024-10-08 14:00:00+00:00
32.2,38,1010.0,15.8,5,2024-10-08 15:00:00+00:00
31.2,43,1010.5,14.5,5,2024-10-08 16:00:00+00:00
30.4,48,1010.3,13.7,0,2024-10-08 17:00:00+00:00
29.8,51,1010.3,13.0,1,2024-10-08 18:00:00+00:00
28.9,59,1010.5,16.4,5,2024-10-08 19:00:00+00:00
28.5,59,1009.8,11.9,1,2024-10-08 20:00:00+00:00
27.9,58,1009.5,7.7,0,2024-10-08 21:00:00+00:00
27.4,58,1009.1,8.1,0,2024-10-08 22:00:00+00:00
27.3,61,1009.2,13.8,0,2024-10-08 23:00:00+00:00
26.9,65,1009.1,11.3,0,2024-10-09 00:00:00+00:00
26.8,71,1010.1,10.3,0,2024-10-09 01:00:00+00:00
27.0,72,1010.4,10.0,0,2024-10-09 02:00:00+00:00
29.1,64,1010.9,9.6,0,2024-10-09 03:00:00+00:00
31.8,51,1011.4,12.3,0,2024-10-09 04:00:00+00:00
34.3,38,1011.2,14.0,0,2024-10-09 05:00:00+00:00
36.0,31,1010.6,12.9,0,2024-10-09 06:00:00+00:00
36.9,27,1009.4,11.5,1,2024-10-09 07:00:00+00:00
37.5,25,1008.2,13.5,9,2024-10-09 08:00:00+00:00
38.0,23,1007.2,17.6,14,2024-10-09 09:00:00+00:00
37.9,23,1006.5,21.8,38,2024-10-09 10:00:00+00:00
37.2,23,1006.0,25.1,30,2024-10-09 11:00:00+00:00
36.1,25,1006.0,26.9,19,2024-10-09 12:00:00+00:00
33.2,40,1007.0,21.8,17,2024-10-09 13:00:00+00:00
31.3,52,1007.3,15.9,13,2024-10-09 14:00:00+00:00
30.5,58,1008.0,13.8,8,2024-10-09 15:00:00+00:00
29.7,65,1008.6,13.5,5,2024-10-09 16:00:00+00:00
29.2,66,1009.0,10.8,6,2024-10-09 17:00:00+00:00
28.5,68,1009.0,4.8,4,2024-10-09 18:00:00+00:00
27.9,71,1008.7,6.7,4,2024-10-09 19:00:00+00:00
27.4,75,1008.1,9.4,4,2024-10-09 20:00:00+00:00
27.0,80,1007.8,9.8,4,2024-10-09 21:00:00+00:00
26.6,84,1007.4,11.4,2,2024-10-09 22:00:00+00:00
26.3,85,1007.4,9.7,0,2024-10-09 23:00:00+00:00
25.8,82,1007.5,8.5,0,2024-10-10 00:00:00+00:00
26.0,86,1008.2,8.9,0,2024-10-10 01:00:00+00:00
26.0,84,1008.6,8.2,0,2024-10-10 02:00:00+00:00
28.1,75,1009.0,9.0,0,2024-10-10 03:00:00+00:00
30.7,64,1009.1,13.8,0,2024-10-10 04:00:00+00:00
33.7,45,1009.3,13.6,0,2024-10-10 05:00:00+00:00
35.7,32,1008.6,8.8,0,2024-10-10 06:00:00+00:00
36.5,28,1007.8,8.4,2,2024-10-10 07:00:00+00:00
37.0,26,1006.7,11.3,27,2024-10-10 08:00:00+00:00
37.0,26,1005.7,13.9,30,2024-10-10 09:00:00+00:00
36.6,28,1005.2,20.5,28,2024-10-10 10:00:00+00:00
35.8,29,1005.3,24.0,25,2024-10-10 11:00:00+00:00
34.3,32,1005.9,20.2,20,2024-10-10 12:00:00+00:00
33.2,37,1006.5,15.3,1,2024-10-10 13:00:00+00:00
31.3,51,1006.8,14.9,0,2024-10-10 14:00:00+00:00
30.8,56,1007.2,11.5,1,2024-10-10 15:00:00+00:00
30.7,51,1007.8,10.5,1,2024-10-10 16:00:00+00:00
29.9,53,1007.9,8.7,0,2024-10-10 17:00:00+00:00
29.3,54,1007.7,10.5,0,2024-10-10 18:00:00+00:00
28.6,55,1007.3,10.8,0,2024-10-10 19:00:00+00:00
27.9,56,1007.0,10.8,0,2024-10-10 20:00:00+00:00
27.5,58,1007.1,13.1,0,2024-10-10 21:00:00+00:00
27.4,57,1006.9,15.6,0,2024-10-10 22:00:00+00:00
27.6,50,1006.8,14.4,0,2024-10-10 23:00:00+00:00
27.3,46,1006.8,12.6,0,2024-10-11 00:00:00+00:00
26.5,58,1007.8,9.1,0,2024-10-11 01:00:00+00:00
27.1,54,1008.0,10.2,0,2024-10-11 02:00:00+00:00
29.9,43,1008.7,10.9,0,2024-10-11 03:00:00+00:00
33.3,33,1009.2,11.8,0,2024-10-11 04:00:00+00:00
36.0,24,1009.2,12.7,0,2024-10-11 05:00:00+00:00
37.3,21,1008.6,10.8,0,2024-10-11 06:00:00+00:00
37.5,19,1007.4,4.8,16,2024-10-11 07:00:00+00:00
37.1,24,1006.6,8.7,6,2024-10-11 08:00:00+00:00
37.0,28,1005.8,17.5,69,2024-10-11 09:00:00+00:00
37.3,24,1005.0,21.4,26,2024-10-11 10:00:00+00:00
37.5,22,1004.6,24.4,40,2024-10-11 11:00:00+00:00
36.3,22,1004.8,27.0,5,2024-10-11 12:00:00+00:00
32.7,48,1006.2,15.0,2,2024-10-11 13:00:00+00:00
31.9,51,1006.6,8.5,1,2024-10-11 14:00:00+00:00
30.3,69,1007.5,12.8,1,2024-10-11 15:00:00+00:00
29.4,74,1007.9,9.1,0,2024-10-11 16:00:00+00:00
28.8,80,1008.2,5.0,0,2024-10-11 17:00:00+00:00
28.2,86,1008.3,3.9,0,2024-10-11 18:00:00+00:00
27.7,86,1007.9,8.4,0,2024-10-11 19:00:00+00:00
27.2,84,1007.4,9.3,0,2024-10-11 20:00:00+00:00
26.9,75,1007.0,11.6,0,2024-10-11 21:00:00+00:00
26.3,70,1006.7,8.2,0,2024-10-11 22:00:00+00:00
26.0,72,1007.1,3.8,0,2024-10-11 23:00:00+00:00
25.2,71,1007.3,6.4,29,2024-10-12 00:00:00+00:00
25.6,83,1007.6,4.4,99,2024-10-12 01:00:00+00:00
26.2,79,1008.2,2.3,100,2024-10-12 02:00:00+00:00
28.0,67,1008.6,3.5,98,2024-10-12 03:00:00+00:00
31.0,49,1009.1,5.4,99,2024-10-12 04:00:00+00:00
33.9,35,1009.2,6.3,19,2024-10-12 05:00:00+00:00
35.7,27,1008.7,4.6,6,2024-10-12 06:00:00+00:00
36.1,26,1007.9,9.0,4,2024-10-12 07:00:00+00:00
36.0,32,1006.9,16.9,23,2024-10-12 08:00:00+00:00
35.4,36,1006.1,23.1,16,2024-10-12 09:00:00+00:00
35.5,30,1005.5,25.6,15,2024-10-12 10:00:00+00:00
35.4,27,1005.4,22.4,2,2024-10-12 11:00:00+00:00
34.7,32,1005.5,16.4,1,2024-10-12 12:00:00+00:00
32.0,51,1006.2,14.9,0,2024-10-12 13:00:00+00:00
30.6,66,1006.6,13.4,4,2024-10-12 14:00:00+00:00
30.1,69,1007.3,8.1,51,2024-10-12 15:00:00+00:00
29.7,77,1007.7,8.2,20,2024-10-12 16:00:00+00:00
29.3,78,1008.2,7.6,0,2024-10-12 17:00:00+00:00
28.7,81,1008.5,3.6,6,2024-10-12 18:00:00+00:00
28.5,84,1008.3,7.5,34,2024-10-12 19:00:00+00:00
28.3,85,1008.1,7.7,95,2024-10-12 20:00:00+00:00
28.3,85,1007.7,4.6,100,2024-10-12 21:00:00+00:00
27.4,90,1007.8,3.5,95,2024-10-12 22:00:00+00:00
26.9,92,1007.9,6.6,53,2024-10-12 23:00:00+00:00
26.2,93,1008.2,7.0,47,2024-10-13 00:00:00+00:00
26.5,92,1008.8,7.7,87,2024-10-13 01:00:00+00:00
26.4,92,1009.4,7.0,82,2024-10-13 02:00:00+00:00
28.3,81,1009.9,6.2,100,2024-10-13 03:00:00+00:00
30.0,66,1010.4,3.1,100,2024-10-13 04:00:00+00:00
30.6,59,1010.3,1.0,100,2024-10-13 05:00:00+00:00
31.6,54,1009.7,2.2,100,2024-10-13 06:00:00+00:00
33.1,47,1009.0,4.3,100,2024-10-13 07:00:00+00:00
33.6,45,1008.2,8.0,100,2024-10-13 08:00:00+00:00
33.3,49,1007.6,15.6,91,2024-10-13 09:00:00+00:00
33.4,48,1007.0,16.9,49,2024-10-13 10:00:00+00:00
33.1,47,1006.6,18.2,84,2024-10-13 11:00:00+00:00
31.8,51,1006.6,20.3,100,2024-10-13 12:00:00+00:00
31.6,53,1006.5,15.8,100,2024-10-13 13:00:00+00:00
30.9,62,1007.4,12.8,100,2024-10-13 14:00:00+00:00
30.2,69,1007.9,13.8,100,2024-10-13 15:00:00+00:00
29.6,73,1008.7,12.4,100,2024-10-13 16:00:00+00:00
29.5,74,1008.8,9.0,100,2024-10-13 17:00:00+00:00
29.3,75,1008.9,6.2,100,2024-10-13 18:00:00+00:00
29.2,75,1008.8,3.6,100,2024-10-13 19:00:00+00:00
29.1,75,1008.5,3.1,100,2024-10-13 20:00:00+00:00
29.1,74,1008.4,3.4,100,2024-10-13 21:00:00+00:00
29.1,73,1008.4,6.2,100,2024-10-13 22:00:00+00:00
28.9,74,1008.5,8.3,100,2024-10-13 23:00:00+00:00
28.7,77,1008.5,9.6,100,2024-10-14 00:00:00+00:00
28.3,77,1009.2,6.7,100,2024-10-14 01:00:00+00:00
28.3,76,1010.1,3.5,100,2024-10-14 02:00:00+00:00
28.6,73,1010.4,3.4,100,2024-10-14 03:00:00+00:00
29.6,65,1011.0,7.2,100,2024-10-14 04:00:00+00:00
30.5,57,1011.5,6.9,99,2024-10-14 05:00:00+00:00
31.9,51,1011.0,8.0,98,2024-10-14 06:00:00+00:00
32.7,48,1010.0,10.0,94,2024-10-14 07:00:00+00:00
34.1,42,1008.7,13.7,100,2024-10-14 08:00:00+00:00
34.4,36,1007.9,12.4,100,2024-10-14 09:00:00+00:00
33.3,41,1007.5,9.0,100,2024-10-14 10:00:00+00:00
31.2,65,1007.8,12.2,100,2024-10-14 11:00:00+00:00
30.4,68,1007.9,12.8,100,2024-10-14 12:00:00+00:00
32.0,55,1008.2,2.9,100,2024-10-14 13:00:00+00:00
31.5,59,1009.0,0.6,99,2024-10-14 14:00:00+00:00
32.1,46,1009.5,10.3,99,2024-10-14 15:00:00+00:00
31.6,46,1010.3,12.3,100,2024-10-14 16:00:00+00:00
31.3,48,1010.6,14.7,99,2024-10-14 17:00:00+00:00
29.4,73,1010.7,11.2,64,2024-10-14 18:00:00+00:00
28.6,84,1010.9,18.2,97,2024-10-14 19:00:00+00:00
28.0,84,1009.9,15.9,100,2024-10-14 20:00:00+00:00
27.6,83,1009.3,7.5,83,2024-10-14 21:00:00+00:00
27.2,84,1009.1,3.6,72,2024-10-14 22:00:00+00:00
27.0,84,1008.7,2.7,97,2024-10-14 23:00:00+00:00
26.9,83,1009.3,6.3,99,2024-10-15 00:00:00+00:00
28.4,66,1009.5,11.4,84,2024-10-15 01:00:00+00:00
28.2,63,1009.7,12.8,44,2024-10-15 02:00:00+00:00
29.7,55,1010.2,8.8,53,2024-10-15 03:00:00+00:00
32.4,42,1010.8,13.0,10,2024-10-15 04:00:00+00:00
34.7,31,1011.0,13.5,3,2024-10-15 05:00:00+00:00
36.0,26,1010.5,12.6,6,2024-10-15 06:00:00+00:00
36.4,26,1009.8,12.6,3,2024-10-15 07:00:00+00:00
36.3,28,1008.9,13.4,6,2024-10-15 08:00:00+00:00
36.0,32,1008.1,19.4,26,2024-10-15 09:00:00+00:00
35.3,35,1007.8,22.4,1,2024-10-15 10:00:00+00:00
33.6,44,1007.5,28.8,10,2024-10-15 11:00:00+00:00
32.8,46,1008.0,23.2,31,2024-10-15 12:00:00+00:00
31.5,49,1008.4,18.9,3,2024-10-15 13:00:00+00:00
31.2,54,1008.9,14.7,3,2024-10-15 14:00:00+00:00
30.7,53,1009.6,11.4,87,2024-10-15 15:00:00+00:00
30.2,57,1010.0,8.8,98,2024-10-15 16:00:00+00:00
29.6,65,1010.2,8.0,94,2024-10-15 17:00:00+00:00
28.9,74,1009.9,10.9,86,2024-10-15 18:00:00+00:00
28.5,80,1009.6,11.5,82,2024-10-15 19:00:00+00:00
28.1,81,1009.1,9.8,22,2024-10-15 20:00:00+00:00
27.8,83,1008.6,9.9,24,2024-10-15 21:00:00+00:00
27.5,84,1008.3,9.8,71,2024-10-15 22:00:00+00:00
27.2,87,1008.3,8.6,100,2024-10-15 23:00:00+00:00
27.0,89,1008.5,8.2,99,2024-10-16 00:00:00+00:00
26.7,89,1008.6,8.4,49,2024-10-16 01:00:00+00:00
27.0,85,1009.2,7.7,34,2024-10-16 02:00:00+00:00
28.7,75,1009.6,6.9,72,2024-10-16 03:00:00+00:00
31.3,58,1010.0,8.5,0,2024-10-16 04:00:00+00:00
33.6,43,1010.2,11.0,0,2024-10-16 05:00:00+00:00
35.1,34,1009.5,15.0,0,2024-10-16 06:00:00+00:00
35.9,31,1008.5,17.5,0,2024-10-16 07:00:00+00:00
36.1,32,1007.5,20.5,0,2024-10-16 08:00:00+00:00
36.0,32,1006.7,23.9,0,2024-10-16 09:00:00+00:00
36.0,29,1006.4,24.2,2,2024-10-16 10:00:00+00:00
35.2,32,1006.2,25.2,1,2024-10-16 11:00:00+00:00
34.5,30,1006.2,24.4,0,2024-10-16 12:00:00+00:00
30.8,70,1006.9,18.6,3,2024-10-16 13:00:00+00:00
30.0,73,1007.4,15.9,9,2024-10-16 14:00:00+00:00
29.4,79,1008.0,14.9,12,2024-10-16 15:00:00+00:00
29.1,83,1008.6,15.8,0,2024-10-16 16:00:00+00:00
28.8,84,1008.9,14.4,1,2024-10-16 17:00:00+00:00
28.5,84,1009.0,12.7,5,2024-10-16 18:00:00+00:00
28.1,86,1008.4,12.5,38,2024-10-16 19:00:00+00:00
27.6,90,1008.0,11.6,2,2024-10-16 20:00:00+00:00
27.3,90,1007.2,11.1,10,2024-10-16 21:00:00+00:00
27.4,87,1006.8,13.5,98,2024-10-16 22:00:00+00:00
27.8,84,1006.8,11.7,94,2024-10-16 23:00:00+00:00
27.7,85,1006.8,11.4,36,2024-10-17 00:00:00+00:00
27.5,88,1007.5,14.9,0,2024-10-17 01:00:00+00:00
27.7,86,1007.9,14.5,0,2024-10-17 02:00:00+00:00
29.4,77,1008.3,14.2,76,2024-10-17 03:00:00+00:00
31.1,66,1008.7,16.6,83,2024-10-17 04:00:00+00:00
32.3,56,1008.7,15.1,1,2024-10-17 05:00:00+00:00
34.2,47,1008.2,17.1,0,2024-10-17 06:00:00+00:00
34.5,47,1007.4,17.4,2,2024-10-17 07:00:00+00:00
34.0,54,1006.6,21.9,4,2024-10-17 08:00:00+00:00
33.6,54,1005.9,23.0,5,2024-10-17 09:00:00+00:00
33.1,55,1005.7,22.9,0,2024-10-17 10:00:00+00:00
32.6,55,1005.5,23.0,1,2024-10-17 11:00:00+00:00
31.5,59,1005.9,20.8,5,2024-10-17 12:00:00+00:00
29.4,77,1006.4,19.5,35,2024-10-17 13:00:00+00:00
29.0,81,1006.6,16.4,96,2024-10-17 14:00:00+00:00
28.8,82,1007.5,14.8,100,2024-10-17 15:00:00+00:00
28.5,86,1008.2,11.0,22,2024-10-17 16:00:00+00:00
28.1,88,1008.6,6.3,0,2024-10-17 17:00:00+00:00
27.5,91,1008.5,5.9,0,2024-10-17 18:00:00+00:00
27.0,93,1008.2,6.9,1,2024-10-17 19:00:00+00:00
26.4,95,1007.8,9.0,1,2024-10-17 20:00:00+00:00
25.8,96,1007.4,7.6,0,2024-10-17 21:00:00+00:00
25.2,97,1007.2,5.2,0,2024-10-17 22:00:00+00:00
25.5,96,1007.1,1.7,0,2024-10-17 23:00:00+00:00
25.5,97,1007.2,0.0,0,2024-10-18 00:00:00+00:00
25.3,99,1007.6,4.1,69,2024-10-18 01:00:00+00:00
25.2,99,1008.2,3.9,100,2024-10-18 02:00:00+00:00
25.6,99,1008.7,2.2,100,2024-10-18 03:00:00+00:00
28.1,85,1009.3,3.4,0,2024-10-18 04:00:00+00:00
31.4,62,1009.3,4.9,0,2024-10-18 05:00:00+00:00
33.5,52,1009.0,9.3,0,2024-10-18 06:00:00+00:00
33.9,53,1008.2,14.4,0,2024-10-18 07:00:00+00:00
34.1,51,1007.3,17.9,0,2024-10-18 08:00:00+00:00
34.6,41,1006.6,20.0,1,2024-10-18 09:00:00+00:00
34.5,41,1006.0,19.0,1,2024-10-18 10:00:00+00:00
33.9,46,1005.7,19.4,0,2024-10-18 11:00:00+00:00
33.0,51,1006.1,19.3,0,2024-10-18 12:00:00+00:00
30.5,64,1007.1,18.4,27,2024-10-18 13:00:00+00:00
29.6,72,1007.6,15.5,18,2024-10-18 14:00:00+00:00
29.1,76,1008.3,9.4,9,2024-10-18 15:00:00+00:00
28.7,81,1009.0,7.2,9,2024-10-18 16:00:00+00:00
28.1,84,1009.0,8.1,15,2024-10-18 17:00:00+00:00
27.4,85,1009.1,7.8,23,2024-10-18 18:00:00+00:00
26.9,88,1008.7,7.6,18,2024-10-18 19:00:00+00:00
26.4,90,1008.6,13.2,15,2024-10-18 20:00:00+00:00
26.4,90,1008.5,14.3,37,2024-10-18 21:00:00+00:00
26.2,89,1008.5,14.1,30,2024-10-18 22:00:00+00:00
26.2,82,1008.5,12.9,0,2024-10-18 23:00:00+00:00
26.1,74,1008.5,11.3,0,2024-10-19 00:00:00+00:00
25.6,88,1009.2,8.3,0,2024-10-19 01:00:00+00:00
25.6,85,1009.7,7.8,0,2024-10-19 02:00:00+00:00
27.8,70,1010.0,5.2,0,2024-10-19 03:00:00+00:00
30.6,56,1010.6,2.7,0,2024-10-19 04:00:00+00:00
33.2,41,1010.8,1.9,0,2024-10-19 05:00:00+00:00
35.0,33,1010.2,2.9,0,2024-10-19 06:00:00+00:00
35.9,32,1009.1,6.2,0,2024-10-19 07:00:00+00:00
36.5,32,1008.2,11.3,0,2024-10-19 08:00:00+00:00
36.8,32,1007.5,16.3,28,2024-10-19 09:00:00+00:00
35.6,35,1006.9,23.0,12,2024-10-19 10:00:00+00:00
35.3,33,1006.8,20.0,4,2024-10-19 11:00:00+00:00
34.4,35,1007.0,20.0,0,2024-10-19 12:00:00+00:00
32.8,41,1007.9,18.5,0,2024-10-19 13:00:00+00:00
31.5,52,1008.2,15.8,0,2024-10-19 14:00:00+00:00
30.7,57,1008.7,13.0,0,2024-10-19 15:00:00+00:00
30.3,59,1009.3,10.9,0,2024-10-19 16:00:00+00:00
29.7,60,1009.7,8.9,0,2024-10-19 17:00:00+00:00
29.0,63,1009.6,9.4,0,2024-10-19 18:00:00+00:00
28.2,66,1009.3,7.2,0,2024-10-19 19:00:00+00:00
27.3,72,1008.8,5.9,0,2024-10-19 20:00:00+00:00
27.1,70,1008.6,11.5,0,2024-10-19 21:00:00+00:00
27.0,70,1008.5,14.5,0,2024-10-19 22:00:00+00:00
26.8,74,1008.6,13.8,0,2024-10-19 23:00:00+00:00
26.4,72,1008.6,11.5,0,2024-10-20 00:00:00+00:00
26.1,82,1009.5,10.5,0,2024-10-20 01:00:00+00:00
26.0,83,1010.1,9.6,0,2024-10-20 02:00:00+00:00
28.0,75,1010.4,6.8,0,2024-10-20 03:00:00+00:00
30.6,62,1010.8,7.3,0,2024-10-20 04:00:00+00:00
33.2,45,1011.0,7.3,0,2024-10-20 05:00:00+00:00
35.4,31,1010.5,8.9,0,2024-10-20 06:00:00+00:00
36.6,27,1009.4,11.3,0,2024-10-20 07:00:00+00:00
37.1,26,1008.6,14.7,2,2024-10-20 08:00:00+00:00
37.3,25,1007.8,17.6,5,2024-10-20 09:00:00+00:00
36.7,26,1007.3,20.2,0,2024-10-20 10:00:00+00:00
35.6,29,1007.5,21.4,0,2024-10-20 11:00:00+00:00
33.7,38,1007.9,21.7,0,2024-10-20 12:00:00+00:00
32.2,46,1008.5,17.7,0,2024-10-20 13:00:00+00:00
30.6,58,1008.9,13.1,0,2024-10-20 14:00:00+00:00
29.5,74,1009.4,14.6,0,2024-10-20 15:00:00+00:00
29.0,78,1009.9,14.6,0,2024-10-20 16:00:00+00:00
28.6,81,1010.1,12.3,0,2024-10-20 17:00:00+00:00
28.2,83,1010.2,8.7,0,2024-10-20 18:00:00+00:00
27.5,87,1010.5,11.5,0,2024-10-20 19:00:00+00:00
26.9,91,1010.4,10.9,0,2024-10-20 20:00:00+00:00
26.7,95,1010.0,10.1,0,2024-10-20 21:00:00+00:00
26.3,96,1010.0,7.1,0,2024-10-20 22:00:00+00:00
26.0,96,1010.3,9.9,0,2024-10-20 23:00:00+00:00
25.9,95,1010.4,8.6,0,2024-10-21 00:00:00+00:00
26.0,93,1010.4,9.1,0,2024-10-21 01:00:00+00:00
26.0,91,1010.8,7.5,0,2024-10-21 02:00:00+00:00
27.6,82,1011.1,6.0,0,2024-10-21 03:00:00+00:00
30.1,66,1011.5,8.4,0,2024-10-21 04:00:00+00:00
32.5,49,1011.4,6.7,0,2024-10-21 05:00:00+00:00
34.4,37,1010.8,7.9,0,2024-10-21 06:00:00+00:00
35.2,35,1010.0,12.4,0,2024-10-21 07:00:00+00:00
35.3,40,1009.1,17.4,17,2024-10-21 08:00:00+00:00
34.7,43,1008.4,23.4,24,2024-10-21 09:00:00+00:00
33.9,43,1007.9,26.0,22,2024-10-21 10:00:00+00:00
32.9,48,1007.5,26.1,4,2024-10-21 11:00:00+00:00
31.4,56,1007.7,26.5,1,2024-10-21 12:00:00+00:00
29.7,69,1008.4,21.7,0,2024-10-21 13:00:00+00:00
28.8,74,1008.7,21.5,0,2024-10-21 14:00:00+00:00
28.5,78,1009.4,17.5,0,2024-10-21 15:00:00+00:00
28.1,80,1010.1,10.9,0,2024-10-21 16:00:00+00:00
27.8,82,1010.4,10.6,0,2024-10-21 17:00:00+00:00
27.3,84,1010.5,13.8,0,2024-10-21 18:00:00+00:00
26.7,88,1010.7,10.6,0,2024-10-21 19:00:00+00:00
26.1,92,1010.7,6.2,0,2024-10-21 20:00:00+00:00
25.9,94,1010.2,9.7,0,2024-10-21 21:00:00+00:00
25.7,95,1010.3,8.3,0,2024-10-21 22:00:00+00:00
25.0,97,1010.6,4.5,3,2024-10-21 23:00:00+00:00
24.7,97,1010.6,4.8,0,2024-10-22 00:00:00+00:00
25.5,96,1011.0,5.6,0,2024-10-22 01:00:00+00:00
25.8,93,1011.5,8.7,0,2024-10-22 02:00:00+00:00
27.9,78,1011.9,9.7,0,2024-10-22 03:00:00+00:00
30.2,59,1012.4,11.4,0,2024-10-22 04:00:00+00:00
32.6,43,1012.5,9.8,0,2024-10-22 05:00:00+00:00
34.7,30,1012.0,9.5,0,2024-10-22 06:00:00+00:00
35.8,26,1011.1,12.3,0,2024-10-22 07:00:00+00:00
36.3,27,1010.2,17.3,0,2024-10-22 08:00:00+00:00
36.1,30,1009.4,22.5,0,2024-10-22 09:00:00+00:00
35.7,30,1009.0,26.7,0,2024-10-22 10:00:00+00:00
34.3,35,1008.8,28.5,0,2024-10-22 11:00:00+00:00
32.7,46,1008.9,29.4,0,2024-10-22 12:00:00+00:00
30.4,56,1009.1,24.5,0,2024-10-22 13:00:00+00:00
29.4,69,1009.6,20.2,0,2024-10-22 14:00:00+00:00
28.9,75,1010.5,7.0,0,2024-10-22 15:00:00+00:00
28.3,79,1011.4,2.7,0,2024-10-22 16:00:00+00:00
27.9,80,1011.6,9.4,0,2024-10-22 17:00:00+00:00
27.3,81,1011.4,11.7,0,2024-10-22 18:00:00+00:00
26.8,85,1011.3,13.2,0,2024-10-22 19:00:00+00:00
26.3,90,1011.1,15.8,0,2024-10-22 20:00:00+00:00
26.0,94,1011.0,15.1,0,2024-10-22 21:00:00+00:00
26.0,94,1011.1,13.7,0,2024-10-22 22:00:00+00:00
25.2,95,1011.3,4.6,0,2024-10-22 23:00:00+00:00
25.4,94,1011.5,8.6,0,2024-10-23 00:00:00+00:00
25.0,93,1011.9,7.0,0,2024-10-23 01:00:00+00:00
25.3,91,1012.7,6.8,0,2024-10-23 02:00:00+00:00
27.5,80,1013.2,6.5,0,2024-10-23 03:00:00+00:00
29.5,70,1013.7,10.6,0,2024-10-23 04:00:00+00:00
31.3,58,1013.6,10.6,0,2024-10-23 05:00:00+00:00
33.1,47,1013.0,12.2,0,2024-10-23 06:00:00+00:00
34.2,43,1011.9,14.9,0,2024-10-23 07:00:00+00:00
34.8,41,1010.9,17.3,8,2024-10-23 08:00:00+00:00
34.9,41,1010.1,19.3,25,2024-10-23 09:00:00+00:00
34.3,42,1009.5,23.2,13,2024-10-23 10:00:00+00:00
33.6,41,1009.3,25.6,9,2024-10-23 11:00:00+00:00
32.3,51,1009.3,24.3,1,2024-10-23 12:00:00+00:00
30.2,67,1009.9,16.1,1,2024-10-23 13:00:00+00:00
29.3,76,1010.5,12.7,1,2024-10-23 14:00:00+00:00
28.9,80,1011.1,12.9,1,2024-10-23 15:00:00+00:00
28.4,82,1011.2,12.1,0,2024-10-23 16:00:00+00:00
28.0,82,1011.4,13.3,0,2024-10-23 17:00:00+00:00
27.5,82,1011.6,11.6,0,2024-10-23 18:00:00+00:00
26.9,84,1011.5,8.7,0,2024-10-23 19:00:00+00:00
26.1,90,1011.4,5.4,0,2024-10-23 20:00:00+00:00
25.5,94,1011.3,4.6,0,2024-10-23 21:00:00+00:00
25.4,95,1011.1,9.3,5,2024-10-23 22:00:00+00:00
25.2,96,1011.3,10.7,71,2024-10-23 23:00:00+00:00
24.8,96,1011.2,9.2,98,2024-10-24 00:00:00+00:00
24.0,94,1011.7,8.2,68,2024-10-24 01:00:00+00:00
23.7,90,1012.6,7.1,27,2024-10-24 02:00:00+00:00
25.7,75,1013.3,5.3,0,2024-10-24 03:00:00+00:00
29.6,55,1013.8,3.5,0,2024-10-24 04:00:00+00:00
33.2,35,1013.8,3.7,0,2024-10-24 05:00:00+00:00
35.5,24,1013.1,3.8,0,2024-10-24 06:00:00+00:00
36.4,22,1012.1,6.0,0,2024-10-24 07:00:00+00:00
36.6,24,1010.9,11.3,0,2024-10-24 08:00:00+00:00
36.6,26,1010.0,16.7,0,2024-10-24 09:00:00+00:00
35.8,26,1009.5,23.2,0,2024-10-24 10:00:00+00:00
35.0,27,1009.5,21.5,0,2024-10-24 11:00:00+00:00
34.4,32,1009.8,16.0,0,2024-10-24 12:00:00+00:00
32.9,38,1009.9,15.1,0,2024-10-24 13:00:00+00:00
30.9,57,1010.1,15.0,0,2024-10-24 14:00:00+00:00
30.5,56,1010.5,10.7,0,2024-10-24 15:00:00+00:00
29.5,55,1011.2,6.3,0,2024-10-24 16:00:00+00:00
29.0,55,1011.4,9.0,0,2024-10-24 17:00:00+00:00
28.1,60,1011.4,12.8,0,2024-10-24 18:00:00+00:00
27.4,70,1011.0,12.5,0,2024-10-24 19:00:00+00:00
26.7,81,1010.7,11.9,0,2024-10-24 20:00:00+00:00
26.2,83,1010.4,12.6,0,2024-10-24 21:00:00+00:00
25.9,87,1010.4,13.6,0,2024-10-24 22:00:00+00:00
25.6,87,1010.4,11.6,0,2024-10-24 23:00:00+00:00
25.2,86,1010.7,10.5,0,2024-10-25 00:00:00+00:00
25.2,88,1011.1,10.8,0,2024-10-25 01:00:00+00:00
25.0,87,1011.8,9.9,0,2024-10-25 02:00:00+00:00
27.3,76,1012.4,7.8,0,2024-10-25 03:00:00+00:00
30.6,60,1012.8,8.5,0,2024-10-25 04:00:00+00:00
34.0,37,1012.7,11.8,0,2024-10-25 05:00:00+00:00
36.3,24,1011.9,16.5,2,2024-10-25 06:00:00+00:00
37.6,18,1010.8,19.6,51,2024-10-25 07:00:00+00:00
37.9,17,1009.7,20.8,81,2024-10-25 08:00:00+00:00
37.9,17,1009.0,21.3,99,2024-10-25 09:00:00+00:00
37.3,18,1008.9,20.5,90,2024-10-25 10:00:00+00:00
35.9,24,1008.9,20.0,83,2024-10-25 11:00:00+00:00
33.4,38,1009.2,17.9,73,2024-10-25 12:00:00+00:00
31.1,60,1009.4,14.3,94,2024-10-25 13:00:00+00:00
30.2,69,1010.0,12.3,21,2024-10-25 14:00:00+00:00
29.8,68,1010.4,14.0,28,2024-10-25 15:00:00+00:00
29.4,67,1010.8,15.6,32,2024-10-25 16:00:00+00:00
29.0,67,1010.7,16.7,4,2024-10-25 17:00:00+00:00
28.4,73,1010.8,15.2,6,2024-10-25 18:00:00+00:00
27.6,83,1010.7,12.9,7,2024-10-25 19:00:00+00:00
27.1,89,1010.5,11.4,0,2024-10-25 20:00:00+00:00
26.7,91,1010.1,11.0,0,2024-10-25 21:00:00+00:00
26.6,88,1009.8,11.4,1,2024-10-25 22:00:00+00:00
26.5,87,1009.7,12.1,0,2024-10-25 23:00:00+00:00
26.5,86,1009.9,12.6,2,2024-10-26 00:00:00+00:00
26.6,88,1010.5,13.2,49,2024-10-26 01:00:00+00:00
26.7,88,1011.2,12.2,18,2024-10-26 02:00:00+00:00
28.5,81,1011.6,12.1,14,2024-10-26 03:00:00+00:00
30.5,71,1012.1,17.1,12,2024-10-26 04:00:00+00:00
32.4,59,1012.1,18.5,13,2024-10-26 05:00:00+00:00
34.0,50,1011.4,20.3,0,2024-10-26 06:00:00+00:00
35.0,46,1010.3,21.5,0,2024-10-26 07:00:00+00:00
35.7,41,1009.1,21.8,0,2024-10-26 08:00:00+00:00
35.6,41,1008.1,22.5,0,2024-10-26 09:00:00+00:00
34.9,44,1007.4,23.0,0,2024-10-26 10:00:00+00:00
33.6,50,1007.5,23.0,0,2024-10-26 11:00:00+00:00
32.2,55,1007.9,19.4,0,2024-10-26 12:00:00+00:00
30.1,71,1008.3,18.0,0,2024-10-26 13:00:00+00:00
29.6,74,1008.9,16.0,0,2024-10-26 14:00:00+00:00
29.6,74,1009.2,17.5,0,2024-10-26 15:00:00+00:00
29.3,72,1009.6,15.3,0,2024-10-26 16:00:00+00:00
28.8,74,1009.6,12.6,0,2024-10-26 17:00:00+00:00
28.6,72,1009.4,12.5,0,2024-10-26 18:00:00+00:00
28.0,74,1009.1,11.8,0,2024-10-26 19:00:00+00:00
27.4,79,1008.6,11.4,0,2024-10-26 20:00:00+00:00
27.1,77,1008.3,10.3,0,2024-10-26 21:00:00+00:00
26.2,80,1007.8,7.7,0,2024-10-26 22:00:00+00:00
27.3,74,1007.7,3.2,61,2024-10-26 23:00:00+00:00
26.8,76,1007.7,1.6,79,2024-10-27 00:00:00+00:00
25.6,87,1008.5,4.8,82,2024-10-27 01:00:00+00:00
24.6,91,1009.1,6.1,49,2024-10-27 02:00:00+00:00
27.2,78,1009.5,4.4,2,2024-10-27 03:00:00+00:00
29.7,73,1010.1,3.8,0,2024-10-27 04:00:00+00:00
32.0,62,1010.1,6.1,0,2024-10-27 05:00:00+00:00
34.1,50,1009.4,7.5,5,2024-10-27 06:00:00+00:00
35.8,41,1008.3,10.3,7,2024-10-27 07:00:00+00:00
36.4,40,1007.4,15.3,22,2024-10-27 08:00:00+00:00
36.4,41,1006.4,18.7,10,2024-10-27 09:00:00+00:00
36.4,36,1005.9,19.4,4,2024-10-27 10:00:00+00:00
35.3,38,1005.8,20.1,0,2024-10-27 11:00:00+00:00
33.6,44,1006.0,18.1,0,2024-10-27 12:00:00+00:00
30.7,66,1006.5,15.5,0,2024-10-27 13:00:00+00:00
29.6,78,1006.7,12.6,0,2024-10-27 14:00:00+00:00
29.0,84,1006.9,12.0,0,2024-10-27 15:00:00+00:00
28.5,84,1007.2,13.6,0,2024-10-27 16:00:00+00:00
28.1,83,1007.2,13.7,0,2024-10-27 17:00:00+00:00
27.6,80,1007.1,10.0,0,2024-10-27 18:00:00+00:00
26.8,84,1006.8,8.8,0,2024-10-27 19:00:00+00:00
26.4,87,1006.3,9.6,0,2024-10-27 20:00:00+00:00
26.1,88,1005.8,9.8,0,2024-10-27 21:00:00+00:00
25.9,89,1005.5,10.2,0,2024-10-27 22:00:00+00:00
25.5,90,1005.6,9.5,0,2024-10-27 23:00:00+00:00
25.1,89,1005.5,8.8,0,2024-10-28 00:00:00+00:00
25.5,90,1006.2,9.6,0,2024-10-28 01:00:00+00:00
25.4,91,1006.7,8.6,0,2024-10-28 02:00:00+00:00
28.2,82,1007.3,7.2,0,2024-10-28 03:00:00+00:00
30.3,73,1007.8,11.4,0,2024-10-28 04:00:00+00:00
31.9,66,1008.0,13.9,0,2024-10-28 05:00:00+00:00
33.0,61,1007.3,18.1,0,2024-10-28 06:00:00+00:00
33.8,55,1006.3,19.5,0,2024-10-28 07:00:00+00:00
34.2,52,1005.1,19.9,0,2024-10-28 08:00:00+00:00
34.5,48,1004.1,18.5,0,2024-10-28 09:00:00+00:00
34.1,51,1003.6,17.6,0,2024-10-28 10:00:00+00:00
33.1,55,1003.6,18.2,0,2024-10-28 11:00:00+00:00
31.8,58,1004.0,17.3,0,2024-10-28 12:00:00+00:00
29.7,79,1005.0,15.8,0,2024-10-28 13:00:00+00:00
28.9,87,1005.5,14.5,0,2024-10-28 14:00:00+00:00
28.5,91,1006.0,12.2,0,2024-10-28 15:00:00+00:00
28.1,93,1006.7,9.4,0,2024-10-28 16:00:00+00:00
27.6,96,1006.9,11.5,12,2024-10-28 17:00:00+00:00
27.5,96,1006.7,11.4,13,2024-10-28 18:00:00+00:00
27.3,96,1006.5,10.5,7,2024-10-28 19:00:00+00:00
27.1,95,1006.2,10.3,2,2024-10-28 20:00:00+00:00
26.7,96,1005.8,9.0,7,2024-10-28 21:00:00+00:00
26.2,97,1005.7,8.3,5,2024-10-28 22:00:00+00:00
26.0,96,1005.9,8.9,4,2024-10-28 23:00:00+00:00
26.0,96,1006.2,9.6,8,2024-10-29 00:00:00+00:00
25.8,97,1007.0,8.1,18,2024-10-29 01:00:00+00:00
25.5,98,1007.7,6.8,44,2024-10-29 02:00:00+00:00
27.2,93,1008.6,6.0,32,2024-10-29 03:00:00+00:00
29.3,80,1009.2,11.0,17,2024-10-29 04:00:00+00:00
30.8,72,1009.4,13.2,4,2024-10-29 05:00:00+00:00
31.7,67,1009.2,16.7,7,2024-10-29 06:00:00+00:00
32.3,63,1008.3,18.9,7,2024-10-29 07:00:00+00:00
32.6,62,1007.4,20.3,2,2024-10-29 08:00:00+00:00
32.7,59,1006.4,21.4,0,2024-10-29 09:00:00+00:00
32.3,59,1005.9,22.1,0,2024-10-29 10:00:00+00:00
31.7,61,1005.7,20.6,0,2024-10-29 11:00:00+00:00
30.7,64,1005.9,18.1,0,2024-10-29 12:00:00+00:00
29.1,73,1006.7,17.7,0,2024-10-29 13:00:00+00:00
28.6,76,1007.2,14.5,0,2024-10-29 14:00:00+00:00
28.1,81,1007.6,11.0,0,2024-10-29 15:00:00+00:00
27.6,86,1008.1,9.4,0,2024-10-29 16:00:00+00:00
27.1,92,1008.4,9.8,0,2024-10-29 17:00:00+00:00
26.6,95,1008.3,9.1,5,2024-10-29 18:00:00+00:00
26.3,97,1008.1,9.1,5,2024-10-29 19:00:00+00:00
26.1,97,1007.8,10.3,10,2024-10-29 20:00:00+00:00
26.0,97,1007.6,10.3,8,2024-10-29 21:00:00+00:00
25.7,97,1007.7,9.4,19,2024-10-29 22:00:00+00:00
25.8,95,1007.8,10.3,3,2024-10-29 23:00:00+00:00
25.7,94,1007.9,11.7,0,2024-10-30 00:00:00+00:00
25.9,94,1008.4,12.7,0,2024-10-30 01:00:00+00:00
25.7,95,1009.1,11.3,0,2024-10-30 02:00:00+00:00
27.2,91,1009.9,9.9,0,2024-10-30 03:00:00+00:00
29.2,76,1010.5,14.3,0,2024-10-30 04:00:00+00:00
30.6,65,1010.9,16.0,0,2024-10-30 05:00:00+00:00
31.6,61,1010.5,18.0,0,2024-10-30 06:00:00+00:00
32.0,61,1009.9,20.7,0,2024-10-30 07:00:00+00:00
32.2,60,1009.3,22.9,0,2024-10-30 08:00:00+00:00
32.0,61,1008.7,23.9,5,2024-10-30 09:00:00+00:00
31.5,64,1008.2,23.7,5,2024-10-30 10:00:00+00:00
30.9,65,1008.3,22.9,0,2024-10-30 11:00:00+00:00
29.7,72,1008.5,21.1,0,2024-10-30 12:00:00+00:00
28.6,83,1009.1,16.7,1,2024-10-30 13:00:00+00:00
28.0,88,1009.7,14.7,10,2024-10-30 14:00:00+00:00
27.7,91,1010.3,10.5,9,2024-10-30 15:00:00+00:00
27.3,92,1010.8,8.1,20,2024-10-30 16:00:00+00:00
26.7,95,1011.1,8.0,20,2024-10-30 17:00:00+00:00
26.3,97,1011.0,7.8,37,2024-10-30 18:00:00+00:00
25.9,97,1011.0,7.9,33,2024-10-30 19:00:00+00:00
25.7,97,1010.7,8.0,59,2024-10-30 20:00:00+00:00
25.5,98,1010.4,8.8,93,2024-10-30 21:00:00+00:00
25.6,99,1010.4,10.2,100,2024-10-30 22:00:00+00:00
25.5,99,1010.5,9.6,100,2024-10-30 23:00:00+00:00
25.4,97,1010.6,10.4,98,2024-10-31 00:00:00+00:00
25.4,99,1011.3,7.3,100,2024-10-31 01:00:00+00:00
25.4,97,1012.2,5.3,100,2024-10-31 02:00:00+00:00
26.0,93,1013.1,4.2,73,2024-10-31 03:00:00+00:00
27.5,82,1013.8,6.3,23,2024-10-31 04:00:00+00:00
29.2,72,1013.9,6.3,0,2024-10-31 05:00:00+00:00
30.9,62,1013.6,8.4,0,2024-10-31 06:00:00+00:00
32.2,57,1012.7,11.5,1,2024-10-31 07:00:00+00:00
33.0,53,1011.6,14.6,0,2024-10-31 08:00:00+00:00
33.4,48,1010.8,17.0,0,2024-10-31 09:00:00+00:00
33.3,45,1010.1,18.6,0,2024-10-31 10:00:00+00:00
32.7,45,1009.9,18.4,0,2024-10-31 11:00:00+00:00
31.3,53,1010.0,17.4,0,2024-10-31 12:00:00+00:00
28.7,72,1010.9,18.0,0,2024-10-31 13:00:00+00:00
27.9,78,1011.4,15.2,0,2024-10-31 14:00:00+00:00
27.6,80,1011.9,13.6,0,2024-10-31 15:00:00+00:00
27.3,82,1012.5,10.9,0,2024-10-31 16:00:00+00:00
26.7,88,1012.7,9.5,0,2024-10-31 17:00:00+00:00
26.0,94,1012.6,9.0,0,2024-10-31 18:00:00+00:00
25.4,97,1012.4,8.8,0,2024-10-31 19:00:00+00:00
25.0,98,1012.0,8.1,0,2024-10-31 20:00:00+00:00
24.7,98,1011.8,8.2,23,2024-10-31 21:00:00+00:00
24.5,97,1011.8,9.3,51,2024-10-31 22:00:00+00:00
24.3,99,1011.8,11.5,80,2024-10-31 23:00:00+00:00
24.3,99,1012.1,11.8,100,2024-11-01 00:00:00+00:00
25.1,100,1012.5,12.1,100,2024-11-01 01:00:00+00:00
24.9,99,1012.9,10.5,98,2024-11-01 02:00:00+00:00
25.8,91,1013.6,8.7,2,2024-11-01 03:00:00+00:00
28.5,74,1014.1,7.3,0,2024-11-01 04:00:00+00:00
31.4,53,1014.3,8.4,0,2024-11-01 05:00:00+00:00
33.5,37,1013.9,10.9,0,2024-11-01 06:00:00+00:00
34.3,34,1013.0,14.5,0,2024-11-01 07:00:00+00:00
34.5,36,1011.9,17.9,0,2024-11-01 08:00:00+00:00
34.4,37,1011.2,20.5,0,2024-11-01 09:00:00+00:00
34.0,37,1010.8,21.2,0,2024-11-01 10:00:00+00:00
33.2,39,1010.9,21.1,0,2024-11-01 11:00:00+00:00
31.6,48,1011.1,19.9,0,2024-11-01 12:00:00+00:00
29.9,59,1011.6,16.8,0,2024-11-01 13:00:00+00:00
28.6,72,1012.0,14.5,0,2024-11-01 14:00:00+00:00
28.0,82,1012.5,14.2,0,2024-11-01 15:00:00+00:00
27.7,84,1013.1,14.6,0,2024-11-01 16:00:00+00:00
27.3,85,1013.2,15.3,0,2024-11-01 17:00:00+00:00
27.1,84,1013.2,15.0,0,2024-11-01 18:00:00+00:00
26.6,86,1013.2,13.4,0,2024-11-01 19:00:00+00:00
25.8,92,1013.0,12.0,0,2024-11-01 20:00:00+00:00
25.6,94,1012.7,11.0,0,2024-11-01 21:00:00+00:00
25.4,94,1012.2,10.4,0,2024-11-01 22:00:00+00:00
25.2,94,1011.9,10.3,0,2024-11-01 23:00:00+00:00
25.3,92,1011.7,11.6,0,2024-11-02 00:00:00+00:00
25.3,93,1011.8,11.6,0,2024-11-02 01:00:00+00:00
25.4,92,1012.2,12.1,0,2024-11-02 02:00:00+00:00
27.1,87,1012.9,11.5,0,2024-11-02 03:00:00+00:00
29.1,73,1013.4,15.9,0,2024-11-02 04:00:00+00:00
30.6,63,1013.7,16.5,0,2024-11-02 05:00:00+00:00
31.6,58,1013.2,18.1,0,2024-11-02 06:00:00+00:00
32.1,58,1012.2,19.6,5,2024-11-02 07:00:00+00:00
32.2,58,1011.1,20.1,7,2024-11-02 08:00:00+00:00
32.1,58,1010.4,20.3,6,2024-11-02 09:00:00+00:00
31.6,61,1009.8,20.4,4,2024-11-02 10:00:00+00:00
30.7,66,1009.8,20.1,0,2024-11-02 11:00:00+00:00
29.4,75,1010.0,19.3,0,2024-11-02 12:00:00+00:00
28.3,81,1010.4,16.6,0,2024-11-02 13:00:00+00:00
28.0,84,1011.0,14.0,2,2024-11-02 14:00:00+00:00
27.8,86,1011.4,11.7,9,2024-11-02 15:00:00+00:00
27.5,87,1012.0,11.0,7,2024-11-02 16:00:00+00:00
27.2,89,1012.2,10.9,8,2024-11-02 17:00:00+00:00
26.8,91,1012.2,10.4,4,2024-11-02 18:00:00+00:00
26.4,93,1012.1,10.7,17,2024-11-02 19:00:00+00:00
26.1,94,1011.8,10.3,19,2024-11-02 20:00:00+00:00
25.6,95,1011.3,7.7,19,2024-11-02 21:00:00+00:00
25.1,96,1011.0,3.9,59,2024-11-02 22:00:00+00:00
25.6,95,1010.9,2.3,80,2024-11-02 23:00:00+00:00
24.6,98,1011.0,3.3,90,2024-11-03 00:00:00+00:00
24.2,98,1011.5,5.2,86,2024-11-03 01:00:00+00:00
24.5,99,1012.3,5.6,100,2024-11-03 02:00:00+00:00
25.0,98,1013.1,5.6,100,2024-11-03 03:00:00+00:00
26.3,91,1013.7,3.8,43,2024-11-03 04:00:00+00:00
28.8,77,1014.0,5.4,61,2024-11-03 05:00:00+00:00
30.2,70,1013.6,8.5,15,2024-11-03 06:00:00+00:00
31.1,65,1012.6,11.6,3,2024-11-03 07:00:00+00:00
31.5,62,1011.7,14.2,0,2024-11-03 08:00:00+00:00
31.6,60,1010.9,15.3,0,2024-11-03 09:00:00+00:00
31.3,61,1010.3,16.1,0,2024-11-03 10:00:00+00:00
30.6,65,1010.3,16.3,0,2024-11-03 11:00:00+00:00
29.5,71,1010.7,15.6,0,2024-11-03 12:00:00+00:00
28.3,74,1011.5,13.0,0,2024-11-03 13:00:00+00:00
27.8,78,1012.1,10.0,0,2024-11-03 14:00:00+00:00
27.4,80,1012.8,7.7,0,2024-11-03 15:00:00+00:00
26.7,85,1013.2,7.2,0,2024-11-03 16:00:00+00:00
26.0,90,1013.4,6.3,0,2024-11-03 17:00:00+00:00
25.5,93,1013.3,7.5,0,2024-11-03 18:00:00+00:00
24.8,95,1012.8,7.2,0,2024-11-03 19:00:00+00:00
24.2,97,1012.2,7.3,22,2024-11-03 20:00:00+00:00
23.8,97,1011.9,7.8,73,2024-11-03 21:00:00+00:00
23.5,99,1011.6,7.8,94,2024-11-03 22:00:00+00:00
23.6,99,1011.5,8.3,100,2024-11-03 23:00:00+00:00
24.0,99,1011.6,9.5,100,2024-11-04 00:00:00+00:00
24.1,99,1012.2,8.7,95,2024-11-04 01:00:00+00:00
24.0,96,1012.6,4.9,42,2024-11-04 02:00:00+00:00
24.4,91,1013.1,3.8,19,2024-11-04 03:00:00+00:00
26.2,80,1013.6,3.8,1,2024-11-04 04:00:00+00:00
28.6,65,1013.7,5.0,0,2024-11-04 05:00:00+00:00
31.2,46,1013.0,4.4,0,2024-11-04 06:00:00+00:00
32.9,36,1012.1,10.3,0,2024-11-04 07:00:00+00:00
32.9,39,1011.1,16.4,0,2024-11-04 08:00:00+00:00
32.4,44,1010.3,19.8,0,2024-11-04 09:00:00+00:00
31.6,48,1009.7,19.9,0,2024-11-04 10:00:00+00:00
30.5,57,1009.6,18.2,0,2024-11-04 11:00:00+00:00
29.3,65,1010.0,15.6,0,2024-11-04 12:00:00+00:00
28.5,65,1010.9,12.6,0,2024-11-04 13:00:00+00:00
28.0,71,1011.5,11.8,0,2024-11-04 14:00:00+00:00
27.6,73,1012.0,10.2,0,2024-11-04 15:00:00+00:00
27.1,75,1012.3,9.6,0,2024-11-04 16:00:00+00:00
26.5,79,1012.4,9.4,0,2024-11-04 17:00:00+00:00
25.9,83,1012.2,8.9,0,2024-11-04 18:00:00+00:00
25.3,87,1012.0,8.5,0,2024-11-04 19:00:00+00:00
24.7,90,1011.8,8.9,0,2024-11-04 20:00:00+00:00
24.3,94,1011.5,9.9,0,2024-11-04 21:00:00+00:00
24.1,95,1011.4,9.4,0,2024-11-04 22:00:00+00:00
23.7,96,1011.4,8.7,0,2024-11-04 23:00:00+00:00
23.2,97,1011.5,7.6,0,2024-11-05 00:00:00+00:00
22.9,98,1012.1,6.4,76,2024-11-05 01:00:00+00:00
22.7,98,1013.0,5.9,100,2024-11-05 02:00:00+00:00
23.3,98,1013.7,4.9,97,2024-11-05 03:00:00+00:00
24.7,95,1014.5,4.7,22,2024-11-05 04:00:00+00:00
28.1,75,1014.7,4.9,0,2024-11-05 05:00:00+00:00
30.6,56,1014.3,7.6,0,2024-11-05 06:00:00+00:00
32.2,44,1013.3,12.2,0,2024-11-05 07:00:00+00:00
32.8,39,1012.4,15.0,0,2024-11-05 08:00:00+00:00
33.1,35,1011.7,16.1,0,2024-11-05 09:00:00+00:00
32.9,34,1011.2,17.0,0,2024-11-05 10:00:00+00:00
32.3,36,1011.2,16.4,0,2024-11-05 11:00:00+00:00
31.2,40,1011.6,15.1,0,2024-11-05 12:00:00+00:00
29.6,50,1012.6,13.2,0,2024-11-05 13:00:00+00:00
28.7,59,1013.2,10.3,0,2024-11-05 14:00:00+00:00
27.8,68,1013.7,7.9,0,2024-11-05 15:00:00+00:00
26.9,75,1014.2,6.9,0,2024-11-05 16:00:00+00:00
26.1,80,1014.2,7.3,0,2024-11-05 17:00:00+00:00
25.1,85,1014.1,6.0,0,2024-11-05 18:00:00+00:00
24.4,88,1014.0,6.8,0,2024-11-05 19:00:00+00:00
24.0,89,1013.6,7.7,0,2024-11-05 20:00:00+00:00
23.7,90,1013.5,8.8,0,2024-11-05 21:00:00+00:00
23.6,90,1013.3,10.3,0,2024-11-05 22:00:00+00:00
23.3,92,1013.3,9.4,0,2024-11-05 23:00:00+00:00
23.1,93,1013.5,9.4,0,2024-11-06 00:00:00+00:00
23.1,93,1014.2,8.9,0,2024-11-06 01:00:00+00:00
22.8,94,1015.2,8.0,0,2024-11-06 02:00:00+00:00
24.7,87,1015.9,5.9,0,2024-11-06 03:00:00+00:00
27.5,76,1016.4,7.7,0,2024-11-06 04:00:00+00:00
29.9,62,1016.6,9.3,0,2024-11-06 05:00:00+00:00
32.2,46,1016.2,9.8,0,2024-11-06 06:00:00+00:00
33.6,37,1015.3,12.9,0,2024-11-06 07:00:00+00:00
34.1,36,1014.2,16.4,0,2024-11-06 08:00:00+00:00
34.1,35,1013.5,18.8,0,2024-11-06 09:00:00+00:00
33.5,37,1013.0,20.3,0,2024-11-06 10:00:00+00:00
32.5,42,1013.1,19.8,0,2024-11-06 11:00:00+00:00
30.8,51,1013.3,18.0,0,2024-11-06 12:00:00+00:00
28.7,69,1013.9,15.0,0,2024-11-06 13:00:00+00:00
27.9,76,1014.2,11.7,0,2024-11-06 14:00:00+00:00
27.2,80,1014.4,8.9,0,2024-11-06 15:00:00+00:00
26.5,82,1014.4,7.5,0,2024-11-06 16:00:00+00:00
25.7,87,1014.3,6.6,0,2024-11-06 17:00:00+00:00
24.9,91,1013.9,6.3,0,2024-11-06 18:00:00+00:00
24.5,93,1013.6,7.3,0,2024-11-06 19:00:00+00:00
24.3,93,1013.2,8.6,0,2024-11-06 20:00:00+00:00
24.3,92,1012.8,9.8,0,2024-11-06 21:00:00+00:00
24.2,92,1012.5,9.2,0,2024-11-06 22:00:00+00:00
23.9,93,1012.4,8.9,0,2024-11-06 23:00:00+00:00
23.7,94,1012.5,8.7,0,2024-11-07 00:00:00+00:00
25.0,94,1012.8,11.0,5,2024-11-07 01:00:00+00:00
25.2,93,1013.7,11.2,5,2024-11-07 02:00:00+00:00
27.0,87,1014.3,13.0,5,2024-11-07 03:00:00+00:00
28.7,76,1014.8,15.5,16,2024-11-07 04:00:00+00:00
30.0,68,1014.8,16.0,17,2024-11-07 05:00:00+00:00
31.0,64,1014.4,18.0,12,2024-11-07 06:00:00+00:00
31.5,63,1013.6,19.6,17,2024-11-07 07:00:00+00:00
31.8,61,1012.5,20.5,5,2024-11-07 08:00:00+00:00
31.8,60,1012.1,21.5,0,2024-11-07 09:00:00+00:00
31.4,63,1011.7,22.0,0,2024-11-07 10:00:00+00:00
30.6,68,1011.7,21.6,0,2024-11-07 11:00:00+00:00
29.4,75,1011.8,20.2,2,2024-11-07 12:00:00+00:00
28.6,78,1012.3,17.7,6,2024-11-07 13:00:00+00:00
28.3,80,1012.8,16.1,10,2024-11-07 14:00:00+00:00
28.0,81,1013.2,14.2,14,2024-11-07 15:00:00+00:00
27.7,83,1013.6,11.5,13,2024-11-07 16:00:00+00:00
27.3,86,1013.6,10.1,23,2024-11-07 17:00:00+00:00
26.8,89,1013.2,8.8,28,2024-11-07 18:00:00+00:00
26.5,90,1012.9,8.4,27,2024-11-07 19:00:00+00:00
26.1,92,1012.5,9.7,25,2024-11-07 20:00:00+00:00
26.0,92,1012.0,10.5,16,2024-11-07 21:00:00+00:00
25.7,93,1011.7,9.0,4,2024-11-07 22:00:00+00:00
25.4,93,1011.5,8.4,0,2024-11-07 23:00:00+00:00
25.2,93,1011.6,8.8,3,2024-11-08 00:00:00+00:00
25.5,92,1012.3,8.8,11,2024-11-08 01:00:00+00:00
25.7,91,1013.1,8.9,23,2024-11-08 02:00:00+00:00
27.6,81,1013.7,9.8,26,2024-11-08 03:00:00+00:00
29.1,72,1014.2,13.2,13,2024-11-08 04:00:00+00:00
30.2,66,1014.1,13.2,18,2024-11-08 05:00:00+00:00
31.1,61,1013.4,14.3,18,2024-11-08 06:00:00+00:00
31.7,59,1012.4,16.6,38,2024-11-08 07:00:00+00:00
31.8,58,1011.4,18.8,25,2024-11-08 08:00:00+00:00
31.8,57,1010.9,19.7,2,2024-11-08 09:00:00+00:00
31.3,59,1010.6,20.1,0,2024-11-08 10:00:00+00:00
30.6,63,1010.7,19.2,1,2024-11-08 11:00:00+00:00
29.5,68,1011.2,17.2,2,2024-11-08 12:00:00+00:00
28.3,73,1011.6,14.0,1,2024-11-08 13:00:00+00:00
27.8,76,1012.2,11.0,1,2024-11-08 14:00:00+00:00
27.6,78,1012.7,7.6,1,2024-11-08 15:00:00+00:00
27.2,80,1013.2,8.0,1,2024-11-08 16:00:00+00:00
26.6,83,1013.4,7.9,1,2024-11-08 17:00:00+00:00
26.0,87,1013.0,7.5,2,2024-11-08 18:00:00+00:00
25.5,90,1012.8,7.4,10,2024-11-08 19:00:00+00:00
25.2,92,1012.6,8.6,24,2024-11-08 20:00:00+00:00
25.0,93,1012.5,8.6,36,2024-11-08 21:00:00+00:00
24.9,93,1012.3,8.1,58,2024-11-08 22:00:00+00:00
24.6,94,1012.2,7.9,38,2024-11-08 23:00:00+00:00
24.4,95,1012.3,6.9,19,2024-11-09 00:00:00+00:00
24.2,95,1012.7,6.0,3,2024-11-09 01:00:00+00:00
24.3,94,1013.5,5.0,5,2024-11-09 02:00:00+00:00
26.3,84,1014.2,4.0,5,2024-11-09 03:00:00+00:00
28.2,73,1014.7,8.8,11,2024-11-09 04:00:00+00:00
29.4,66,1014.9,9.7,18,2024-11-09 05:00:00+00:00
30.3,62,1014.3,12.0,14,2024-11-09 06:00:00+00:00
30.8,60,1013.2,15.8,10,2024-11-09 07:00:00+00:00
31.0,59,1012.3,18.4,6,2024-11-09 08:00:00+00:00
31.1,57,1011.7,19.2,0,2024-11-09 09:00:00+00:00
30.8,56,1011.5,19.4,0,2024-11-09 10:00:00+00:00
30.1,59,1011.4,18.4,0,2024-11-09 11:00:00+00:00
29.0,65,1011.7,16.8,0,2024-11-09 12:00:00+00:00
28.0,73,1012.0,14.6,0,2024-11-09 13:00:00+00:00
27.5,78,1012.6,12.1,0,2024-11-09 14:00:00+00:00
27.0,80,1013.2,9.0,0,2024-11-09 15:00:00+00:00
26.5,81,1013.8,8.5,0,2024-11-09 16:00:00+00:00
26.1,84,1013.9,9.2,1,2024-11-09 17:00:00+00:00
25.5,88,1013.8,9.6,1,2024-11-09 18:00:00+00:00
24.9,93,1013.6,8.3,7,2024-11-09 19:00:00+00:00
24.5,95,1013.2,8.4,18,2024-11-09 20:00:00+00:00
24.3,95,1013.0,9.5,45,2024-11-09 21:00:00+00:00
24.2,95,1012.9,9.7,95,2024-11-09 22:00:00+00:00
24.6,94,1012.9,8.7,76,2024-11-09 23:00:00+00:00
24.7,94,1013.0,7.8,58,2024-11-10 00:00:00+00:00
24.8,95,1013.4,6.7,10,2024-11-10 01:00:00+00:00
23.9,96,1014.2,5.1,0,2024-11-10 02:00:00+00:00
25.8,88,1015.0,5.3,10,2024-11-10 03:00:00+00:00
28.1,74,1015.6,12.4,8,2024-11-10 04:00:00+00:00
29.4,65,1015.9,15.5,7,2024-11-10 05:00:00+00:00
30.3,61,1015.4,18.1,8,2024-11-10 06:00:00+00:00
30.9,57,1014.3,19.6,6,2024-11-10 07:00:00+00:00
31.3,55,1013.2,20.6,4,2024-11-10 08:00:00+00:00
31.3,54,1012.4,20.7,6,2024-11-10 09:00:00+00:00
30.9,55,1012.0,20.0,1,2024-11-10 10:00:00+00:00
30.3,57,1012.0,18.9,0,2024-11-10 11:00:00+00:00
29.2,64,1012.1,18.6,0,2024-11-10 12:00:00+00:00
28.1,69,1012.6,14.9,0,2024-11-10 13:00:00+00:00
27.6,73,1013.0,12.1,0,2024-11-10 14:00:00+00:00
27.1,76,1013.8,9.3,0,2024-11-10 15:00:00+00:00
26.6,79,1014.2,7.2,0,2024-11-10 16:00:00+00:00
25.9,83,1014.0,6.0,0,2024-11-10 17:00:00+00:00
25.3,86,1013.9,6.9,1,2024-11-10 18:00:00+00:00
24.8,88,1014.0,7.9,3,2024-11-10 19:00:00+00:00
24.4,91,1013.4,7.8,8,2024-11-10 20:00:00+00:00
24.1,94,1013.0,6.9,6,2024-11-10 21:00:00+00:00
23.7,95,1012.8,4.6,0,2024-11-10 22:00:00+00:00
24.4,93,1012.8,3.2,0,2024-11-10 23:00:00+00:00
23.9,94,1012.9,3.9,0,2024-11-11 00:00:00+00:00
23.2,96,1013.4,6.0,41,2024-11-11 01:00:00+00:00
23.4,96,1014.0,4.0,72,2024-11-11 02:00:00+00:00
24.2,94,1014.6,1.9,81,2024-11-11 03:00:00+00:00
26.9,80,1015.2,3.4,7,2024-11-11 04:00:00+00:00
29.4,64,1015.3,11.2,1,2024-11-11 05:00:00+00:00
30.5,58,1014.6,14.2,8,2024-11-11 06:00:00+00:00
31.1,56,1013.5,16.6,7,2024-11-11 07:00:00+00:00
31.3,57,1012.4,18.9,12,2024-11-11 08:00:00+00:00
31.1,58,1011.7,20.1,18,2024-11-11 09:00:00+00:00
30.7,59,1011.2,19.6,9,2024-11-11 10:00:00+00:00
30.0,61,1011.2,19.1,1,2024-11-11 11:00:00+00:00
29.1,64,1011.5,17.6,0,2024-11-11 12:00:00+00:00
28.3,69,1011.8,16.0,0,2024-11-11 13:00:00+00:00
27.7,74,1012.1,12.3,0,2024-11-11 14:00:00+00:00
27.3,77,1012.8,7.7,0,2024-11-11 15:00:00+00:00
26.9,80,1013.2,8.8,0,2024-11-11 16:00:00+00:00
26.5,81,1013.2,10.3,0,2024-11-11 17:00:00+00:00
26.2,84,1013.0,10.9,29,2024-11-11 18:00:00+00:00
25.7,88,1013.0,11.8,64,2024-11-11 19:00:00+00:00
25.3,90,1012.3,8.3,14,2024-11-11 20:00:00+00:00
24.6,94,1012.0,6.3,2,2024-11-11 21:00:00+00:00
24.1,95,1011.8,5.7,0,2024-11-11 22:00:00+00:00
25.0,91,1011.6,3.1,0,2024-11-11 23:00:00+00:00
24.8,92,1011.6,2.9,3,2024-11-12 00:00:00+00:00
24.2,94,1012.1,3.8,14,2024-11-12 01:00:00+00:00
24.3,93,1012.8,3.1,42,2024-11-12 02:00:00+00:00
24.8,91,1013.4,3.9,69,2024-11-12 03:00:00+00:00
27.2,79,1014.0,2.6,18,2024-11-12 04:00:00+00:00
29.1,68,1014.3,6.0,21,2024-11-12 05:00:00+00:00
30.3,62,1013.8,10.4,17,2024-11-12 06:00:00+00:00
30.9,58,1012.9,14.0,11,2024-11-12 07:00:00+00:00
31.1,56,1011.7,16.2,5,2024-11-12 08:00:00+00:00
30.9,56,1011.0,17.5,1,2024-11-12 09:00:00+00:00
30.5,58,1010.5,17.7,1,2024-11-12 10:00:00+00:00
29.8,61,1010.5,17.1,1,2024-11-12 11:00:00+00:00
28.9,66,1010.9,15.8,0,2024-11-12 12:00:00+00:00
28.1,67,1011.3,7.7,5,2024-11-12 13:00:00+00:00
27.8,70,1011.8,6.4,3,2024-11-12 14:00:00+00:00
27.5,72,1012.3,4.8,3,2024-11-12 15:00:00+00:00
27.2,75,1012.7,4.2,2,2024-11-12 16:00:00+00:00
26.9,77,1012.7,5.0,1,2024-11-12 17:00:00+00:00
26.5,79,1012.4,4.9,1,2024-11-12 18:00:00+00:00
26.2,81,1012.1,3.9,4,2024-11-12 19:00:00+00:00
25.8,84,1011.5,2.7,4,2024-11-12 20:00:00+00:00
25.3,87,1011.3,1.8,5,2024-11-12 21:00:00+00:00
24.8,89,1011.1,3.4,8,2024-11-12 22:00:00+00:00
24.2,91,1011.0,6.1,3,2024-11-12 23:00:00+00:00
23.9,90,1011.2,6.2,0,2024-11-13 00:00:00+00:00
23.8,92,1011.8,6.2,0,2024-11-13 01:00:00+00:00
23.5,93,1012.3,5.6,0,2024-11-13 02:00:00+00:00
24.1,90,1013.1,4.3,3,2024-11-13 03:00:00+00:00
25.8,81,1013.4,4.1,0,2024-11-13 04:00:00+00:00
27.7,66,1013.6,3.5,0,2024-11-13 05:00:00+00:00
29.5,51,1012.9,1.6,0,2024-11-13 06:00:00+00:00
31.1,38,1011.8,4.4,0,2024-11-13 07:00:00+00:00
31.6,35,1010.7,8.5,0,2024-11-13 08:00:00+00:00
31.5,35,1009.8,10.4,0,2024-11-13 09:00:00+00:00
31.2,34,1009.3,10.6,0,2024-11-13 10:00:00+00:00
30.7,35,1009.2,9.8,0,2024-11-13 11:00:00+00:00
29.5,44,1009.5,8.8,0,2024-11-13 12:00:00+00:00
28.4,52,1010.0,7.7,1,2024-11-13 13:00:00+00:00
27.5,62,1010.5,6.6,0,2024-11-13 14:00:00+00:00
26.9,70,1011.2,6.4,0,2024-11-13 15:00:00+00:00
26.6,75,1011.7,5.2,0,2024-11-13 16:00:00+00:00
26.1,77,1011.7,4.3,0,2024-11-13 17:00:00+00:00
25.9,78,1011.4,4.1,0,2024-11-13 18:00:00+00:00
25.5,79,1011.4,4.1,0,2024-11-13 19:00:00+00:00
24.8,81,1010.9,4.5,0,2024-11-13 20:00:00+00:00
24.1,83,1010.7,5.4,0,2024-11-13 21:00:00+00:00
23.4,85,1010.6,6.7,0,2024-11-13 22:00:00+00:00
23.0,86,1010.9,7.2,0,2024-11-13 23:00:00+00:00
22.9,87,1011.1,8.1,0,2024-11-14 00:00:00+00:00
23.1,89,1011.7,7.6,0,2024-11-14 01:00:00+00:00
22.9,90,1012.5,6.9,1,2024-11-14 02:00:00+00:00
23.7,85,1013.2,5.0,2,2024-11-14 03:00:00+00:00
25.8,75,1013.8,5.1,0,2024-11-14 04:00:00+00:00
27.9,60,1014.3,4.5,0,2024-11-14 05:00:00+00:00
29.8,45,1013.8,1.6,0,2024-11-14 06:00:00+00:00
31.3,33,1012.9,4.4,0,2024-11-14 07:00:00+00:00
31.7,31,1012.0,8.5,0,2024-11-14 08:00:00+00:00
31.6,33,1011.3,10.6,0,2024-11-14 09:00:00+00:00
31.3,33,1011.0,10.7,1,2024-11-14 10:00:00+00:00
30.9,32,1010.8,9.7,1,2024-11-14 11:00:00+00:00
30.2,33,1010.9,9.6,1,2024-11-14 12:00:00+00:00
29.1,40,1011.7,8.8,0,2024-11-14 13:00:00+00:00
27.7,49,1012.3,8.0,0,2024-11-14 14:00:00+00:00
26.8,55,1012.6,7.7,0,2024-11-14 15:00:00+00:00
26.2,58,1013.2,7.1,0,2024-11-14 16:00:00+00:00
25.6,61,1013.3,6.6,0,2024-11-14 17:00:00+00:00
25.3,64,1013.0,5.5,0,2024-11-14 18:00:00+00:00
25.1,66,1012.5,6.1,0,2024-11-14 19:00:00+00:00
24.8,68,1012.4,5.6,0,2024-11-14 20:00:00+00:00
23.9,68,1012.5,7.5,0,2024-11-14 21:00:00+00:00
23.3,66,1012.5,8.3,0,2024-11-14 22:00:00+00:00
23.0,70,1012.2,8.7,0,2024-11-14 23:00:00+00:00
22.9,74,1012.2,9.0,0,2024-11-15 00:00:00+00:00
22.8,78,1012.8,9.2,0,2024-11-15 01:00:00+00:00
22.7,76,1013.6,9.4,0,2024-11-15 02:00:00+00:00
23.4,70,1014.3,8.0,0,2024-11-15 03:00:00+00:00
25.6,60,1014.9,6.0,0,2024-11-15 04:00:00+00:00
28.3,48,1015.2,7.3,0,2024-11-15 05:00:00+00:00
30.2,36,1014.6,5.4,0,2024-11-15 06:00:00+00:00
31.5,28,1013.5,3.2,0,2024-11-15 07:00:00+00:00
32.0,26,1012.5,5.7,0,2024-11-15 08:00:00+00:00
32.1,28,1011.8,9.0,0,2024-11-15 09:00:00+00:00
31.6,29,1011.1,10.6,0,2024-11-15 10:00:00+00:00
31.1,29,1011.1,10.5,0,2024-11-15 11:00:00+00:00
30.2,30,1011.3,10.3,0,2024-11-15 12:00:00+00:00
28.8,38,1012.0,9.3,0,2024-11-15 13:00:00+00:00
27.4,47,1012.3,7.1,0,2024-11-15 14:00:00+00:00
26.5,54,1012.6,6.2,0,2024-11-15 15:00:00+00:00
26.1,59,1012.9,5.3,0,2024-11-15 16:00:00+00:00
25.9,64,1013.0,6.7,0,2024-11-15 17:00:00+00:00
25.4,67,1013.1,7.0,0,2024-11-15 18:00:00+00:00
24.9,68,1012.9,7.9,0,2024-11-15 19:00:00+00:00
24.6,72,1012.6,9.2,0,2024-11-15 20:00:00+00:00
24.4,76,1012.5,8.7,0,2024-11-15 21:00:00+00:00
24.2,79,1012.2,7.2,0,2024-11-15 22:00:00+00:00
23.8,82,1012.1,6.1,0,2024-11-15 23:00:00+00:00
23.4,83,1012.2,5.5,0,2024-11-16 00:00:00+00:00
22.8,83,1012.7,5.2,0,2024-11-16 01:00:00+00:00
22.4,84,1013.2,4.2,0,2024-11-16 02:00:00+00:00
23.4,79,1013.5,4.2,0,2024-11-16 03:00:00+00:00
26.1,67,1014.1,2.3,0,2024-11-16 04:00:00+00:00
28.4,58,1014.4,3.4,0,2024-11-16 05:00:00+00:00
30.0,49,1013.9,4.2,3,2024-11-16 06:00:00+00:00
31.1,42,1012.9,5.3,26,2024-11-16 07:00:00+00:00
31.4,41,1011.9,7.5,33,2024-11-16 08:00:00+00:00
31.4,42,1011.0,9.6,24,2024-11-16 09:00:00+00:00
30.9,44,1010.6,11.7,40,2024-11-16 10:00:00+00:00
29.9,50,1010.4,12.4,18,2024-11-16 11:00:00+00:00
29.0,52,1010.7,10.4,2,2024-11-16 12:00:00+00:00
28.4,56,1011.2,8.8,1,2024-11-16 13:00:00+00:00
27.4,63,1011.7,7.1,0,2024-11-16 14:00:00+00:00
26.8,68,1012.1,5.7,0,2024-11-16 15:00:00+00:00
26.4,72,1012.5,5.0,0,2024-11-16 16:00:00+00:00
25.9,76,1012.7,6.0,0,2024-11-16 17:00:00+00:00
25.6,78,1012.7,6.3,0,2024-11-16 18:00:00+00:00
25.2,80,1012.4,5.7,0,2024-11-16 19:00:00+00:00
24.7,83,1012.0,4.1,0,2024-11-16 20:00:00+00:00
24.0,85,1012.0,7.1,0,2024-11-16 21:00:00+00:00
23.5,87,1012.0,5.7,0,2024-11-16 22:00:00+00:00
23.0,90,1012.1,6.2,2,2024-11-16 23:00:00+00:00
22.7,92,1012.1,6.3,3,2024-11-17 00:00:00+00:00
22.8,90,1012.5,6.6,4,2024-11-17 01:00:00+00:00
22.6,92,1013.0,6.9,16,2024-11-17 02:00:00+00:00
23.4,88,1013.6,5.1,4,2024-11-17 03:00:00+00:00
25.7,76,1014.3,3.6,0,2024-11-17 04:00:00+00:00
27.9,65,1014.6,2.3,0,2024-11-17 05:00:00+00:00
29.9,49,1014.3,0.6,0,2024-11-17 06:00:00+00:00
31.4,36,1013.2,2.5,0,2024-11-17 07:00:00+00:00
31.8,37,1012.3,6.7,1,2024-11-17 08:00:00+00:00
31.6,41,1011.4,11.2,55,2024-11-17 09:00:00+00:00
30.3,51,1010.9,14.9,14,2024-11-17 10:00:00+00:00
29.8,48,1010.9,13.4,32,2024-11-17 11:00:00+00:00
29.2,52,1011.1,10.3,33,2024-11-17 12:00:00+00:00
28.2,62,1011.5,11.4,24,2024-11-17 13:00:00+00:00
27.5,63,1012.2,9.4,7,2024-11-17 14:00:00+00:00
27.1,66,1012.6,7.2,2,2024-11-17 15:00:00+00:00
26.5,70,1013.1,5.7,0,2024-11-17 16:00:00+00:00
26.0,72,1013.3,4.8,0,2024-11-17 17:00:00+00:00
25.3,74,1013.6,5.0,0,2024-11-17 18:00:00+00:00
25.0,76,1013.4,5.5,0,2024-11-17 19:00:00+00:00
24.9,76,1013.0,5.4,0,2024-11-17 20:00:00+00:00
24.4,78,1012.9,7.4,0,2024-11-17 21:00:00+00:00
23.7,82,1012.9,7.4,0,2024-11-17 22:00:00+00:00
23.1,85,1013.2,8.0,0,2024-11-17 23:00:00+00:00
23.1,82,1013.3,9.0,0,2024-11-18 00:00:00+00:00
23.6,72,1013.6,9.0,0,2024-11-18 01:00:00+00:00
23.5,68,1014.2,8.9,0,2024-11-18 02:00:00+00:00
24.2,61,1014.8,7.7,0,2024-11-18 03:00:00+00:00
26.5,48,1015.3,6.2,0,2024-11-18 04:00:00+00:00
29.1,38,1015.6,6.2,0,2024-11-18 05:00:00+00:00
30.7,32,1015.1,5.6,0,2024-11-18 06:00:00+00:00
31.8,28,1014.1,3.3,0,2024-11-18 07:00:00+00:00
32.3,27,1012.9,4.0,0,2024-11-18 08:00:00+00:00
32.3,29,1012.1,7.7,0,2024-11-18 09:00:00+00:00
31.5,37,1011.7,13.8,2,2024-11-18 10:00:00+00:00
30.5,36,1011.9,17.1,18,2024-11-18 11:00:00+00:00
29.8,34,1012.5,11.2,5,2024-11-18 12:00:00+00:00
28.9,40,1012.7,7.0,6,2024-11-18 13:00:00+00:00
27.9,48,1013.4,5.8,0,2024-11-18 14:00:00+00:00
27.2,55,1014.0,4.8,0,2024-11-18 15:00:00+00:00
27.0,57,1014.4,3.7,0,2024-11-18 16:00:00+00:00
26.5,61,1014.6,5.8,0,2024-11-18 17:00:00+00:00
25.7,67,1014.8,7.2,0,2024-11-18 18:00:00+00:00
24.9,71,1014.8,6.1,0,2024-11-18 19:00:00+00:00
24.3,72,1014.6,6.4,0,2024-11-18 20:00:00+00:00
24.2,70,1014.3,6.8,0,2024-11-18 21:00:00+00:00
24.0,70,1014.3,7.9,0,2024-11-18 22:00:00+00:00
23.7,70,1014.3,9.0,0,2024-11-18 23:00:00+00:00
23.6,70,1014.4,9.2,0,2024-11-19 00:00:00+00:00
23.2,71,1015.1,7.1,0,2024-11-19 01:00:00+00:00
22.8,71,1015.7,6.0,0,2024-11-19 02:00:00+00:00
23.3,68,1016.4,4.8,0,2024-11-19 03:00:00+00:00
25.6,57,1017.1,1.9,0,2024-11-19 04:00:00+00:00
28.3,46,1017.2,1.9,0,2024-11-19 05:00:00+00:00
30.3,35,1016.7,4.1,0,2024-11-19 06:00:00+00:00
31.3,31,1015.7,6.7,0,2024-11-19 07:00:00+00:00
31.4,33,1014.6,9.4,0,2024-11-19 08:00:00+00:00
31.5,33,1013.6,10.8,0,2024-11-19 09:00:00+00:00
31.4,31,1012.9,11.9,0,2024-11-19 10:00:00+00:00
30.8,31,1012.5,12.6,0,2024-11-19 11:00:00+00:00
29.7,35,1012.9,12.1,0,2024-11-19 12:00:00+00:00
28.5,46,1013.4,9.6,0,2024-11-19 13:00:00+00:00
27.7,50,1014.1,8.2,0,2024-11-19 14:00:00+00:00
27.2,53,1014.6,7.4,0,2024-11-19 15:00:00+00:00
26.7,55,1014.8,7.8,0,2024-11-19 16:00:00+00:00
26.3,56,1014.8,7.2,0,2024-11-19 17:00:00+00:00
25.7,58,1014.5,6.2,0,2024-11-19 18:00:00+00:00
25.1,61,1014.2,7.5,0,2024-11-19 19:00:00+00:00
24.6,64,1014.0,6.6,0,2024-11-19 20:00:00+00:00
23.9,67,1013.9,6.9,0,2024-11-19 21:00:00+00:00
23.0,70,1013.7,7.5,0,2024-11-19 22:00:00+00:00
22.6,71,1013.7,7.4,0,2024-11-19 23:00:00+00:00
22.6,70,1013.7,6.8,0,2024-11-20 00:00:00+00:00
22.8,65,1014.5,6.0,0,2024-11-20 01:00:00+00:00
22.5,64,1015.0,5.3,0,2024-11-20 02:00:00+00:00
22.9,60,1015.5,5.0,0,2024-11-20 03:00:00+00:00
25.4,51,1016.2,4.1,0,2024-11-20 04:00:00+00:00
27.9,45,1016.1,1.5,0,2024-11-20 05:00:00+00:00
29.4,43,1015.3,2.6,0,2024-11-20 06:00:00+00:00
30.5,38,1014.3,5.5,0,2024-11-20 07:00:00+00:00
30.7,40,1013.2,8.9,0,2024-11-20 08:00:00+00:00
30.4,45,1012.4,11.6,0,2024-11-20 09:00:00+00:00
30.2,45,1011.8,12.8,0,2024-11-20 10:00:00+00:00
30.0,43,1011.7,12.3,0,2024-11-20 11:00:00+00:00
29.1,45,1012.1,10.5,0,2024-11-20 12:00:00+00:00
27.9,55,1012.5,9.6,0,2024-11-20 13:00:00+00:00
27.1,60,1013.0,9.2,0,2024-11-20 14:00:00+00:00
26.4,63,1013.5,6.8,0,2024-11-20 15:00:00+00:00
25.9,65,1013.7,5.7,0,2024-11-20 16:00:00+00:00
25.7,66,1013.7,5.9,0,2024-11-20 17:00:00+00:00
25.1,69,1013.7,4.8,0,2024-11-20 18:00:00+00:00
24.2,73,1013.5,5.2,0,2024-11-20 19:00:00+00:00
23.3,77,1013.0,5.6,0,2024-11-20 20:00:00+00:00
22.9,79,1013.0,6.4,0,2024-11-20 21:00:00+00:00
22.6,80,1012.8,5.4,0,2024-11-20 22:00:00+00:00
22.1,83,1013.0,5.2,0,2024-11-20 23:00:00+00:00
21.7,84,1013.1,4.6,0,2024-11-21 00:00:00+00:00
21.7,81,1013.6,3.7,0,2024-11-21 01:00:00+00:00
21.5,81,1014.3,2.8,2,2024-11-21 02:00:00+00:00
22.3,77,1014.9,2.1,0,2024-11-21 03:00:00+00:00
25.1,68,1015.3,0.6,0,2024-11-21 04:00:00+00:00
27.2,65,1015.4,1.7,3,2024-11-21 05:00:00+00:00
28.8,56,1014.9,5.7,1,2024-11-21 06:00:00+00:00
29.9,49,1013.7,8.4,0,2024-11-21 07:00:00+00:00
30.2,46,1012.7,10.8,0,2024-11-21 08:00:00+00:00
30.2,45,1011.9,11.9,0,2024-11-21 09:00:00+00:00
30.1,44,1011.5,12.1,0,2024-11-21 10:00:00+00:00
29.4,48,1011.2,11.8,0,2024-11-21 11:00:00+00:00
28.5,53,1011.6,10.3,0,2024-11-21 12:00:00+00:00
27.7,57,1012.3,9.6,0,2024-11-21 13:00:00+00:00
27.0,62,1012.8,7.2,0,2024-11-21 14:00:00+00:00
26.3,67,1013.3,5.9,0,2024-11-21 15:00:00+00:00
26.0,71,1013.5,5.8,0,2024-11-21 16:00:00+00:00
25.5,74,1013.5,6.1,0,2024-11-21 17:00:00+00:00
25.1,75,1013.5,6.3,0,2024-11-21 18:00:00+00:00
24.6,76,1013.1,7.0,0,2024-11-21 19:00:00+00:00
24.0,78,1012.9,7.1,0,2024-11-21 20:00:00+00:00
23.4,81,1012.6,6.9,0,2024-11-21 21:00:00+00:00
23.2,81,1012.5,5.9,0,2024-11-21 22:00:00+00:00
23.2,81,1012.2,5.4,0,2024-11-21 23:00:00+00:00
23.5,80,1012.4,5.2,2,2024-11-22 00:00:00+00:00
23.0,81,1013.0,2.5,1,2024-11-22 01:00:00+00:00
22.7,82,1013.7,2.5,0,2024-11-22 02:00:00+00:00
23.1,81,1014.3,3.2,1,2024-11-22 03:00:00+00:00
25.4,70,1015.0,1.6,5,2024-11-22 04:00:00+00:00
27.6,60,1015.2,4.7,2,2024-11-22 05:00:00+00:00
29.1,51,1014.4,7.4,6,2024-11-22 06:00:00+00:00
29.9,47,1013.3,9.1,14,2024-11-22 07:00:00+00:00
30.4,44,1012.0,10.5,23,2024-11-22 08:00:00+00:00
30.4,43,1010.9,11.2,48,2024-11-22 09:00:00+00:00
29.9,46,1010.5,12.6,85,2024-11-22 10:00:00+00:00
28.7,55,1010.4,14.4,23,2024-11-22 11:00:00+00:00
27.7,58,1011.1,13.6,4,2024-11-22 12:00:00+00:00
27.3,58,1011.6,10.9,0,2024-11-22 13:00:00+00:00
27.0,60,1012.2,7.5,0,2024-11-22 14:00:00+00:00
26.5,62,1012.7,6.7,0,2024-11-22 15:00:00+00:00
26.1,66,1013.0,6.8,0,2024-11-22 16:00:00+00:00
25.7,69,1013.1,7.8,0,2024-11-22 17:00:00+00:00
25.2,70,1012.9,7.1,0,2024-11-22 18:00:00+00:00
24.6,73,1012.5,7.5,0,2024-11-22 19:00:00+00:00
24.1,75,1012.3,8.3,0,2024-11-22 20:00:00+00:00
24.0,75,1012.2,8.5,0,2024-11-22 21:00:00+00:00
24.1,75,1012.1,7.2,0,2024-11-22 22:00:00+00:00
24.1,75,1012.2,7.4,0,2024-11-22 23:00:00+00:00
24.0,75,1012.4,6.8,3,2024-11-23 00:00:00+00:00
23.6,76,1013.0,6.4,0,2024-11-23 01:00:00+00:00
22.9,80,1013.7,5.0,0,2024-11-23 02:00:00+00:00
23.3,78,1014.3,4.3,0,2024-11-23 03:00:00+00:00
25.7,67,1015.0,2.5,2,2024-11-23 04:00:00+00:00
27.8,60,1015.1,5.0,6,2024-11-23 05:00:00+00:00
29.2,52,1014.6,8.5,8,2024-11-23 06:00:00+00:00
30.0,47,1013.5,10.2,20,2024-11-23 07:00:00+00:00
30.2,46,1012.5,11.1,23,2024-11-23 08:00:00+00:00
30.1,47,1011.6,12.0,26,2024-11-23 09:00:00+00:00
29.8,48,1011.3,12.1,61,2024-11-23 10:00:00+00:00
29.1,52,1011.0,12.5,14,2024-11-23 11:00:00+00:00
28.3,55,1011.4,11.4,4,2024-11-23 12:00:00+00:00
27.7,59,1012.1,10.1,0,2024-11-23 13:00:00+00:00
27.1,63,1012.5,7.6,0,2024-11-23 14:00:00+00:00
26.6,67,1013.1,7.7,0,2024-11-23 15:00:00+00:00
26.3,69,1013.5,6.9,5,2024-11-23 16:00:00+00:00
25.8,70,1013.6,5.7,51,2024-11-23 17:00:00+00:00
25.4,72,1013.5,5.9,95,2024-11-23 18:00:00+00:00
25.0,74,1013.3,4.9,94,2024-11-23 19:00:00+00:00
24.5,76,1012.8,5.7,99,2024-11-23 20:00:00+00:00
24.0,79,1012.9,6.8,99,2024-11-23 21:00:00+00:00
23.7,81,1012.6,5.3,100,2024-11-23 22:00:00+00:00
23.6,81,1012.4,4.6,99,2024-11-23 23:00:00+00:00
23.3,83,1012.4,3.6,79,2024-11-24 00:00:00+00:00
23.1,85,1013.3,3.0,51,2024-11-24 01:00:00+00:00
22.9,86,1014.0,3.5,33,2024-11-24 02:00:00+00:00
23.4,84,1014.5,4.6,38,2024-11-24 03:00:00+00:00
25.7,73,1015.5,3.7,1,2024-11-24 04:00:00+00:00
27.5,65,1015.6,0.7,45,2024-11-24 05:00:00+00:00
28.7,56,1015.2,2.2,46,2024-11-24 06:00:00+00:00
29.6,49,1014.2,5.2,23,2024-11-24 07:00:00+00:00
29.9,47,1013.5,7.9,30,2024-11-24 08:00:00+00:00
29.6,49,1012.5,9.3,27,2024-11-24 09:00:00+00:00
29.4,51,1012.1,9.8,13,2024-11-24 10:00:00+00:00
29.0,52,1011.9,9.6,18,2024-11-24 11:00:00+00:00
28.4,53,1012.3,9.5,19,2024-11-24 12:00:00+00:00
28.1,55,1012.7,8.3,7,2024-11-24 13:00:00+00:00
27.3,61,1013.0,10.1,5,2024-11-24 14:00:00+00:00
26.6,64,1013.6,9.4,5,2024-11-24 15:00:00+00:00
26.0,67,1014.0,8.4,4,2024-11-24 16:00:00+00:00
25.5,70,1014.2,7.1,0,2024-11-24 17:00:00+00:00
25.1,72,1014.2,6.1,0,2024-11-24 18:00:00+00:00
24.6,75,1014.0,6.1,0,2024-11-24 19:00:00+00:00
24.2,77,1013.7,5.9,0,2024-11-24 20:00:00+00:00
23.8,80,1013.8,6.5,0,2024-11-24 21:00:00+00:00
23.3,84,1013.8,7.3,0,2024-11-24 22:00:00+00:00
22.9,82,1013.9,7.7,1,2024-11-24 23:00:00+00:00
22.5,74,1014.0,7.2,1,2024-11-25 00:00:00+00:00
21.8,66,1014.8,6.9,0,2024-11-25 01:00:00+00:00
21.5,63,1015.6,7.4,6,2024-11-25 02:00:00+00:00
22.1,57,1016.2,7.2,3,2024-11-25 03:00:00+00:00
24.1,50,1016.7,5.1,2,2024-11-25 04:00:00+00:00
26.9,39,1016.9,5.1,0,2024-11-25 05:00:00+00:00
28.8,30,1016.2,4.1,1,2024-11-25 06:00:00+00:00
30.0,26,1015.1,3.9,0,2024-11-25 07:00:00+00:00
30.8,24,1014.0,3.8,0,2024-11-25 08:00:00+00:00
31.1,24,1012.9,5.0,0,2024-11-25 09:00:00+00:00
30.9,27,1012.5,7.7,0,2024-11-25 10:00:00+00:00
29.9,34,1012.3,10.8,0,2024-11-25 11:00:00+00:00
28.7,35,1012.6,11.5,0,2024-11-25 12:00:00+00:00
27.3,42,1013.1,8.2,0,2024-11-25 13:00:00+00:00
26.2,49,1013.8,8.4,12,2024-11-25 14:00:00+00:00
25.4,55,1014.4,7.3,60,2024-11-25 15:00:00+00:00
25.1,57,1014.9,6.4,7,2024-11-25 16:00:00+00:00
24.7,59,1014.9,7.2,0,2024-11-25 17:00:00+00:00
24.1,62,1014.9,6.3,0,2024-11-25 18:00:00+00:00
23.5,66,1014.7,6.0,0,2024-11-25 19:00:00+00:00
23.6,61,1014.2,4.3,0,2024-11-25 20:00:00+00:00
23.2,61,1014.4,4.7,0,2024-11-25 21:00:00+00:00
22.2,65,1014.4,6.1,0,2024-11-25 22:00:00+00:00
21.5,68,1014.6,6.8,0,2024-11-25 23:00:00+00:00
21.2,69,1014.7,7.1,0,2024-11-26 00:00:00+00:00
21.4,77,1015.0,6.8,0,2024-11-26 01:00:00+00:00
21.1,79,1015.4,5.2,0,2024-11-26 02:00:00+00:00
21.4,78,1015.9,3.6,0,2024-11-26 03:00:00+00:00
24.0,67,1016.4,1.9,0,2024-11-26 04:00:00+00:00
26.8,56,1016.8,1.0,0,2024-11-26 05:00:00+00:00
29.1,40,1016.2,2.3,0,2024-11-26 06:00:00+00:00
30.3,33,1015.0,5.5,0,2024-11-26 07:00:00+00:00
30.8,34,1013.8,8.5,0,2024-11-26 08:00:00+00:00
30.7,36,1012.7,10.7,0,2024-11-26 09:00:00+00:00
30.6,35,1012.4,12.2,0,2024-11-26 10:00:00+00:00
29.9,37,1012.2,12.3,11,2024-11-26 11:00:00+00:00
28.7,43,1012.1,10.7,0,2024-11-26 12:00:00+00:00
27.4,55,1012.7,8.6,1,2024-11-26 13:00:00+00:00
26.5,62,1013.0,6.4,0,2024-11-26 14:00:00+00:00
25.8,65,1013.5,5.0,0,2024-11-26 15:00:00+00:00
25.3,68,1013.8,4.9,0,2024-11-26 16:00:00+00:00
24.8,71,1014.0,4.8,0,2024-11-26 17:00:00+00:00
24.3,73,1013.8,1.9,0,2024-11-26 18:00:00+00:00
23.6,76,1013.3,3.1,0,2024-11-26 19:00:00+00:00
23.0,79,1013.0,5.2,0,2024-11-26 20:00:00+00:00
22.7,81,1012.9,4.1,0,2024-11-26 21:00:00+00:00
22.4,83,1012.7,2.8,0,2024-11-26 22:00:00+00:00
22.2,86,1012.6,1.5,0,2024-11-26 23:00:00+00:00
22.3,86,1012.4,1.1,0,2024-11-27 00:00:00+00:00
22.7,84,1012.6,1.3,0,2024-11-27 01:00:00+00:00
22.9,86,1013.0,2.3,0,2024-11-27 02:00:00+00:00
24.2,82,1013.8,4.4,0,2024-11-27 03:00:00+00:00
26.6,73,1014.3,4.6,0,2024-11-27 04:00:00+00:00
28.5,60,1014.5,8.6,0,2024-11-27 05:00:00+00:00
29.4,55,1014.0,9.8,0,2024-11-27 06:00:00+00:00
29.9,53,1013.0,11.4,13,2024-11-27 07:00:00+00:00
30.0,53,1011.9,12.3,12,2024-11-27 08:00:00+00:00
29.9,54,1011.0,12.4,17,2024-11-27 09:00:00+00:00
29.6,56,1010.6,12.1,10,2024-11-27 10:00:00+00:00
29.1,57,1010.5,11.6,2,2024-11-27 11:00:00+00:00
28.3,60,1010.8,10.5,0,2024-11-27 12:00:00+00:00
27.7,65,1011.0,7.6,0,2024-11-27 13:00:00+00:00
27.1,70,1011.7,6.1,0,2024-11-27 14:00:00+00:00
26.6,73,1012.3,5.3,0,2024-11-27 15:00:00+00:00
26.2,76,1012.6,4.6,0,2024-11-27 16:00:00+00:00
25.9,78,1012.8,3.8,0,2024-11-27 17:00:00+00:00
25.4,80,1012.8,1.7,0,2024-11-27 18:00:00+00:00
25.0,82,1012.6,2.1,0,2024-11-27 19:00:00+00:00
24.7,84,1012.3,4.5,0,2024-11-27 20:00:00+00:00
24.3,86,1012.3,5.2,4,2024-11-27 21:00:00+00:00
24.0,86,1012.3,3.7,19,2024-11-27 22:00:00+00:00
23.7,87,1012.3,2.7,1,2024-11-27 23:00:00+00:00
23.0,90,1012.2,1.3,3,2024-11-28 00:00:00+00:00
22.4,91,1012.7,1.0,0,2024-11-28 01:00:00+00:00
22.0,91,1013.2,2.7,1,2024-11-28 02:00:00+00:00
22.6,86,1014.0,3.6,1,2024-11-28 03:00:00+00:00
24.9,76,1014.6,3.2,1,2024-11-28 04:00:00+00:00
26.8,71,1014.8,1.0,0,2024-11-28 05:00:00+00:00
28.2,64,1014.4,1.8,0,2024-11-28 06:00:00+00:00
29.3,59,1013.5,4.8,1,2024-11-28 07:00:00+00:00
30.0,53,1012.5,8.1,45,2024-11-28 08:00:00+00:00
29.3,59,1011.5,11.2,28,2024-11-28 09:00:00+00:00
28.7,63,1011.1,11.5,31,2024-11-28 10:00:00+00:00
28.3,64,1011.1,10.3,31,2024-11-28 11:00:00+00:00
27.7,67,1011.4,9.2,13,2024-11-28 12:00:00+00:00
27.1,68,1011.8,8.3,14,2024-11-28 13:00:00+00:00
26.7,71,1012.4,6.8,4,2024-11-28 14:00:00+00:00
26.4,73,1013.0,6.4,1,2024-11-28 15:00:00+00:00
26.1,76,1013.6,5.8,1,2024-11-28 16:00:00+00:00
25.8,77,1014.1,5.1,0,2024-11-28 17:00:00+00:00
25.3,79,1014.1,5.6,0,2024-11-28 18:00:00+00:00
24.7,81,1014.0,6.1,0,2024-11-28 19:00:00+00:00
24.0,85,1013.5,5.4,0,2024-11-28 20:00:00+00:00
23.4,88,1013.3,5.8,0,2024-11-28 21:00:00+00:00
23.0,90,1013.2,6.2,3,2024-11-28 22:00:00+00:00
22.8,92,1013.2,6.0,0,2024-11-28 23:00:00+00:00
22.6,93,1013.6,6.1,2,2024-11-29 00:00:00+00:00
22.2,90,1014.1,5.6,3,2024-11-29 01:00:00+00:00
22.0,91,1014.8,5.8,7,2024-11-29 02:00:00+00:00
22.2,90,1015.5,5.8,12,2024-11-29 03:00:00+00:00
23.9,81,1016.2,3.7,2,2024-11-29 04:00:00+00:00
26.2,69,1016.2,3.4,3,2024-11-29 05:00:00+00:00
27.9,57,1015.8,1.8,0,2024-11-29 06:00:00+00:00
29.3,47,1014.4,1.0,0,2024-11-29 07:00:00+00:00
30.1,42,1013.4,4.1,0,2024-11-29 08:00:00+00:00
30.0,47,1012.1,8.3,0,2024-11-29 09:00:00+00:00
29.6,53,1011.6,10.7,24,2024-11-29 10:00:00+00:00
28.6,60,1011.7,11.4,22,2024-11-29 11:00:00+00:00
27.7,62,1012.0,9.8,9,2024-11-29 12:00:00+00:00
26.9,64,1012.5,8.6,0,2024-11-29 13:00:00+00:00
26.2,69,1013.3,7.5,0,2024-11-29 14:00:00+00:00
25.6,73,1013.7,4.4,0,2024-11-29 15:00:00+00:00
25.2,76,1014.2,4.7,0,2024-11-29 16:00:00+00:00
24.7,79,1014.3,6.3,0,2024-11-29 17:00:00+00:00
24.2,81,1014.3,6.4,1,2024-11-29 18:00:00+00:00
23.7,83,1014.0,5.9,0,2024-11-29 19:00:00+00:00
23.2,85,1013.5,6.1,0,2024-11-29 20:00:00+00:00
22.8,87,1013.4,5.7,0,2024-11-29 21:00:00+00:00
22.6,88,1013.1,5.5,0,2024-11-29 22:00:00+00:00
22.5,88,1013.2,5.5,3,2024-11-29 23:00:00+00:00
22.2,89,1013.3,6.5,8,2024-11-30 00:00:00+00:00
21.9,88,1013.9,7.8,6,2024-11-30 01:00:00+00:00
21.8,85,1014.3,7.4,2,2024-11-30 02:00:00+00:00
22.0,80,1014.9,7.0,1,2024-11-30 03:00:00+00:00
23.6,70,1015.4,5.8,6,2024-11-30 04:00:00+00:00
26.1,56,1015.5,5.7,1,2024-11-30 05:00:00+00:00
28.3,42,1015.0,7.4,1,2024-11-30 06:00:00+00:00
29.7,34,1013.9,7.3,1,2024-11-30 07:00:00+00:00
30.4,30,1012.6,7.9,0,2024-11-30 08:00:00+00:00
30.7,29,1011.4,9.1,0,2024-11-30 09:00:00+00:00
30.7,29,1010.7,10.2,0,2024-11-30 10:00:00+00:00
30.3,30,1010.5,11.4,0,2024-11-30 11:00:00+00:00
29.7,31,1010.8,11.5,0,2024-11-30 12:00:00+00:00
28.7,32,1011.5,9.6,1,2024-11-30 13:00:00+00:00
28.0,32,1012.2,8.1,1,2024-11-30 14:00:00+00:00
27.3,34,1012.8,7.9,0,2024-11-30 15:00:00+00:00
26.3,37,1013.2,10.2,1,2024-11-30 16:00:00+00:00
25.3,41,1013.3,9.9,0,2024-11-30 17:00:00+00:00
24.6,44,1013.4,9.0,0,2024-11-30 18:00:00+00:00
23.8,47,1013.1,7.4,0,2024-11-30 19:00:00+00:00
23.2,49,1012.6,6.7,0,2024-11-30 20:00:00+00:00
22.8,52,1012.6,6.4,0,2024-11-30 21:00:00+00:00
22.1,54,1012.0,6.9,0,2024-11-30 22:00:00+00:00
21.5,57,1011.9,7.2,0,2024-11-30 23:00:00+00:00
21.0,58,1011.9,7.9,0,2024-12-01 00:00:00+00:00
20.6,60,1012.5,7.3,0,2024-12-01 01:00:00+00:00
20.4,59,1013.0,7.4,0,2024-12-01 02:00:00+00:00
20.6,58,1013.4,7.4,2,2024-12-01 03:00:00+00:00
22.6,49,1014.0,5.0,1,2024-12-01 04:00:00+00:00
25.4,36,1014.2,4.9,0,2024-12-01 05:00:00+00:00
27.3,29,1013.6,6.2,1,2024-12-01 06:00:00+00:00
28.5,26,1012.4,5.5,1,2024-12-01 07:00:00+00:00
29.2,26,1011.1,5.2,0,2024-12-01 08:00:00+00:00
29.4,27,1009.8,6.7,0,2024-12-01 09:00:00+00:00
29.1,30,1009.0,9.7,0,2024-12-01 10:00:00+00:00
28.2,34,1008.7,11.1,0,2024-12-01 11:00:00+00:00
27.5,34,1008.8,9.6,0,2024-12-01 12:00:00+00:00
27.0,38,1009.4,6.9,0,2024-12-01 13:00:00+00:00
26.5,37,1010.0,6.9,0,2024-12-01 14:00:00+00:00
25.8,36,1010.5,6.5,1,2024-12-01 15:00:00+00:00
25.2,38,1010.9,6.7,1,2024-12-01 16:00:00+00:00
24.4,40,1011.2,8.0,1,2024-12-01 17:00:00+00:00
23.9,42,1011.1,8.0,1,2024-12-01 18:00:00+00:00
23.7,41,1011.3,7.3,1,2024-12-01 19:00:00+00:00
23.2,42,1010.8,7.2,1,2024-12-01 20:00:00+00:00
22.5,46,1010.6,7.5,0,2024-12-01 21:00:00+00:00
22.0,48,1010.2,7.7,0,2024-12-01 22:00:00+00:00
21.5,49,1009.9,7.6,2,2024-12-01 23:00:00+00:00
21.1,49,1010.0,7.9,1,2024-12-02 00:00:00+00:00
20.4,50,1010.6,8.5,0,2024-12-02 01:00:00+00:00
20.1,51,1011.4,8.4,0,2024-12-02 02:00:00+00:00
20.5,50,1012.1,7.6,0,2024-12-02 03:00:00+00:00
22.4,45,1013.2,5.4,0,2024-12-02 04:00:00+00:00
25.0,36,1013.5,5.8,0,2024-12-02 05:00:00+00:00
27.2,32,1012.9,6.6,0,2024-12-02 06:00:00+00:00
28.8,29,1012.0,7.0,0,2024-12-02 07:00:00+00:00
29.7,27,1010.9,5.6,0,2024-12-02 08:00:00+00:00
30.1,26,1010.1,4.6,0,2024-12-02 09:00:00+00:00
30.3,26,1009.7,4.5,0,2024-12-02 10:00:00+00:00
30.1,26,1009.4,3.5,0,2024-12-02 11:00:00+00:00
29.2,28,1009.8,3.3,0,2024-12-02 12:00:00+00:00
27.8,35,1010.5,7.9,0,2024-12-02 13:00:00+00:00
26.7,40,1011.3,9.9,0,2024-12-02 14:00:00+00:00
26.0,41,1011.9,7.5,0,2024-12-02 15:00:00+00:00
25.3,42,1012.4,8.3,0,2024-12-02 16:00:00+00:00
24.9,42,1012.8,8.4,0,2024-12-02 17:00:00+00:00
24.4,43,1012.8,8.0,0,2024-12-02 18:00:00+00:00
23.7,45,1012.9,7.8,0,2024-12-02 19:00:00+00:00
22.9,48,1012.6,8.3,0,2024-12-02 20:00:00+00:00
22.2,51,1012.7,8.8,0,2024-12-02 21:00:00+00:00
21.9,53,1012.5,9.3,0,2024-12-02 22:00:00+00:00
21.6,55,1012.5,9.5,0,2024-12-02 23:00:00+00:00
21.4,56,1012.6,10.2,0,2024-12-03 00:00:00+00:00
21.0,57,1012.9,10.0,0,2024-12-03 01:00:00+00:00
20.9,58,1013.7,10.6,0,2024-12-03 02:00:00+00:00
21.6,57,1014.4,11.2,0,2024-12-03 03:00:00+00:00
23.5,52,1015.1,10.7,0,2024-12-03 04:00:00+00:00
25.6,46,1015.5,11.0,0,2024-12-03 05:00:00+00:00
27.5,40,1015.0,11.7,0,2024-12-03 06:00:00+00:00
29.1,33,1014.2,12.2,15,2024-12-03 07:00:00+00:00
29.9,29,1013.2,12.4,4,2024-12-03 08:00:00+00:00
30.3,28,1012.5,12.2,0,2024-12-03 09:00:00+00:00
30.3,27,1011.9,12.1,0,2024-12-03 10:00:00+00:00
29.8,28,1011.7,12.9,0,2024-12-03 11:00:00+00:00
29.0,30,1012.2,13.6,0,2024-12-03 12:00:00+00:00
28.3,33,1013.3,13.2,0,2024-12-03 13:00:00+00:00
27.5,36,1014.1,11.8,0,2024-12-03 14:00:00+00:00
26.3,41,1014.7,12.3,0,2024-12-03 15:00:00+00:00
25.4,45,1015.1,12.5,0,2024-12-03 16:00:00+00:00
24.7,48,1015.3,12.1,0,2024-12-03 17:00:00+00:00
24.2,49,1015.2,12.9,0,2024-12-03 18:00:00+00:00
24.0,48,1014.9,13.5,0,2024-12-03 19:00:00+00:00
23.9,47,1014.5,14.3,0,2024-12-03 20:00:00+00:00
23.6,48,1014.3,15.2,0,2024-12-03 21:00:00+00:00
23.2,50,1013.9,15.1,0,2024-12-03 22:00:00+00:00
22.7,52,1013.8,15.0,48,2024-12-03 23:00:00+00:00
22.3,54,1013.9,14.3,0,2024-12-04 00:00:00+00:00
21.9,57,1014.7,14.3,1,2024-12-04 01:00:00+00:00
21.7,58,1015.7,13.7,1,2024-12-04 02:00:00+00:00
22.1,56,1016.8,13.7,29,2024-12-04 03:00:00+00:00
23.4,52,1017.3,12.4,3,2024-12-04 04:00:00+00:00
25.4,46,1017.5,13.4,0,2024-12-04 05:00:00+00:00
27.2,38,1016.8,15.4,0,2024-12-04 06:00:00+00:00
28.5,33,1015.7,16.1,0,2024-12-04 07:00:00+00:00
29.2,30,1014.5,14.9,0,2024-12-04 08:00:00+00:00
29.5,29,1013.5,13.2,0,2024-12-04 09:00:00+00:00
29.6,28,1013.0,12.1,0,2024-12-04 10:00:00+00:00
29.3,29,1012.8,11.7,0,2024-12-04 11:00:00+00:00
28.6,30,1013.0,11.8,0,2024-12-04 12:00:00+00:00
28.2,31,1013.7,10.2,0,2024-12-04 13:00:00+00:00
27.3,33,1014.4,10.1,0,2024-12-04 14:00:00+00:00
26.3,36,1015.1,9.5,0,2024-12-04 15:00:00+00:00
25.4,40,1015.5,9.3,0,2024-12-04 16:00:00+00:00
24.6,43,1015.5,9.3,0,2024-12-04 17:00:00+00:00
23.8,46,1015.2,8.9,0,2024-12-04 18:00:00+00:00
23.0,49,1014.8,8.3,0,2024-12-04 19:00:00+00:00
22.0,53,1014.4,9.0,0,2024-12-04 20:00:00+00:00
21.5,55,1014.1,7.7,18,2024-12-04 21:00:00+00:00
20.9,57,1013.9,8.3,38,2024-12-04 22:00:00+00:00
20.7,57,1013.9,8.1,39,2024-12-04 23:00:00+00:00
20.3,58,1013.8,7.9,29,2024-12-05 00:00:00+00:00
19.6,59,1014.7,7.8,37,2024-12-05 01:00:00+00:00
19.5,59,1015.1,7.2,57,2024-12-05 02:00:00+00:00
19.9,57,1015.6,5.9,8,2024-12-05 03:00:00+00:00
22.0,50,1016.4,4.0,3,2024-12-05 04:00:00+00:00
24.9,38,1016.8,2.3,0,2024-12-05 05:00:00+00:00
26.8,32,1016.3,2.1,0,2024-12-05 06:00:00+00:00
27.8,32,1015.0,4.1,0,2024-12-05 07:00:00+00:00
28.2,33,1014.1,7.8,0,2024-12-05 08:00:00+00:00
28.4,34,1013.1,9.8,0,2024-12-05 09:00:00+00:00
28.3,34,1012.7,10.5,0,2024-12-05 10:00:00+00:00
27.8,36,1012.4,10.9,0,2024-12-05 11:00:00+00:00
26.7,40,1012.5,10.8,0,2024-12-05 12:00:00+00:00
25.9,49,1012.8,8.7,0,2024-12-05 13:00:00+00:00
25.4,54,1013.3,6.5,23,2024-12-05 14:00:00+00:00
25.0,60,1013.8,6.3,8,2024-12-05 15:00:00+00:00
24.8,63,1013.9,5.6,82,2024-12-05 16:00:00+00:00
24.5,65,1014.0,4.3,87,2024-12-05 17:00:00+00:00
23.9,67,1014.0,2.2,100,2024-12-05 18:00:00+00:00
23.1,67,1013.9,5.6,100,2024-12-05 19:00:00+00:00
22.4,68,1013.5,3.9,100,2024-12-05 20:00:00+00:00
22.2,67,1013.2,1.5,100,2024-12-05 21:00:00+00:00
22.2,65,1012.7,2.5,100,2024-12-05 22:00:00+00:00
21.3,68,1012.6,7.7,100,2024-12-05 23:00:00+00:00
19.9,74,1012.6,7.9,100,2024-12-06 00:00:00+00:00
19.3,78,1013.2,7.2,98,2024-12-06 01:00:00+00:00
18.5,81,1013.7,8.0,100,2024-12-06 02:00:00+00:00
18.6,78,1014.5,7.6,98,2024-12-06 03:00:00+00:00
20.6,67,1015.0,5.8,83,2024-12-06 04:00:00+00:00
23.6,56,1015.3,4.5,0,2024-12-06 05:00:00+00:00
25.8,49,1014.8,3.6,0,2024-12-06 06:00:00+00:00
27.2,45,1013.7,3.4,0,2024-12-06 07:00:00+00:00
27.9,42,1012.6,4.9,0,2024-12-06 08:00:00+00:00
28.1,44,1011.4,7.4,0,2024-12-06 09:00:00+00:00
28.1,45,1010.7,8.2,0,2024-12-06 10:00:00+00:00
27.7,45,1010.4,8.4,0,2024-12-06 11:00:00+00:00
26.7,46,1010.6,8.1,0,2024-12-06 12:00:00+00:00
25.4,46,1011.2,9.3,0,2024-12-06 13:00:00+00:00
24.2,46,1011.6,7.3,0,2024-12-06 14:00:00+00:00
23.5,46,1012.1,6.4,12,2024-12-06 15:00:00+00:00
22.8,47,1012.6,7.1,67,2024-12-06 16:00:00+00:00
22.5,47,1012.8,6.4,7,2024-12-06 17:00:00+00:00
21.8,49,1012.9,8.3,8,2024-12-06 18:00:00+00:00
21.5,50,1012.4,6.9,0,2024-12-06 19:00:00+00:00
21.1,53,1011.7,5.1,0,2024-12-06 20:00:00+00:00
21.0,53,1011.4,3.2,0,2024-12-06 21:00:00+00:00
19.9,58,1011.0,6.9,0,2024-12-06 22:00:00+00:00
18.6,62,1011.0,8.3,0,2024-12-06 23:00:00+00:00
17.6,60,1011.1,8.5,2,2024-12-07 00:00:00+00:00
16.7,57,1011.9,8.9,0,2024-12-07 01:00:00+00:00
16.1,46,1012.6,10.0,0,2024-12-07 02:00:00+00:00
16.6,38,1013.1,9.9,0,2024-12-07 03:00:00+00:00
18.8,31,1013.4,7.6,1,2024-12-07 04:00:00+00:00
21.9,24,1013.8,7.5,0,2024-12-07 05:00:00+00:00
24.7,16,1013.4,7.2,0,2024-12-07 06:00:00+00:00
26.6,10,1012.3,7.7,0,2024-12-07 07:00:00+00:00
27.6,10,1011.2,6.8,0,2024-12-07 08:00:00+00:00
28.3,12,1010.3,6.0,0,2024-12-07 09:00:00+00:00
28.6,16,1009.9,5.2,0,2024-12-07 10:00:00+00:00
28.5,19,1009.5,5.3,0,2024-12-07 11:00:00+00:00
28.0,20,1009.9,6.1,0,2024-12-07 12:00:00+00:00
26.8,23,1010.6,6.8,0,2024-12-07 13:00:00+00:00
25.1,22,1011.7,9.1,0,2024-12-07 14:00:00+00:00
24.0,22,1012.0,5.8,0,2024-12-07 15:00:00+00:00
22.8,25,1012.4,5.3,0,2024-12-07 16:00:00+00:00
21.9,27,1012.8,7.3,0,2024-12-07 17:00:00+00:00
21.1,28,1012.9,6.1,0,2024-12-07 18:00:00+00:00
21.0,25,1012.9,13.4,0,2024-12-07 19:00:00+00:00
20.3,16,1012.4,12.0,0,2024-12-07 20:00:00+00:00
19.0,16,1012.2,12.7,0,2024-12-07 21:00:00+00:00
18.0,19,1012.1,12.3,0,2024-12-07 22:00:00+00:00
17.9,19,1012.3,12.8,0,2024-12-07 23:00:00+00:00
18.0,16,1012.4,13.3,0,2024-12-08 00:00:00+00:00
18.3,17,1013.0,14.8,0,2024-12-08 01:00:00+00:00
18.1,17,1013.8,14.6,0,2024-12-08 02:00:00+00:00
18.3,16,1014.7,12.5,0,2024-12-08 03:00:00+00:00
19.8,14,1015.4,8.0,0,2024-12-08 04:00:00+00:00
22.1,12,1015.9,7.1,0,2024-12-08 05:00:00+00:00
24.5,10,1015.5,7.9,0,2024-12-08 06:00:00+00:00
26.2,9,1014.6,8.9,0,2024-12-08 07:00:00+00:00
27.2,8,1013.5,7.0,0,2024-12-08 08:00:00+00:00
27.9,9,1012.4,5.9,0,2024-12-08 09:00:00+00:00
28.2,9,1011.9,6.3,0,2024-12-08 10:00:00+00:00
27.9,9,1011.9,7.8,0,2024-12-08 11:00:00+00:00
26.7,11,1012.1,12.4,0,2024-12-08 12:00:00+00:00
25.6,13,1013.1,10.9,0,2024-12-08 13:00:00+00:00
24.3,13,1013.9,11.2,0,2024-12-08 14:00:00+00:00
23.9,12,1014.3,13.4,0,2024-12-08 15:00:00+00:00
22.0,13,1014.5,13.9,0,2024-12-08 16:00:00+00:00
20.8,14,1014.9,13.7,0,2024-12-08 17:00:00+00:00
19.8,15,1015.1,11.5,0,2024-12-08 18:00:00+00:00
19.0,17,1015.0,10.5,0,2024-12-08 19:00:00+00:00
18.0,20,1014.8,9.2,0,2024-12-08 20:00:00+00:00
17.2,22,1014.8,9.6,0,2024-12-08 21:00:00+00:00
16.7,21,1014.6,10.7,0,2024-12-08 22:00:00+00:00
16.2,22,1014.5,9.9,0,2024-12-08 23:00:00+00:00
15.8,24,1014.8,9.2,0,2024-12-09 00:00:00+00:00
14.5,27,1015.8,10.1,0,2024-12-09 01:00:00+00:00
14.5,29,1016.7,10.9,0,2024-12-09 02:00:00+00:00
15.1,29,1017.2,10.6,0,2024-12-09 03:00:00+00:00
17.0,26,1017.7,8.3,0,2024-12-09 04:00:00+00:00
20.0,21,1018.1,6.3,0,2024-12-09 05:00:00+00:00
23.0,15,1017.5,4.5,0,2024-12-09 06:00:00+00:00
24.7,11,1016.6,2.6,0,2024-12-09 07:00:00+00:00
25.6,11,1015.6,3.0,0,2024-12-09 08:00:00+00:00
26.0,13,1014.6,4.5,0,2024-12-09 09:00:00+00:00
26.1,15,1014.0,5.8,0,2024-12-09 10:00:00+00:00
25.5,22,1014.0,7.7,0,2024-12-09 11:00:00+00:00
24.5,26,1014.5,7.2,0,2024-12-09 12:00:00+00:00
23.3,27,1015.2,9.0,0,2024-12-09 13:00:00+00:00
22.7,27,1015.9,6.7,0,2024-12-09 14:00:00+00:00
22.2,28,1016.6,6.0,0,2024-12-09 15:00:00+00:00
21.6,30,1016.9,7.3,0,2024-12-09 16:00:00+00:00
20.9,29,1017.2,8.3,0,2024-12-09 17:00:00+00:00
20.1,25,1017.1,7.8,0,2024-12-09 18:00:00+00:00
19.0,25,1016.8,7.9,0,2024-12-09 19:00:00+00:00
18.1,29,1016.5,7.7,0,2024-12-09 20:00:00+00:00
17.4,32,1016.3,7.9,0,2024-12-09 21:00:00+00:00
16.7,35,1016.0,8.9,0,2024-12-09 22:00:00+00:00
16.4,37,1015.7,9.1,0,2024-12-09 23:00:00+00:00
16.1,37,1015.7,9.6,0,2024-12-10 00:00:00+00:00
15.3,36,1016.8,10.3,0,2024-12-10 01:00:00+00:00
15.2,35,1017.5,10.0,0,2024-12-10 02:00:00+00:00
15.5,34,1018.2,9.8,1,2024-12-10 03:00:00+00:00
17.4,29,1018.5,8.3,0,2024-12-10 04:00:00+00:00
20.2,24,1018.8,7.3,0,2024-12-10 05:00:00+00:00
22.6,21,1018.4,8.4,0,2024-12-10 06:00:00+00:00
24.0,18,1017.4,8.3,0,2024-12-10 07:00:00+00:00
24.9,17,1016.2,6.8,0,2024-12-10 08:00:00+00:00
25.4,16,1015.1,5.1,0,2024-12-10 09:00:00+00:00
25.6,15,1014.4,3.6,0,2024-12-10 10:00:00+00:00
25.6,14,1014.0,2.9,0,2024-12-10 11:00:00+00:00
25.1,15,1014.2,3.1,0,2024-12-10 12:00:00+00:00
24.4,16,1014.8,1.9,0,2024-12-10 13:00:00+00:00
23.1,20,1015.5,5.8,0,2024-12-10 14:00:00+00:00
22.0,30,1016.1,7.4,0,2024-12-10 15:00:00+00:00
21.2,37,1016.6,6.1,1,2024-12-10 16:00:00+00:00
20.3,35,1016.9,4.9,0,2024-12-10 17:00:00+00:00
19.6,30,1016.7,5.6,0,2024-12-10 18:00:00+00:00
18.7,30,1016.3,6.5,0,2024-12-10 19:00:00+00:00
17.7,33,1016.0,7.2,0,2024-12-10 20:00:00+00:00
17.1,35,1015.8,7.3,0,2024-12-10 21:00:00+00:00
16.5,37,1015.6,7.0,0,2024-12-10 22:00:00+00:00
15.9,39,1015.5,7.7,0,2024-12-10 23:00:00+00:00
15.7,40,1015.4,7.8,0,2024-12-11 00:00:00+00:00
14.8,43,1016.3,8.0,0,2024-12-11 01:00:00+00:00
14.7,42,1017.1,7.4,0,2024-12-11 02:00:00+00:00
14.9,41,1017.6,7.2,11,2024-12-11 03:00:00+00:00
16.8,37,1018.4,7.0,7,2024-12-11 04:00:00+00:00
19.7,29,1018.8,5.4,0,2024-12-11 05:00:00+00:00
22.3,23,1018.2,6.1,0,2024-12-11 06:00:00+00:00
23.8,22,1017.2,4.3,0,2024-12-11 07:00:00+00:00
24.8,21,1016.1,2.5,0,2024-12-11 08:00:00+00:00
25.5,20,1015.1,1.4,0,2024-12-11 09:00:00+00:00
25.9,19,1014.4,0.8,0,2024-12-11 10:00:00+00:00
25.8,19,1014.1,2.3,0,2024-12-11 11:00:00+00:00
25.1,21,1014.0,3.5,5,2024-12-11 12:00:00+00:00
23.9,29,1014.5,6.8,2,2024-12-11 13:00:00+00:00
22.6,33,1015.1,7.8,9,2024-12-11 14:00:00+00:00
21.6,34,1015.7,7.8,5,2024-12-11 15:00:00+00:00
21.0,32,1016.0,6.4,0,2024-12-11 16:00:00+00:00
20.5,31,1016.2,6.9,0,2024-12-11 17:00:00+00:00
19.2,34,1016.3,7.6,0,2024-12-11 18:00:00+00:00
18.3,36,1016.3,7.8,0,2024-12-11 19:00:00+00:00
17.6,38,1015.7,8.1,0,2024-12-11 20:00:00+00:00
17.1,40,1015.5,8.4,0,2024-12-11 21:00:00+00:00
16.4,42,1015.3,9.0,0,2024-12-11 22:00:00+00:00
15.9,44,1015.1,10.3,0,2024-12-11 23:00:00+00:00
15.5,44,1015.2,11.4,0,2024-12-12 00:00:00+00:00
14.6,43,1016.1,11.2,0,2024-12-12 01:00:00+00:00
14.4,39,1016.8,10.5,0,2024-12-12 02:00:00+00:00
14.8,36,1017.5,10.2,0,2024-12-12 03:00:00+00:00
16.5,32,1018.4,8.0,0,2024-12-12 04:00:00+00:00
19.0,27,1018.7,6.3,0,2024-12-12 05:00:00+00:00
21.4,24,1018.4,5.4,0,2024-12-12 06:00:00+00:00
23.1,21,1017.5,5.8,0,2024-12-12 07:00:00+00:00
24.2,19,1016.4,5.3,0,2024-12-12 08:00:00+00:00
24.8,18,1015.2,5.3,0,2024-12-12 09:00:00+00:00
25.1,17,1014.7,5.8,0,2024-12-12 10:00:00+00:00
24.9,18,1014.6,7.2,0,2024-12-12 11:00:00+00:00
24.3,19,1014.9,8.9,0,2024-12-12 12:00:00+00:00
23.3,21,1015.8,6.2,0,2024-12-12 13:00:00+00:00
22.1,23,1016.5,4.4,0,2024-12-12 14:00:00+00:00
21.0,25,1017.4,5.6,0,2024-12-12 15:00:00+00:00
20.0,27,1017.8,9.8,0,2024-12-12 16:00:00+00:00
18.9,29,1018.0,11.1,0,2024-12-12 17:00:00+00:00
17.9,30,1018.0,10.8,0,2024-12-12 18:00:00+00:00
17.3,29,1017.8,11.6,0,2024-12-12 19:00:00+00:00
16.7,29,1017.5,11.3,80,2024-12-12 20:00:00+00:00
16.1,30,1017.5,10.9,51,2024-12-12 21:00:00+00:00
15.6,30,1017.2,10.9,64,2024-12-12 22:00:00+00:00
15.4,30,1017.0,11.0,2,2024-12-12 23:00:00+00:00
15.4,29,1017.3,11.9,0,2024-12-13 00:00:00+00:00
15.1,30,1018.5,12.4,0,2024-12-13 01:00:00+00:00
15.0,30,1019.1,13.2,0,2024-12-13 02:00:00+00:00
15.4,30,1019.7,13.9,0,2024-12-13 03:00:00+00:00
17.0,28,1020.5,12.7,0,2024-12-13 04:00:00+00:00
19.4,26,1020.4,13.3,0,2024-12-13 05:00:00+00:00
21.5,23,1019.5,17.9,0,2024-12-13 06:00:00+00:00
22.8,18,1018.6,18.2,0,2024-12-13 07:00:00+00:00
23.6,17,1017.4,16.8,0,2024-12-13 08:00:00+00:00
24.0,16,1016.5,15.7,0,2024-12-13 09:00:00+00:00
24.0,16,1015.9,15.3,0,2024-12-13 10:00:00+00:00
23.6,16,1015.7,14.9,0,2024-12-13 11:00:00+00:00
22.8,19,1016.1,14.6,0,2024-12-13 12:00:00+00:00
22.2,21,1016.7,13.5,0,2024-12-13 13:00:00+00:00
21.3,24,1017.2,13.2,0,2024-12-13 14:00:00+00:00
20.3,29,1017.9,13.4,0,2024-12-13 15:00:00+00:00
19.3,32,1018.2,12.7,0,2024-12-13 16:00:00+00:00
18.4,35,1018.4,11.5,0,2024-12-13 17:00:00+00:00
17.7,36,1018.4,12.0,0,2024-12-13 18:00:00+00:00
17.4,35,1018.1,12.3,0,2024-12-13 19:00:00+00:00
17.3,33,1017.6,12.5,0,2024-12-13 20:00:00+00:00
17.1,32,1017.3,12.9,0,2024-12-13 21:00:00+00:00
16.8,32,1017.0,13.1,0,2024-12-13 22:00:00+00:00
16.5,33,1017.0,13.5,0,2024-12-13 23:00:00+00:00
16.3,34,1016.9,13.9,0,2024-12-14 00:00:00+00:00
15.9,35,1017.6,13.6,0,2024-12-14 01:00:00+00:00
15.6,35,1017.9,13.5,0,2024-12-14 02:00:00+00:00
15.9,34,1018.7,13.1,0,2024-12-14 03:00:00+00:00
17.6,30,1019.5,11.3,0,2024-12-14 04:00:00+00:00
20.0,25,1019.7,11.6,0,2024-12-14 05:00:00+00:00
22.1,20,1019.0,13.9,0,2024-12-14 06:00:00+00:00
23.4,17,1018.0,14.1,0,2024-12-14 07:00:00+00:00
24.2,17,1016.8,12.7,0,2024-12-14 08:00:00+00:00
24.6,16,1015.8,11.4,0,2024-12-14 09:00:00+00:00
24.8,16,1015.1,10.3,0,2024-12-14 10:00:00+00:00
24.5,17,1014.9,9.9,0,2024-12-14 11:00:00+00:00
23.9,18,1015.1,10.0,0,2024-12-14 12:00:00+00:00
23.3,19,1015.6,9.1,0,2024-12-14 13:00:00+00:00
22.4,20,1016.3,9.6,0,2024-12-14 14:00:00+00:00
21.2,23,1017.0,10.3,0,2024-12-14 15:00:00+00:00
19.8,26,1017.5,11.1,0,2024-12-14 16:00:00+00:00
18.8,28,1017.7,11.3,0,2024-12-14 17:00:00+00:00
18.0,31,1017.6,11.2,0,2024-12-14 18:00:00+00:00
17.3,32,1017.3,10.3,0,2024-12-14 19:00:00+00:00
16.7,34,1017.1,10.4,0,2024-12-14 20:00:00+00:00
16.3,34,1016.8,10.0,0,2024-12-14 21:00:00+00:00
15.8,35,1016.5,9.5,0,2024-12-14 22:00:00+00:00
15.3,36,1016.5,9.4,0,2024-12-14 23:00:00+00:00
14.8,37,1016.5,9.6,0,2024-12-15 00:00:00+00:00
14.2,40,1017.5,9.9,0,2024-12-15 01:00:00+00:00
14.0,40,1018.1,9.9,0,2024-12-15 02:00:00+00:00
14.2,39,1018.9,9.5,0,2024-12-15 03:00:00+00:00
15.9,34,1020.0,7.2,0,2024-12-15 04:00:00+00:00
18.9,28,1020.3,6.4,0,2024-12-15 05:00:00+00:00
21.8,22,1019.9,5.9,0,2024-12-15 06:00:00+00:00
23.8,17,1018.8,5.4,0,2024-12-15 07:00:00+00:00
24.8,15,1017.4,3.6,0,2024-12-15 08:00:00+00:00
25.3,14,1016.3,2.5,0,2024-12-15 09:00:00+00:00
25.6,14,1015.4,3.1,0,2024-12-15 10:00:00+00:00
25.4,14,1015.1,5.7,0,2024-12-15 11:00:00+00:00
24.4,17,1015.3,10.2,0,2024-12-15 12:00:00+00:00
23.0,23,1015.7,11.2,0,2024-12-15 13:00:00+00:00
21.2,28,1016.3,9.5,0,2024-12-15 14:00:00+00:00
20.2,30,1016.7,7.4,0,2024-12-15 15:00:00+00:00
19.6,33,1017.3,6.2,0,2024-12-15 16:00:00+00:00
18.8,34,1017.5,6.1,0,2024-12-15 17:00:00+00:00
18.2,34,1017.4,7.8,0,2024-12-15 18:00:00+00:00
18.0,31,1016.9,7.1,0,2024-12-15 19:00:00+00:00
17.1,32,1016.6,7.0,0,2024-12-15 20:00:00+00:00
16.0,36,1016.5,7.6,0,2024-12-15 21:00:00+00:00
15.3,39,1016.2,8.1,0,2024-12-15 22:00:00+00:00
15.0,41,1016.0,9.0,0,2024-12-15 23:00:00+00:00
14.9,43,1015.9,9.3,0,2024-12-16 00:00:00+00:00
14.8,43,1016.7,10.6,0,2024-12-16 01:00:00+00:00
14.9,42,1017.4,9.9,0,2024-12-16 02:00:00+00:00
15.2,42,1018.0,9.1,0,2024-12-16 03:00:00+00:00
16.7,38,1018.5,7.9,0,2024-12-16 04:00:00+00:00
19.7,31,1019.0,5.9,0,2024-12-16 05:00:00+00:00
22.8,24,1018.4,4.6,0,2024-12-16 06:00:00+00:00
24.4,25,1017.4,6.0,0,2024-12-16 07:00:00+00:00
25.5,23,1016.0,5.4,0,2024-12-16 08:00:00+00:00
26.2,20,1015.0,3.2,0,2024-12-16 09:00:00+00:00
26.4,18,1014.2,1.7,0,2024-12-16 10:00:00+00:00
26.4,18,1013.7,1.9,0,2024-12-16 11:00:00+00:00
25.9,19,1013.8,3.3,0,2024-12-16 12:00:00+00:00
24.5,23,1014.3,5.5,0,2024-12-16 13:00:00+00:00
22.9,30,1015.1,6.6,0,2024-12-16 14:00:00+00:00
21.8,33,1015.4,7.0,0,2024-12-16 15:00:00+00:00
21.4,33,1016.0,7.0,0,2024-12-16 16:00:00+00:00
21.2,32,1016.2,6.2,0,2024-12-16 17:00:00+00:00
20.3,32,1016.2,6.2,0,2024-12-16 18:00:00+00:00
19.1,34,1015.9,7.2,0,2024-12-16 19:00:00+00:00
18.2,35,1015.5,6.1,0,2024-12-16 20:00:00+00:00
17.6,37,1014.9,5.7,0,2024-12-16 21:00:00+00:00
16.7,40,1014.5,6.7,0,2024-12-16 22:00:00+00:00
15.3,45,1014.2,9.1,0,2024-12-16 23:00:00+00:00
15.1,44,1013.9,8.7,0,2024-12-17 00:00:00+00:00
14.6,45,1015.0,7.9,0,2024-12-17 01:00:00+00:00
14.1,46,1015.3,7.2,0,2024-12-17 02:00:00+00:00
14.0,46,1016.0,7.2,0,2024-12-17 03:00:00+00:00
16.1,40,1016.8,6.2,0,2024-12-17 04:00:00+00:00
19.6,32,1017.2,3.4,0,2024-12-17 05:00:00+00:00
22.6,27,1016.7,3.6,0,2024-12-17 06:00:00+00:00
24.2,27,1015.6,3.4,0,2024-12-17 07:00:00+00:00
25.1,27,1014.5,3.5,0,2024-12-17 08:00:00+00:00
25.7,25,1013.7,4.6,0,2024-12-17 09:00:00+00:00
26.0,23,1013.2,4.2,0,2024-12-17 10:00:00+00:00
25.6,27,1012.9,5.2,0,2024-12-17 11:00:00+00:00
24.4,38,1013.2,3.2,0,2024-12-17 12:00:00+00:00
23.5,44,1014.1,2.7,18,2024-12-17 13:00:00+00:00
22.8,42,1014.7,3.5,59,2024-12-17 14:00:00+00:00
22.3,32,1015.3,7.5,30,2024-12-17 15:00:00+00:00
21.2,30,1015.8,8.4,90,2024-12-17 16:00:00+00:00
20.2,33,1016.1,9.6,19,2024-12-17 17:00:00+00:00
19.3,35,1016.1,9.8,80,2024-12-17 18:00:00+00:00
18.5,37,1015.9,10.1,61,2024-12-17 19:00:00+00:00
18.0,38,1015.6,10.2,69,2024-12-17 20:00:00+00:00
17.5,38,1015.2,10.2,78,2024-12-17 21:00:00+00:00
17.2,38,1015.2,10.2,83,2024-12-17 22:00:00+00:00
16.9,38,1014.9,10.9,65,2024-12-17 23:00:00+00:00
16.8,38,1014.9,11.5,94,2024-12-18 00:00:00+00:00
16.8,37,1015.6,12.6,100,2024-12-18 01:00:00+00:00
16.6,37,1015.9,12.5,100,2024-12-18 02:00:00+00:00
16.9,36,1016.5,12.7,82,2024-12-18 03:00:00+00:00
18.4,33,1016.7,11.3,89,2024-12-18 04:00:00+00:00
20.8,29,1016.6,10.7,93,2024-12-18 05:00:00+00:00
23.1,24,1015.8,10.5,56,2024-12-18 06:00:00+00:00
24.6,20,1014.7,8.9,60,2024-12-18 07:00:00+00:00
25.5,16,1013.3,6.6,8,2024-12-18 08:00:00+00:00
25.9,16,1012.5,5.5,25,2024-12-18 09:00:00+00:00
25.9,16,1011.9,2.7,8,2024-12-18 10:00:00+00:00
25.4,16,1011.5,1.3,38,2024-12-18 11:00:00+00:00
24.8,18,1011.6,2.4,37,2024-12-18 12:00:00+00:00
24.5,18,1012.1,4.7,24,2024-12-18 13:00:00+00:00
23.3,20,1012.8,5.7,17,2024-12-18 14:00:00+00:00
22.0,22,1013.3,7.3,13,2024-12-18 15:00:00+00:00
21.2,24,1013.8,7.0,4,2024-12-18 16:00:00+00:00
20.1,27,1013.7,6.6,17,2024-12-18 17:00:00+00:00
19.3,29,1013.6,6.4,0,2024-12-18 18:00:00+00:00
18.4,32,1013.4,6.4,0,2024-12-18 19:00:00+00:00
17.5,34,1013.0,5.4,0,2024-12-18 20:00:00+00:00
16.8,37,1012.9,5.9,0,2024-12-18 21:00:00+00:00
16.1,39,1012.6,7.5,0,2024-12-18 22:00:00+00:00
15.6,40,1012.5,8.5,0,2024-12-18 23:00:00+00:00
15.3,42,1012.6,9.1,0,2024-12-19 00:00:00+00:00
14.9,42,1013.2,9.9,0,2024-12-19 01:00:00+00:00
14.8,42,1013.9,9.9,0,2024-12-19 02:00:00+00:00
15.0,42,1014.5,9.4,0,2024-12-19 03:00:00+00:00
16.6,38,1015.4,7.7,65,2024-12-19 04:00:00+00:00
19.4,31,1015.8,5.2,29,2024-12-19 05:00:00+00:00
22.3,25,1015.4,5.3,15,2024-12-19 06:00:00+00:00
23.9,25,1014.4,5.2,63,2024-12-19 07:00:00+00:00
24.7,25,1013.3,4.3,88,2024-12-19 08:00:00+00:00
25.2,24,1012.5,3.7,90,2024-12-19 09:00:00+00:00
25.2,24,1011.7,3.6,87,2024-12-19 10:00:00+00:00
24.8,26,1011.6,4.9,95,2024-12-19 11:00:00+00:00
24.3,27,1011.8,6.4,100,2024-12-19 12:00:00+00:00
23.0,32,1012.3,8.7,100,2024-12-19 13:00:00+00:00
21.9,40,1013.0,9.1,99,2024-12-19 14:00:00+00:00
21.2,41,1013.6,7.4,99,2024-12-19 15:00:00+00:00
20.6,35,1014.3,7.7,98,2024-12-19 16:00:00+00:00
20.3,31,1014.8,5.8,100,2024-12-19 17:00:00+00:00
19.2,33,1014.9,7.9,100,2024-12-19 18:00:00+00:00
17.8,37,1014.8,8.6,100,2024-12-19 19:00:00+00:00
17.2,40,1014.7,8.7,14,2024-12-19 20:00:00+00:00
16.6,43,1014.6,8.8,0,2024-12-19 21:00:00+00:00
16.3,43,1014.5,9.1,0,2024-12-19 22:00:00+00:00
16.1,43,1014.5,10.1,0,2024-12-19 23:00:00+00:00
15.9,43,1014.8,10.5,0,2024-12-20 00:00:00+00:00
15.5,43,1015.5,10.9,0,2024-12-20 01:00:00+00:00
15.2,44,1016.2,10.9,0,2024-12-20 02:00:00+00:00
15.2,44,1016.8,10.7,0,2024-12-20 03:00:00+00:00
16.8,39,1017.9,10.0,0,2024-12-20 04:00:00+00:00
19.4,32,1018.2,8.3,0,2024-12-20 05:00:00+00:00
21.7,26,1017.9,10.1,0,2024-12-20 06:00:00+00:00
23.1,22,1016.6,12.0,0,2024-12-20 07:00:00+00:00
23.9,20,1015.5,12.1,0,2024-12-20 08:00:00+00:00
24.3,20,1014.4,11.7,0,2024-12-20 09:00:00+00:00
24.5,19,1013.8,11.3,33,2024-12-20 10:00:00+00:00
24.2,19,1013.4,11.1,4,2024-12-20 11:00:00+00:00
23.5,20,1013.6,10.9,0,2024-12-20 12:00:00+00:00
22.8,22,1013.9,9.7,0,2024-12-20 13:00:00+00:00
21.7,24,1014.6,8.4,0,2024-12-20 14:00:00+00:00
20.3,27,1015.2,8.4,14,2024-12-20 15:00:00+00:00
19.2,30,1015.7,8.5,0,2024-12-20 16:00:00+00:00
18.2,34,1016.1,9.1,11,2024-12-20 17:00:00+00:00
17.5,37,1016.1,10.0,22,2024-12-20 18:00:00+00:00
17.1,38,1015.5,10.2,28,2024-12-20 19:00:00+00:00
16.5,40,1015.1,9.9,19,2024-12-20 20:00:00+00:00
15.9,42,1014.6,10.2,16,2024-12-20 21:00:00+00:00
15.4,43,1014.6,10.2,0,2024-12-20 22:00:00+00:00
15.0,44,1014.6,10.2,0,2024-12-20 23:00:00+00:00
14.6,46,1014.8,10.2,0,2024-12-21 00:00:00+00:00
14.0,45,1015.3,10.9,0,2024-12-21 01:00:00+00:00
13.7,45,1015.9,11.2,0,2024-12-21 02:00:00+00:00
13.9,43,1016.4,12.0,0,2024-12-21 03:00:00+00:00
15.4,38,1017.0,11.5,0,2024-12-21 04:00:00+00:00
18.0,30,1017.1,10.1,0,2024-12-21 05:00:00+00:00
20.3,23,1016.4,11.6,0,2024-12-21 06:00:00+00:00
21.9,19,1015.3,11.5,0,2024-12-21 07:00:00+00:00
23.1,16,1014.2,11.3,0,2024-12-21 08:00:00+00:00
23.9,14,1013.2,10.5,0,2024-12-21 09:00:00+00:00
24.2,13,1012.7,9.9,0,2024-12-21 10:00:00+00:00
24.0,14,1012.4,10.1,0,2024-12-21 11:00:00+00:00
23.4,14,1012.3,10.5,0,2024-12-21 12:00:00+00:00
22.4,19,1013.1,7.9,0,2024-12-21 13:00:00+00:00
21.4,21,1013.9,8.0,0,2024-12-21 14:00:00+00:00
20.3,22,1014.3,9.2,0,2024-12-21 15:00:00+00:00
19.1,26,1014.3,10.1,0,2024-12-21 16:00:00+00:00
18.0,31,1014.2,10.1,0,2024-12-21 17:00:00+00:00
17.1,35,1014.2,9.3,0,2024-12-21 18:00:00+00:00
16.2,39,1014.2,9.5,0,2024-12-21 19:00:00+00:00
15.5,42,1014.0,10.1,0,2024-12-21 20:00:00+00:00
15.0,44,1013.8,10.2,0,2024-12-21 21:00:00+00:00
14.6,45,1013.3,10.1,0,2024-12-21 22:00:00+00:00
14.3,45,1012.9,9.9,0,2024-12-21 23:00:00+00:00
14.0,46,1012.9,9.4,0,2024-12-22 00:00:00+00:00
13.8,46,1013.3,9.2,0,2024-12-22 01:00:00+00:00
13.5,47,1013.7,8.8,0,2024-12-22 02:00:00+00:00
13.6,47,1014.3,8.9,0,2024-12-22 03:00:00+00:00
15.1,42,1014.9,6.6,0,2024-12-22 04:00:00+00:00
18.2,35,1015.3,5.6,0,2024-12-22 05:00:00+00:00
21.2,28,1014.7,4.6,0,2024-12-22 06:00:00+00:00
22.7,30,1013.7,3.5,0,2024-12-22 07:00:00+00:00
23.7,31,1012.4,2.2,0,2024-12-22 08:00:00+00:00
24.2,32,1011.4,6.1,0,2024-12-22 09:00:00+00:00
24.0,36,1010.9,9.8,0,2024-12-22 10:00:00+00:00
23.5,40,1010.8,11.4,0,2024-12-22 11:00:00+00:00
22.7,44,1011.0,11.3,0,2024-12-22 12:00:00+00:00
22.4,45,1011.4,7.8,0,2024-12-22 13:00:00+00:00
21.7,48,1012.0,6.8,0,2024-12-22 14:00:00+00:00
21.1,51,1012.5,5.2,0,2024-12-22 15:00:00+00:00
20.6,53,1012.8,3.6,0,2024-12-22 16:00:00+00:00
19.9,54,1013.1,3.8,0,2024-12-22 17:00:00+00:00
19.1,57,1012.9,4.9,0,2024-12-22 18:00:00+00:00
18.7,58,1012.6,5.2,0,2024-12-22 19:00:00+00:00
18.3,59,1012.3,6.0,1,2024-12-22 20:00:00+00:00
18.0,61,1012.0,5.0,4,2024-12-22 21:00:00+00:00
17.6,62,1011.9,5.6,2,2024-12-22 22:00:00+00:00
16.5,67,1011.7,6.8,1,2024-12-22 23:00:00+00:00
15.6,71,1012.1,7.1,1,2024-12-23 00:00:00+00:00
14.8,68,1013.0,7.5,3,2024-12-23 01:00:00+00:00
14.6,65,1013.8,7.1,0,2024-12-23 02:00:00+00:00
14.8,60,1014.7,7.1,0,2024-12-23 03:00:00+00:00
16.2,50,1015.5,4.9,0,2024-12-23 04:00:00+00:00
18.9,39,1016.1,4.5,0,2024-12-23 05:00:00+00:00
21.3,35,1015.9,4.5,0,2024-12-23 06:00:00+00:00
22.7,39,1014.8,2.7,0,2024-12-23 07:00:00+00:00
23.6,39,1013.9,1.5,0,2024-12-23 08:00:00+00:00
24.2,37,1012.9,5.1,0,2024-12-23 09:00:00+00:00
24.2,39,1012.6,8.7,0,2024-12-23 10:00:00+00:00
23.5,48,1012.5,10.5,0,2024-12-23 11:00:00+00:00
22.8,48,1012.8,10.4,0,2024-12-23 12:00:00+00:00
21.7,59,1013.5,10.0,0,2024-12-23 13:00:00+00:00
20.8,66,1014.2,6.8,0,2024-12-23 14:00:00+00:00
20.1,70,1014.8,5.2,0,2024-12-23 15:00:00+00:00
19.5,74,1015.2,3.2,0,2024-12-23 16:00:00+00:00
18.7,71,1015.9,8.9,0,2024-12-23 17:00:00+00:00
18.4,43,1015.9,9.3,0,2024-12-23 18:00:00+00:00
17.7,38,1015.6,9.5,0,2024-12-23 19:00:00+00:00
16.7,41,1015.6,8.3,0,2024-12-23 20:00:00+00:00
16.0,43,1015.4,8.1,0,2024-12-23 21:00:00+00:00
15.7,42,1015.5,9.4,0,2024-12-23 22:00:00+00:00
15.6,41,1015.4,10.2,0,2024-12-23 23:00:00+00:00
15.4,41,1015.5,10.3,0,2024-12-24 00:00:00+00:00
15.2,43,1016.2,10.9,0,2024-12-24 01:00:00+00:00
14.7,45,1016.8,10.3,0,2024-12-24 02:00:00+00:00
14.9,45,1017.7,9.9,0,2024-12-24 03:00:00+00:00
16.6,41,1018.5,8.5,0,2024-12-24 04:00:00+00:00
18.9,35,1019.0,8.6,0,2024-12-24 05:00:00+00:00
20.9,33,1018.6,9.7,0,2024-12-24 06:00:00+00:00
22.5,29,1017.6,10.1,0,2024-12-24 07:00:00+00:00
23.6,25,1016.5,9.9,0,2024-12-24 08:00:00+00:00
24.2,23,1015.6,9.9,0,2024-12-24 09:00:00+00:00
24.4,23,1015.3,10.1,0,2024-12-24 10:00:00+00:00
24.2,23,1015.3,10.9,0,2024-12-24 11:00:00+00:00
23.4,25,1015.7,11.8,0,2024-12-24 12:00:00+00:00
22.2,32,1016.3,10.6,0,2024-12-24 13:00:00+00:00
21.2,35,1017.1,9.8,0,2024-12-24 14:00:00+00:00
20.2,39,1018.1,10.3,0,2024-12-24 15:00:00+00:00
19.1,44,1018.5,10.7,0,2024-12-24 16:00:00+00:00
18.1,48,1018.8,10.6,0,2024-12-24 17:00:00+00:00
17.5,51,1018.7,10.0,0,2024-12-24 18:00:00+00:00
17.1,50,1018.3,9.9,0,2024-12-24 19:00:00+00:00
16.7,49,1017.9,9.8,0,2024-12-24 20:00:00+00:00
16.4,49,1017.8,10.0,0,2024-12-24 21:00:00+00:00
16.1,49,1017.5,10.6,0,2024-12-24 22:00:00+00:00
15.7,50,1017.4,11.1,0,2024-12-24 23:00:00+00:00
15.2,51,1017.4,10.7,0,2024-12-25 00:00:00+00:00
14.6,52,1018.2,10.2,0,2024-12-25 01:00:00+00:00
14.3,52,1018.9,10.2,0,2024-12-25 02:00:00+00:00
14.5,51,1019.5,11.1,0,2024-12-25 03:00:00+00:00
16.0,46,1020.0,10.1,0,2024-12-25 04:00:00+00:00
18.3,41,1020.3,10.7,0,2024-12-25 05:00:00+00:00
20.1,38,1020.1,11.8,0,2024-12-25 06:00:00+00:00
21.6,33,1018.9,13.2,0,2024-12-25 07:00:00+00:00
22.6,29,1017.6,14.1,0,2024-12-25 08:00:00+00:00
23.2,26,1016.9,13.5,0,2024-12-25 09:00:00+00:00
23.5,25,1016.4,13.2,0,2024-12-25 10:00:00+00:00
23.3,24,1016.2,13.4,0,2024-12-25 11:00:00+00:00
22.7,25,1016.5,13.6,0,2024-12-25 12:00:00+00:00
21.9,27,1017.1,10.9,0,2024-12-25 13:00:00+00:00
20.9,30,1017.8,9.6,0,2024-12-25 14:00:00+00:00
19.8,34,1018.7,9.9,0,2024-12-25 15:00:00+00:00
18.8,39,1019.3,10.3,0,2024-12-25 16:00:00+00:00
18.0,43,1019.6,11.0,0,2024-12-25 17:00:00+00:00
17.5,45,1019.6,11.5,0,2024-12-25 18:00:00+00:00
17.2,46,1019.3,11.8,0,2024-12-25 19:00:00+00:00
16.9,46,1018.9,11.8,0,2024-12-25 20:00:00+00:00
16.5,47,1018.9,11.8,0,2024-12-25 21:00:00+00:00
16.2,48,1018.5,12.2,0,2024-12-25 22:00:00+00:00
15.9,49,1018.5,12.4,0,2024-12-25 23:00:00+00:00
15.5,50,1018.7,11.8,0,2024-12-26 00:00:00+00:00
14.8,51,1019.3,10.5,0,2024-12-26 01:00:00+00:00
14.4,51,1020.0,10.2,0,2024-12-26 02:00:00+00:00
14.7,50,1020.7,10.6,0,2024-12-26 03:00:00+00:00
16.2,45,1021.5,9.3,0,2024-12-26 04:00:00+00:00
18.5,40,1021.9,10.0,0,2024-12-26 05:00:00+00:00
20.5,36,1021.5,12.1,0,2024-12-26 06:00:00+00:00
21.9,31,1020.3,11.6,0,2024-12-26 07:00:00+00:00
22.9,28,1019.1,11.3,0,2024-12-26 08:00:00+00:00
23.5,26,1018.2,11.4,0,2024-12-26 09:00:00+00:00
23.8,24,1017.6,11.6,0,2024-12-26 10:00:00+00:00
23.6,23,1017.2,12.1,0,2024-12-26 11:00:00+00:00
23.0,24,1017.2,12.4,0,2024-12-26 12:00:00+00:00
22.2,25,1017.6,10.2,0,2024-12-26 13:00:00+00:00
21.3,27,1018.4,9.0,0,2024-12-26 14:00:00+00:00
20.2,29,1019.1,9.4,0,2024-12-26 15:00:00+00:00
19.1,33,1019.3,10.5,0,2024-12-26 16:00:00+00:00
18.3,37,1019.5,10.3,0,2024-12-26 17:00:00+00:00
17.4,41,1019.6,10.5,0,2024-12-26 18:00:00+00:00
16.7,45,1019.5,9.7,0,2024-12-26 19:00:00+00:00
16.3,46,1019.1,9.9,0,2024-12-26 20:00:00+00:00
15.9,47,1018.8,10.1,0,2024-12-26 21:00:00+00:00
15.4,49,1018.6,10.6,0,2024-12-26 22:00:00+00:00
15.0,50,1018.4,10.8,0,2024-12-26 23:00:00+00:00
14.8,50,1018.3,10.5,0,2024-12-27 00:00:00+00:00
14.4,50,1018.6,9.5,0,2024-12-27 01:00:00+00:00
13.9,51,1019.2,9.2,0,2024-12-27 02:00:00+00:00
13.8,51,1019.7,8.9,0,2024-12-27 03:00:00+00:00
15.1,46,1020.7,6.5,0,2024-12-27 04:00:00+00:00
17.7,37,1021.2,4.8,0,2024-12-27 05:00:00+00:00
20.4,28,1020.8,4.6,0,2024-12-27 06:00:00+00:00
22.3,22,1019.8,3.6,0,2024-12-27 07:00:00+00:00
23.5,18,1018.7,2.1,0,2024-12-27 08:00:00+00:00
24.2,16,1017.9,0.4,0,2024-12-27 09:00:00+00:00
24.4,14,1017.4,2.8,0,2024-12-27 10:00:00+00:00
24.3,16,1017.1,4.1,0,2024-12-27 11:00:00+00:00
23.7,19,1017.4,4.2,0,2024-12-27 12:00:00+00:00
21.9,36,1017.8,8.0,0,2024-12-27 13:00:00+00:00
21.0,39,1018.4,5.6,0,2024-12-27 14:00:00+00:00
20.5,34,1019.0,4.3,0,2024-12-27 15:00:00+00:00
20.2,28,1019.5,6.3,0,2024-12-27 16:00:00+00:00
19.4,35,1019.8,8.7,0,2024-12-27 17:00:00+00:00
18.2,39,1019.7,8.4,0,2024-12-27 18:00:00+00:00
17.2,37,1019.6,6.8,0,2024-12-27 19:00:00+00:00
16.0,34,1019.3,7.7,0,2024-12-27 20:00:00+00:00
15.0,35,1018.9,8.0,0,2024-12-27 21:00:00+00:00
14.4,38,1019.0,8.7,0,2024-12-27 22:00:00+00:00
14.1,36,1019.1,8.7,0,2024-12-27 23:00:00+00:00
13.4,37,1019.0,9.2,0,2024-12-28 00:00:00+00:00
12.9,36,1019.3,7.3,0,2024-12-28 01:00:00+00:00
13.0,35,1019.7,6.4,0,2024-12-28 02:00:00+00:00
13.2,34,1020.1,6.7,0,2024-12-28 03:00:00+00:00
14.9,30,1020.6,5.6,0,2024-12-28 04:00:00+00:00
18.0,22,1021.2,3.2,0,2024-12-28 05:00:00+00:00
21.2,17,1021.1,2.3,0,2024-12-28 06:00:00+00:00
23.0,18,1020.1,2.3,0,2024-12-28 07:00:00+00:00
24.3,17,1019.1,3.8,0,2024-12-28 08:00:00+00:00
25.0,16,1018.1,5.1,0,2024-12-28 09:00:00+00:00
25.2,16,1017.4,6.2,0,2024-12-28 10:00:00+00:00
25.0,16,1016.8,7.3,0,2024-12-28 11:00:00+00:00
24.1,17,1016.8,9.7,0,2024-12-28 12:00:00+00:00
22.0,28,1017.7,11.5,0,2024-12-28 13:00:00+00:00
20.5,37,1018.2,10.0,0,2024-12-28 14:00:00+00:00
19.6,43,1018.9,9.5,0,2024-12-28 15:00:00+00:00
19.1,48,1019.4,8.4,0,2024-12-28 16:00:00+00:00
18.7,52,1019.8,8.0,0,2024-12-28 17:00:00+00:00
18.1,55,1019.7,7.3,0,2024-12-28 18:00:00+00:00
17.1,60,1019.5,6.8,0,2024-12-28 19:00:00+00:00
16.0,64,1018.9,6.7,0,2024-12-28 20:00:00+00:00
15.4,65,1018.3,6.7,0,2024-12-28 21:00:00+00:00
14.9,65,1018.2,7.0,0,2024-12-28 22:00:00+00:00
14.4,61,1018.1,7.1,3,2024-12-28 23:00:00+00:00
14.2,52,1018.2,8.1,9,2024-12-29 00:00:00+00:00
13.8,54,1018.6,7.8,43,2024-12-29 01:00:00+00:00
13.4,46,1019.5,8.2,3,2024-12-29 02:00:00+00:00
13.4,41,1020.2,7.4,0,2024-12-29 03:00:00+00:00
14.9,36,1021.7,7.3,0,2024-12-29 04:00:00+00:00
17.8,28,1022.5,5.6,0,2024-12-29 05:00:00+00:00
20.8,23,1021.8,6.6,5,2024-12-29 06:00:00+00:00
22.9,20,1021.0,6.9,1,2024-12-29 07:00:00+00:00
24.1,18,1019.8,7.0,13,2024-12-29 08:00:00+00:00
24.9,16,1018.8,7.4,5,2024-12-29 09:00:00+00:00
25.2,15,1018.2,9.1,5,2024-12-29 10:00:00+00:00
24.9,15,1018.1,10.5,5,2024-12-29 11:00:00+00:00
24.3,16,1018.3,10.8,11,2024-12-29 12:00:00+00:00
23.6,17,1018.6,10.9,7,2024-12-29 13:00:00+00:00
22.4,20,1019.2,11.3,15,2024-12-29 14:00:00+00:00
21.2,23,1019.6,10.4,20,2024-12-29 15:00:00+00:00
19.8,26,1020.1,10.6,13,2024-12-29 16:00:00+00:00
18.7,30,1020.3,10.7,18,2024-12-29 17:00:00+00:00
17.8,32,1020.1,10.4,0,2024-12-29 18:00:00+00:00
17.2,34,1019.6,10.7,0,2024-12-29 19:00:00+00:00
16.8,34,1019.1,10.9,0,2024-12-29 20:00:00+00:00
16.6,35,1018.6,10.9,0,2024-12-29 21:00:00+00:00
16.4,35,1018.2,10.9,0,2024-12-29 22:00:00+00:00
16.0,36,1018.3,11.2,0,2024-12-29 23:00:00+00:00
15.7,37,1018.4,10.9,0,2024-12-30 00:00:00+00:00
15.3,39,1018.8,11.5,3,2024-12-30 01:00:00+00:00
15.0,40,1019.6,11.2,10,2024-12-30 02:00:00+00:00
15.0,41,1020.2,10.9,11,2024-12-30 03:00:00+00:00
16.3,38,1020.9,9.3,4,2024-12-30 04:00:00+00:00
18.7,33,1021.3,9.2,10,2024-12-30 05:00:00+00:00
21.1,29,1020.7,9.1,5,2024-12-30 06:00:00+00:00
22.8,25,1019.8,8.6,0,2024-12-30 07:00:00+00:00
24.0,22,1018.5,7.0,0,2024-12-30 08:00:00+00:00
24.7,20,1017.3,5.3,0,2024-12-30 09:00:00+00:00
25.1,19,1016.7,3.8,0,2024-12-30 10:00:00+00:00
25.1,19,1016.4,2.6,0,2024-12-30 11:00:00+00:00
24.8,19,1016.5,0.4,0,2024-12-30 12:00:00+00:00
22.9,35,1016.6,10.0,8,2024-12-30 13:00:00+00:00
21.6,44,1017.5,8.4,2,2024-12-30 14:00:00+00:00
20.7,44,1018.0,5.0,0,2024-12-30 15:00:00+00:00
20.2,39,1018.3,4.9,5,2024-12-30 16:00:00+00:00
20.0,37,1018.3,6.5,7,2024-12-30 17:00:00+00:00
19.3,36,1018.3,7.6,11,2024-12-30 18:00:00+00:00
18.1,38,1018.1,7.6,14,2024-12-30 19:00:00+00:00
17.0,41,1017.6,7.8,5,2024-12-30 20:00:00+00:00
16.2,44,1017.5,8.1,62,2024-12-30 21:00:00+00:00
15.7,47,1017.3,7.3,89,2024-12-30 22:00:00+00:00
15.2,49,1017.1,7.3,24,2024-12-30 23:00:00+00:00
14.9,50,1017.0,7.7,28,2024-12-31 00:00:00+00:00
14.7,50,1018.0,8.7,29,2024-12-31 01:00:00+00:00
14.4,50,1018.6,8.4,73,2024-12-31 02:00:00+00:00
14.5,49,1019.4,8.7,36,2024-12-31 03:00:00+00:00
16.0,44,1020.2,7.8,19,2024-12-31 04:00:00+00:00
18.7,37,1020.5,6.1,88,2024-12-31 05:00:00+00:00
21.4,30,1020.4,5.6,10,2024-12-31 06:00:00+00:00
23.4,24,1019.3,5.9,61,2024-12-31 07:00:00+00:00
24.7,21,1018.2,5.6,2,2024-12-31 08:00:00+00:00
25.4,20,1016.9,4.2,7,2024-12-31 09:00:00+00:00
25.8,20,1016.4,3.4,100,2024-12-31 10:00:00+00:00
25.6,20,1016.1,3.9,100,2024-12-31 11:00:00+00:00
25.0,22,1016.3,3.5,99,2024-12-31 12:00:00+00:00
24.5,22,1016.6,2.5,42,2024-12-31 13:00:00+00:00
22.9,25,1017.3,3.3,99,2024-12-31 14:00:00+00:00
21.7,30,1018.2,5.0,100,2024-12-31 15:00:00+00:00
20.9,31,1018.4,5.8,100,2024-12-31 16:00:00+00:00
20.3,32,1018.5,7.1,77,2024-12-31 17:00:00+00:00
19.3,36,1018.5,8.4,89,2024-12-31 18:00:00+00:00
18.3,41,1017.9,8.7,96,2024-12-31 19:00:00+00:00
17.7,44,1017.5,8.1,21,2024-12-31 20:00:00+00:00
17.2,45,1017.1,8.5,18,2024-12-31 21:00:00+00:00
16.7,46,1016.7,9.1,87,2024-12-31 22:00:00+00:00
16.3,46,1016.3,10.0,63,2024-12-31 23:00:00+00:00
16.0,47,1015.9,10.1,95,2025-01-01 00:00:00+00:00
15.5,48,1016.7,10.5,46,2025-01-01 01:00:00+00:00
15.3,49,1017.2,9.7,39,2025-01-01 02:00:00+00:00
15.3,49,1018.1,9.5,56,2025-01-01 03:00:00+00:00
16.8,45,1019.0,8.4,69,2025-01-01 04:00:00+00:00
19.0,39,1019.3,8.0,27,2025-01-01 05:00:00+00:00
21.6,34,1019.2,7.0,69,2025-01-01 06:00:00+00:00
23.6,28,1018.1,8.1,82,2025-01-01 07:00:00+00:00
25.0,23,1016.7,8.5,96,2025-01-01 08:00:00+00:00
25.8,21,1015.4,8.3,87,2025-01-01 09:00:00+00:00
26.2,19,1014.5,7.5,0,2025-01-01 10:00:00+00:00
26.1,19,1014.0,6.7,29,2025-01-01 11:00:00+00:00
25.6,20,1014.2,7.2,100,2025-01-01 12:00:00+00:00
24.8,23,1014.9,6.6,47,2025-01-01 13:00:00+00:00
23.6,25,1015.6,5.2,100,2025-01-01 14:00:00+00:00
22.6,27,1016.5,4.6,99,2025-01-01 15:00:00+00:00
21.7,29,1016.9,7.1,90,2025-01-01 16:00:00+00:00
20.5,35,1016.9,8.4,100,2025-01-01 17:00:00+00:00
19.3,40,1016.8,9.2,100,2025-01-01 18:00:00+00:00
18.5,44,1016.3,9.3,100,2025-01-01 19:00:00+00:00
17.9,47,1015.9,9.1,100,2025-01-01 20:00:00+00:00
17.3,50,1015.5,9.1,99,2025-01-01 21:00:00+00:00
16.8,51,1015.5,8.9,92,2025-01-01 22:00:00+00:00
16.2,53,1015.4,8.8,97,2025-01-01 23:00:00+00:00
15.8,54,1015.4,8.7,100,2025-01-02 00:00:00+00:00
15.2,55,1016.1,9.3,88,2025-01-02 01:00:00+00:00
14.9,56,1016.6,9.6,67,2025-01-02 02:00:00+00:00
15.0,56,1017.3,9.0,95,2025-01-02 03:00:00+00:00
16.4,51,1018.1,7.0,54,2025-01-02 04:00:00+00:00
18.9,43,1018.3,5.5,89,2025-01-02 05:00:00+00:00
21.9,35,1018.0,5.2,100,2025-01-02 06:00:00+00:00
23.9,28,1016.9,5.0,100,2025-01-02 07:00:00+00:00
24.7,25,1015.7,3.8,98,2025-01-02 08:00:00+00:00
25.3,24,1014.7,3.1,100,2025-01-02 09:00:00+00:00
25.6,25,1014.0,3.6,100,2025-01-02 10:00:00+00:00
25.4,27,1013.8,5.6,100,2025-01-02 11:00:00+00:00
24.2,38,1014.0,7.4,100,2025-01-02 12:00:00+00:00
22.7,46,1014.7,9.6,18,2025-01-02 13:00:00+00:00
21.7,50,1015.3,6.3,29,2025-01-02 14:00:00+00:00
20.6,53,1016.0,7.9,94,2025-01-02 15:00:00+00:00
19.6,58,1016.6,7.2,98,2025-01-02 16:00:00+00:00
19.1,61,1016.7,6.1,100,2025-01-02 17:00:00+00:00
19.0,64,1016.6,6.0,85,2025-01-02 18:00:00+00:00
18.8,66,1016.3,5.7,100,2025-01-02 19:00:00+00:00
18.5,63,1015.8,5.4,98,2025-01-02 20:00:00+00:00
17.8,57,1015.5,5.1,43,2025-01-02 21:00:00+00:00
17.2,53,1015.3,4.9,89,2025-01-02 22:00:00+00:00
16.4,52,1015.1,5.4,94,2025-01-02 23:00:00+00:00
15.7,54,1014.8,5.3,43,2025-01-03 00:00:00+00:00
14.9,56,1015.8,6.7,0,2025-01-03 01:00:00+00:00
14.9,57,1016.5,6.5,0,2025-01-03 02:00:00+00:00
15.1,56,1016.9,6.4,0,2025-01-03 03:00:00+00:00
16.8,50,1017.5,6.4,0,2025-01-03 04:00:00+00:00
19.7,41,1017.8,4.9,0,2025-01-03 05:00:00+00:00
22.1,42,1017.6,3.9,0,2025-01-03 06:00:00+00:00
23.4,43,1016.7,1.5,0,2025-01-03 07:00:00+00:00
24.3,39,1015.5,3.2,0,2025-01-03 08:00:00+00:00
24.6,39,1014.5,6.1,0,2025-01-03 09:00:00+00:00
24.3,43,1014.0,9.8,0,2025-01-03 10:00:00+00:00
23.5,50,1013.8,11.5,0,2025-01-03 11:00:00+00:00
22.7,55,1013.9,8.9,0,2025-01-03 12:00:00+00:00
22.3,59,1014.9,8.2,0,2025-01-03 13:00:00+00:00
21.6,64,1015.3,7.5,0,2025-01-03 14:00:00+00:00
21.2,67,1015.4,6.1,4,2025-01-03 15:00:00+00:00
20.9,70,1015.8,6.1,4,2025-01-03 16:00:00+00:00
20.7,72,1015.7,7.0,5,2025-01-03 17:00:00+00:00
20.7,74,1015.5,7.6,4,2025-01-03 18:00:00+00:00
20.6,75,1015.1,7.5,12,2025-01-03 19:00:00+00:00
20.7,75,1014.4,7.6,18,2025-01-03 20:00:00+00:00
20.5,76,1014.3,9.9,23,2025-01-03 21:00:00+00:00
20.1,77,1013.9,8.6,10,2025-01-03 22:00:00+00:00
19.6,78,1013.7,9.9,23,2025-01-03 23:00:00+00:00
19.6,77,1013.6,11.7,15,2025-01-04 00:00:00+00:00
18.7,80,1014.1,8.7,32,2025-01-04 01:00:00+00:00
18.0,82,1014.7,8.4,18,2025-01-04 02:00:00+00:00
17.2,86,1015.7,10.0,2,2025-01-04 03:00:00+00:00
17.7,75,1016.4,8.1,0,2025-01-04 04:00:00+00:00
19.5,59,1017.0,7.6,0,2025-01-04 05:00:00+00:00
21.3,50,1016.5,6.8,0,2025-01-04 06:00:00+00:00
22.9,42,1015.6,6.6,0,2025-01-04 07:00:00+00:00
23.8,37,1014.3,8.1,0,2025-01-04 08:00:00+00:00
24.2,32,1013.2,10.2,0,2025-01-04 09:00:00+00:00
24.1,30,1012.4,12.3,0,2025-01-04 10:00:00+00:00
23.5,28,1012.3,14.1,0,2025-01-04 11:00:00+00:00
22.7,26,1012.7,14.0,0,2025-01-04 12:00:00+00:00
21.7,32,1013.2,13.0,0,2025-01-04 13:00:00+00:00
20.7,36,1014.0,11.3,0,2025-01-04 14:00:00+00:00
20.1,38,1014.6,10.2,0,2025-01-04 15:00:00+00:00
19.5,40,1015.0,9.5,0,2025-01-04 16:00:00+00:00
19.1,42,1015.0,8.0,0,2025-01-04 17:00:00+00:00
18.7,43,1014.8,8.0,0,2025-01-04 18:00:00+00:00
18.4,43,1014.4,7.2,0,2025-01-04 19:00:00+00:00
17.9,46,1013.9,5.3,0,2025-01-04 20:00:00+00:00
17.1,48,1013.7,4.5,0,2025-01-04 21:00:00+00:00
15.8,52,1013.6,5.7,0,2025-01-04 22:00:00+00:00
14.9,56,1013.7,5.5,0,2025-01-04 23:00:00+00:00
13.9,59,1013.6,6.4,0,2025-01-05 00:00:00+00:00
14.2,52,1014.6,6.8,0,2025-01-05 01:00:00+00:00
13.3,55,1015.2,6.7,0,2025-01-05 02:00:00+00:00
13.2,58,1016.1,6.6,0,2025-01-05 03:00:00+00:00
14.8,56,1016.9,5.5,0,2025-01-05 04:00:00+00:00
17.6,51,1017.3,3.8,0,2025-01-05 05:00:00+00:00
20.0,46,1017.1,1.5,0,2025-01-05 06:00:00+00:00
21.4,39,1016.3,2.9,0,2025-01-05 07:00:00+00:00
22.2,35,1015.3,5.4,0,2025-01-05 08:00:00+00:00
22.5,35,1014.3,8.1,0,2025-01-05 09:00:00+00:00
22.4,36,1014.0,9.9,0,2025-01-05 10:00:00+00:00
21.9,38,1013.8,10.7,0,2025-01-05 11:00:00+00:00
21.2,39,1014.0,9.9,0,2025-01-05 12:00:00+00:00
20.2,41,1014.7,9.0,0,2025-01-05 13:00:00+00:00
19.4,47,1015.5,8.6,0,2025-01-05 14:00:00+00:00
18.8,48,1016.4,8.1,0,2025-01-05 15:00:00+00:00
18.2,48,1016.6,7.1,0,2025-01-05 16:00:00+00:00
17.9,47,1016.8,6.8,0,2025-01-05 17:00:00+00:00
17.0,49,1017.1,6.7,0,2025-01-05 18:00:00+00:00
16.5,48,1016.8,6.4,0,2025-01-05 19:00:00+00:00
16.3,45,1016.6,6.9,0,2025-01-05 20:00:00+00:00
15.6,45,1016.3,7.9,0,2025-01-05 21:00:00+00:00
14.9,45,1016.5,7.2,0,2025-01-05 22:00:00+00:00
14.4,47,1016.5,7.3,0,2025-01-05 23:00:00+00:00
13.9,49,1016.7,7.6,0,2025-01-06 00:00:00+00:00
13.5,53,1017.1,7.7,0,2025-01-06 01:00:00+00:00
13.2,53,1017.7,7.6,0,2025-01-06 02:00:00+00:00
13.2,52,1018.5,8.3,0,2025-01-06 03:00:00+00:00
15.0,46,1019.7,8.5,0,2025-01-06 04:00:00+00:00
18.0,36,1020.2,6.0,0,2025-01-06 05:00:00+00:00
20.8,25,1019.8,6.0,0,2025-01-06 06:00:00+00:00
22.5,20,1018.8,5.0,0,2025-01-06 07:00:00+00:00
23.6,18,1017.7,3.6,0,2025-01-06 08:00:00+00:00
24.3,17,1016.8,1.9,0,2025-01-06 09:00:00+00:00
24.5,18,1016.2,3.5,0,2025-01-06 10:00:00+00:00
23.8,26,1016.0,7.1,0,2025-01-06 11:00:00+00:00
22.7,37,1016.2,8.0,0,2025-01-06 12:00:00+00:00
20.9,44,1016.8,9.4,0,2025-01-06 13:00:00+00:00
20.3,42,1017.3,7.4,0,2025-01-06 14:00:00+00:00
20.0,40,1018.0,5.1,0,2025-01-06 15:00:00+00:00
19.6,39,1018.7,5.1,0,2025-01-06 16:00:00+00:00
18.8,34,1019.2,7.1,0,2025-01-06 17:00:00+00:00
17.6,29,1019.3,7.9,0,2025-01-06 18:00:00+00:00
16.5,30,1019.1,8.7,0,2025-01-06 19:00:00+00:00
15.9,30,1019.0,9.2,0,2025-01-06 20:00:00+00:00
15.5,30,1018.7,10.3,0,2025-01-06 21:00:00+00:00
15.0,30,1018.7,10.5,0,2025-01-06 22:00:00+00:00
14.6,30,1018.6,11.0,0,2025-01-06 23:00:00+00:00
14.3,30,1018.8,11.3,0,2025-01-07 00:00:00+00:00
13.7,34,1019.3,11.8,0,2025-01-07 01:00:00+00:00
13.5,35,1020.1,11.5,0,2025-01-07 02:00:00+00:00
13.6,35,1020.8,11.1,0,2025-01-07 03:00:00+00:00
15.1,31,1021.6,9.9,0,2025-01-07 04:00:00+00:00
17.8,26,1022.2,6.6,0,2025-01-07 05:00:00+00:00
20.6,21,1021.5,7.3,0,2025-01-07 06:00:00+00:00
22.4,18,1020.3,7.9,0,2025-01-07 07:00:00+00:00
23.6,15,1018.8,6.7,0,2025-01-07 08:00:00+00:00
24.4,13,1017.8,5.2,0,2025-01-07 09:00:00+00:00
24.8,13,1017.1,4.8,0,2025-01-07 10:00:00+00:00
24.9,13,1016.5,4.9,0,2025-01-07 11:00:00+00:00
24.5,13,1016.5,3.1,0,2025-01-07 12:00:00+00:00
22.9,21,1016.7,3.5,0,2025-01-07 13:00:00+00:00
21.4,25,1017.2,3.7,0,2025-01-07 14:00:00+00:00
20.6,21,1017.4,5.0,0,2025-01-07 15:00:00+00:00
20.1,22,1017.5,6.1,0,2025-01-07 16:00:00+00:00
19.0,24,1017.8,6.9,0,2025-01-07 17:00:00+00:00
17.7,26,1017.3,7.1,0,2025-01-07 18:00:00+00:00
16.7,29,1016.8,6.9,0,2025-01-07 19:00:00+00:00
15.8,31,1016.3,6.5,0,2025-01-07 20:00:00+00:00
15.0,34,1015.9,5.5,0,2025-01-07 21:00:00+00:00
14.4,36,1015.7,4.9,0,2025-01-07 22:00:00+00:00
13.8,38,1015.7,4.9,0,2025-01-07 23:00:00+00:00
13.1,40,1015.6,4.8,0,2025-01-08 00:00:00+00:00
12.0,43,1016.1,5.2,0,2025-01-08 01:00:00+00:00
11.6,44,1016.6,5.5,0,2025-01-08 02:00:00+00:00
11.5,45,1017.4,5.8,0,2025-01-08 03:00:00+00:00
13.6,38,1018.4,3.9,0,2025-01-08 04:00:00+00:00
17.2,28,1018.5,3.3,0,2025-01-08 05:00:00+00:00
20.3,20,1018.1,2.5,0,2025-01-08 06:00:00+00:00
22.2,17,1016.8,2.4,0,2025-01-08 07:00:00+00:00
23.1,18,1015.4,3.8,0,2025-01-08 08:00:00+00:00
23.5,20,1014.4,6.1,0,2025-01-08 09:00:00+00:00
23.3,23,1013.7,8.0,0,2025-01-08 10:00:00+00:00
22.8,24,1013.7,9.6,0,2025-01-08 11:00:00+00:00
21.8,26,1013.9,8.7,0,2025-01-08 12:00:00+00:00
20.7,43,1014.2,7.9,0,2025-01-08 13:00:00+00:00
20.2,49,1014.6,7.7,0,2025-01-08 14:00:00+00:00
19.7,51,1015.0,8.5,0,2025-01-08 15:00:00+00:00
18.8,57,1015.3,7.8,0,2025-01-08 16:00:00+00:00
18.0,62,1015.3,7.5,0,2025-01-08 17:00:00+00:00
17.5,67,1014.9,7.6,0,2025-01-08 18:00:00+00:00
17.0,72,1014.6,7.2,0,2025-01-08 19:00:00+00:00
16.4,76,1014.0,6.9,0,2025-01-08 20:00:00+00:00
16.0,79,1013.5,7.3,0,2025-01-08 21:00:00+00:00
15.4,81,1013.2,7.6,0,2025-01-08 22:00:00+00:00
14.7,84,1012.8,7.5,0,2025-01-08 23:00:00+00:00
14.0,85,1012.7,7.2,0,2025-01-09 00:00:00+00:00
12.8,81,1013.6,6.3,0,2025-01-09 01:00:00+00:00
12.9,76,1014.7,5.5,0,2025-01-09 02:00:00+00:00
12.3,74,1015.2,6.4,0,2025-01-09 03:00:00+00:00
13.7,65,1016.0,6.9,0,2025-01-09 04:00:00+00:00
17.1,48,1016.4,5.0,0,2025-01-09 05:00:00+00:00
20.5,38,1016.2,4.5,0,2025-01-09 06:00:00+00:00
22.7,29,1015.2,5.3,0,2025-01-09 07:00:00+00:00
23.7,24,1013.9,6.6,0,2025-01-09 08:00:00+00:00
24.1,24,1012.9,6.2,0,2025-01-09 09:00:00+00:00
24.2,25,1012.0,6.5,0,2025-01-09 10:00:00+00:00
23.9,26,1011.8,6.5,0,2025-01-09 11:00:00+00:00
23.3,29,1011.9,5.5,0,2025-01-09 12:00:00+00:00
22.4,30,1012.6,6.0,0,2025-01-09 13:00:00+00:00
21.9,34,1013.4,5.2,0,2025-01-09 14:00:00+00:00
21.2,41,1013.8,2.1,0,2025-01-09 15:00:00+00:00
20.1,42,1014.6,4.2,0,2025-01-09 16:00:00+00:00
19.2,36,1015.0,6.0,0,2025-01-09 17:00:00+00:00
18.3,37,1014.7,7.7,0,2025-01-09 18:00:00+00:00
17.7,39,1014.8,8.6,0,2025-01-09 19:00:00+00:00
17.5,39,1014.5,5.2,1,2025-01-09 20:00:00+00:00
16.9,41,1014.4,2.7,8,2025-01-09 21:00:00+00:00
16.2,43,1014.4,3.1,10,2025-01-09 22:00:00+00:00
15.4,47,1014.3,6.4,23,2025-01-09 23:00:00+00:00
15.5,47,1014.3,6.9,41,2025-01-10 00:00:00+00:00
16.9,42,1014.8,6.1,45,2025-01-10 01:00:00+00:00
16.5,44,1015.3,6.9,68,2025-01-10 02:00:00+00:00
16.2,45,1016.1,8.0,8,2025-01-10 03:00:00+00:00
17.3,41,1016.9,8.6,6,2025-01-10 04:00:00+00:00
19.7,35,1017.4,5.8,4,2025-01-10 05:00:00+00:00
22.0,30,1017.2,4.0,6,2025-01-10 06:00:00+00:00
23.7,25,1016.2,2.5,6,2025-01-10 07:00:00+00:00
24.7,22,1014.8,1.5,0,2025-01-10 08:00:00+00:00
25.3,22,1013.8,3.6,8,2025-01-10 09:00:00+00:00
25.4,24,1013.1,9.1,17,2025-01-10 10:00:00+00:00
24.2,36,1013.0,13.6,15,2025-01-10 11:00:00+00:00
23.1,38,1013.1,13.1,2,2025-01-10 12:00:00+00:00
22.3,40,1013.6,11.1,4,2025-01-10 13:00:00+00:00
21.4,44,1014.2,9.0,2,2025-01-10 14:00:00+00:00
20.6,47,1015.0,7.7,3,2025-01-10 15:00:00+00:00
20.2,48,1015.7,8.1,3,2025-01-10 16:00:00+00:00
20.0,45,1015.9,8.6,0,2025-01-10 17:00:00+00:00
19.9,42,1015.9,6.8,0,2025-01-10 18:00:00+00:00
19.0,43,1015.8,6.6,0,2025-01-10 19:00:00+00:00
18.3,44,1015.7,6.6,0,2025-01-10 20:00:00+00:00
17.6,45,1015.4,6.9,0,2025-01-10 21:00:00+00:00
17.0,46,1015.2,6.8,0,2025-01-10 22:00:00+00:00
16.4,48,1015.1,6.7,0,2025-01-10 23:00:00+00:00
16.0,50,1015.2,7.6,0,2025-01-11 00:00:00+00:00
15.4,51,1015.7,7.6,0,2025-01-11 01:00:00+00:00
14.9,52,1016.2,7.0,0,2025-01-11 02:00:00+00:00
14.8,52,1016.8,7.2,0,2025-01-11 03:00:00+00:00
16.7,45,1017.7,5.6,0,2025-01-11 04:00:00+00:00
19.6,36,1018.1,3.5,0,2025-01-11 05:00:00+00:00
22.2,29,1018.0,2.2,0,2025-01-11 06:00:00+00:00
23.9,25,1016.9,1.3,0,2025-01-11 07:00:00+00:00
24.8,23,1015.7,2.2,0,2025-01-11 08:00:00+00:00
25.3,22,1014.7,4.8,0,2025-01-11 09:00:00+00:00
25.8,20,1014.1,4.8,0,2025-01-11 10:00:00+00:00
25.9,18,1013.7,6.1,0,2025-01-11 11:00:00+00:00
24.8,23,1013.9,9.4,0,2025-01-11 12:00:00+00:00
22.0,47,1014.8,10.6,0,2025-01-11 13:00:00+00:00
20.9,56,1015.5,8.3,0,2025-01-11 14:00:00+00:00
20.5,62,1016.3,6.2,0,2025-01-11 15:00:00+00:00
20.0,64,1016.9,6.0,0,2025-01-11 16:00:00+00:00
19.4,66,1017.3,5.2,0,2025-01-11 17:00:00+00:00
18.6,67,1017.2,5.4,0,2025-01-11 18:00:00+00:00
18.3,66,1016.9,5.5,0,2025-01-11 19:00:00+00:00
17.8,61,1016.7,6.1,0,2025-01-11 20:00:00+00:00
17.1,53,1016.8,6.3,0,2025-01-11 21:00:00+00:00
16.5,45,1016.7,6.0,0,2025-01-11 22:00:00+00:00
16.1,43,1016.7,6.4,0,2025-01-11 23:00:00+00:00
15.7,42,1016.9,7.0,1,2025-01-12 00:00:00+00:00
14.8,47,1017.6,6.8,0,2025-01-12 01:00:00+00:00
14.7,45,1018.1,7.2,0,2025-01-12 02:00:00+00:00
14.7,43,1018.9,6.8,0,2025-01-12 03:00:00+00:00
16.4,38,1019.7,5.7,0,2025-01-12 04:00:00+00:00
19.7,31,1020.3,4.8,3,2025-01-12 05:00:00+00:00
22.3,25,1020.2,6.2,0,2025-01-12 06:00:00+00:00
23.8,24,1019.3,7.1,0,2025-01-12 07:00:00+00:00
24.9,22,1018.1,6.9,0,2025-01-12 08:00:00+00:00
25.5,20,1017.1,7.1,0,2025-01-12 09:00:00+00:00
25.8,20,1016.5,7.8,0,2025-01-12 10:00:00+00:00
25.6,21,1016.5,10.0,0,2025-01-12 11:00:00+00:00
24.9,22,1016.8,12.8,0,2025-01-12 12:00:00+00:00
23.5,23,1017.7,13.0,0,2025-01-12 13:00:00+00:00
22.3,24,1018.3,13.5,0,2025-01-12 14:00:00+00:00
21.2,26,1019.0,13.1,0,2025-01-12 15:00:00+00:00
20.0,28,1019.3,13.1,0,2025-01-12 16:00:00+00:00
19.1,30,1019.2,13.6,0,2025-01-12 17:00:00+00:00
18.4,32,1019.0,13.2,0,2025-01-12 18:00:00+00:00
17.9,35,1018.8,12.8,0,2025-01-12 19:00:00+00:00
17.4,38,1018.6,12.5,0,2025-01-12 20:00:00+00:00
17.0,40,1018.2,12.5,0,2025-01-12 21:00:00+00:00
16.7,43,1018.3,13.6,0,2025-01-12 22:00:00+00:00
16.2,46,1018.4,14.3,0,2025-01-12 23:00:00+00:00
15.7,49,1018.9,14.4,0,2025-01-13 00:00:00+00:00
14.9,53,1020.0,14.3,1,2025-01-13 01:00:00+00:00
14.7,55,1020.6,14.0,4,2025-01-13 02:00:00+00:00
14.7,56,1020.8,13.8,0,2025-01-13 03:00:00+00:00
15.8,53,1021.2,13.4,2,2025-01-13 04:00:00+00:00
17.7,48,1021.4,13.9,36,2025-01-13 05:00:00+00:00
19.6,42,1021.0,15.1,15,2025-01-13 06:00:00+00:00
21.2,36,1019.9,14.8,0,2025-01-13 07:00:00+00:00
22.3,32,1018.5,13.9,0,2025-01-13 08:00:00+00:00
23.1,29,1017.3,12.6,0,2025-01-13 09:00:00+00:00
23.5,27,1016.5,11.7,0,2025-01-13 10:00:00+00:00
23.5,27,1016.0,11.5,0,2025-01-13 11:00:00+00:00
23.0,27,1015.9,11.9,0,2025-01-13 12:00:00+00:00
21.8,33,1016.3,11.6,0,2025-01-13 13:00:00+00:00
20.7,37,1016.9,11.6,0,2025-01-13 14:00:00+00:00
19.7,40,1017.6,11.3,0,2025-01-13 15:00:00+00:00
18.6,45,1018.1,11.0,0,2025-01-13 16:00:00+00:00
17.7,49,1018.5,10.6,0,2025-01-13 17:00:00+00:00
16.9,53,1018.2,10.1,0,2025-01-13 18:00:00+00:00
16.3,56,1017.9,10.1,0,2025-01-13 19:00:00+00:00
15.8,59,1017.7,9.9,0,2025-01-13 20:00:00+00:00
15.3,61,1017.5,10.1,0,2025-01-13 21:00:00+00:00
14.9,62,1017.4,10.1,0,2025-01-13 22:00:00+00:00
14.4,65,1017.3,10.0,0,2025-01-13 23:00:00+00:00
14.1,65,1017.3,10.3,0,2025-01-14 00:00:00+00:00
13.7,66,1018.1,10.3,0,2025-01-14 01:00:00+00:00
13.5,66,1018.4,10.4,0,2025-01-14 02:00:00+00:00
13.6,66,1019.0,10.3,0,2025-01-14 03:00:00+00:00
14.9,60,1019.4,8.9,0,2025-01-14 04:00:00+00:00
17.2,53,1020.0,8.6,0,2025-01-14 05:00:00+00:00
19.5,45,1019.6,8.2,0,2025-01-14 06:00:00+00:00
21.4,37,1018.4,6.2,0,2025-01-14 07:00:00+00:00
22.8,34,1016.9,4.4,0,2025-01-14 08:00:00+00:00
23.7,34,1015.8,4.0,0,2025-01-14 09:00:00+00:00
24.1,34,1015.1,3.6,0,2025-01-14 10:00:00+00:00
23.9,35,1015.0,5.0,0,2025-01-14 11:00:00+00:00
23.4,37,1014.9,5.8,0,2025-01-14 12:00:00+00:00
22.0,45,1015.5,9.3,1,2025-01-14 13:00:00+00:00
20.4,51,1016.2,10.3,0,2025-01-14 14:00:00+00:00
19.5,56,1017.0,9.1,0,2025-01-14 15:00:00+00:00
19.0,60,1017.7,5.4,0,2025-01-14 16:00:00+00:00
18.7,58,1018.1,6.3,0,2025-01-14 17:00:00+00:00
18.8,52,1018.2,6.4,0,2025-01-14 18:00:00+00:00
18.0,49,1018.0,8.5,0,2025-01-14 19:00:00+00:00
16.9,52,1017.9,8.0,0,2025-01-14 20:00:00+00:00
16.4,56,1017.7,7.8,0,2025-01-14 21:00:00+00:00
15.8,59,1017.8,8.0,0,2025-01-14 22:00:00+00:00
15.5,60,1017.9,8.1,0,2025-01-14 23:00:00+00:00
15.1,62,1017.8,8.3,1,2025-01-15 00:00:00+00:00
14.9,62,1018.5,9.2,6,2025-01-15 01:00:00+00:00
14.9,61,1018.8,9.5,4,2025-01-15 02:00:00+00:00
15.0,60,1019.5,9.2,9,2025-01-15 03:00:00+00:00
16.5,54,1020.4,7.1,6,2025-01-15 04:00:00+00:00
18.9,46,1020.9,6.5,3,2025-01-15 05:00:00+00:00
21.3,38,1020.6,6.6,1,2025-01-15 06:00:00+00:00
23.0,34,1019.6,7.0,0,2025-01-15 07:00:00+00:00
24.1,33,1018.2,5.8,0,2025-01-15 08:00:00+00:00
24.8,32,1017.0,2.7,0,2025-01-15 09:00:00+00:00
25.1,32,1016.2,3.9,9,2025-01-15 10:00:00+00:00
25.0,32,1015.8,6.8,1,2025-01-15 11:00:00+00:00
24.0,39,1015.8,10.4,0,2025-01-15 12:00:00+00:00
22.4,53,1016.8,9.9,0,2025-01-15 13:00:00+00:00
21.0,62,1017.5,6.4,0,2025-01-15 14:00:00+00:00
20.4,66,1018.2,4.3,0,2025-01-15 15:00:00+00:00
19.9,71,1018.4,3.4,0,2025-01-15 16:00:00+00:00
19.3,75,1018.7,4.2,0,2025-01-15 17:00:00+00:00
18.2,73,1018.9,10.5,0,2025-01-15 18:00:00+00:00
17.7,60,1019.2,10.8,1,2025-01-15 19:00:00+00:00
17.9,55,1018.8,8.5,2,2025-01-15 20:00:00+00:00
17.6,52,1018.6,8.1,0,2025-01-15 21:00:00+00:00
17.3,51,1018.0,7.7,0,2025-01-15 22:00:00+00:00
16.7,53,1017.6,7.8,0,2025-01-15 23:00:00+00:00
16.1,55,1017.7,6.7,0,2025-01-16 00:00:00+00:00
15.4,58,1019.0,4.9,0,2025-01-16 01:00:00+00:00
15.1,59,1019.8,3.7,0,2025-01-16 02:00:00+00:00
14.7,60,1020.4,4.8,0,2025-01-16 03:00:00+00:00
15.9,55,1020.8,3.6,0,2025-01-16 04:00:00+00:00
18.5,45,1021.5,1.4,0,2025-01-16 05:00:00+00:00
20.7,40,1021.4,0.8,0,2025-01-16 06:00:00+00:00
22.0,41,1020.4,4.0,0,2025-01-16 07:00:00+00:00
22.6,41,1019.2,7.0,0,2025-01-16 08:00:00+00:00
22.7,42,1018.3,9.8,0,2025-01-16 09:00:00+00:00
22.3,47,1017.8,11.1,4,2025-01-16 10:00:00+00:00
22.0,49,1017.6,10.1,0,2025-01-16 11:00:00+00:00
21.5,50,1017.8,9.1,0,2025-01-16 12:00:00+00:00
20.6,56,1018.3,6.8,0,2025-01-16 13:00:00+00:00
20.1,61,1018.7,6.2,0,2025-01-16 14:00:00+00:00
19.6,66,1019.5,5.7,0,2025-01-16 15:00:00+00:00
19.3,68,1020.3,1.9,0,2025-01-16 16:00:00+00:00
19.0,68,1020.6,3.0,0,2025-01-16 17:00:00+00:00
18.4,68,1020.5,7.6,0,2025-01-16 18:00:00+00:00
17.7,59,1020.2,9.1,0,2025-01-16 19:00:00+00:00
17.0,53,1019.9,8.0,0,2025-01-16 20:00:00+00:00
16.6,53,1019.5,7.8,0,2025-01-16 21:00:00+00:00
16.0,56,1019.1,8.2,0,2025-01-16 22:00:00+00:00
15.3,59,1019.1,9.4,0,2025-01-16 23:00:00+00:00
14.9,59,1019.0,9.9,0,2025-01-17 00:00:00+00:00
14.8,56,1019.4,10.3,0,2025-01-17 01:00:00+00:00
14.9,55,1020.0,11.0,0,2025-01-17 02:00:00+00:00
15.2,55,1020.6,11.5,0,2025-01-17 03:00:00+00:00
16.8,49,1021.2,11.0,0,2025-01-17 04:00:00+00:00
19.4,39,1021.3,9.3,0,2025-01-17 05:00:00+00:00
22.0,29,1020.7,10.9,0,2025-01-17 06:00:00+00:00
23.5,20,1019.3,15.2,0,2025-01-17 07:00:00+00:00
24.0,19,1017.5,15.9,0,2025-01-17 08:00:00+00:00
24.4,19,1016.3,15.6,1,2025-01-17 09:00:00+00:00
24.5,19,1015.0,15.3,0,2025-01-17 10:00:00+00:00
24.2,19,1014.7,14.5,0,2025-01-17 11:00:00+00:00
23.4,21,1015.0,14.3,0,2025-01-17 12:00:00+00:00
22.6,24,1015.5,13.0,3,2025-01-17 13:00:00+00:00
21.6,28,1016.0,13.4,0,2025-01-17 14:00:00+00:00
20.6,32,1016.6,12.7,0,2025-01-17 15:00:00+00:00
19.6,36,1017.0,11.8,0,2025-01-17 16:00:00+00:00
18.7,40,1016.9,11.6,6,2025-01-17 17:00:00+00:00
18.0,43,1016.8,12.0,4,2025-01-17 18:00:00+00:00
17.5,44,1016.6,12.3,2,2025-01-17 19:00:00+00:00
17.4,42,1016.3,12.5,86,2025-01-17 20:00:00+00:00
17.2,41,1016.1,13.4,1,2025-01-17 21:00:00+00:00
16.9,42,1015.9,13.6,5,2025-01-17 22:00:00+00:00
16.4,46,1015.6,13.8,0,2025-01-17 23:00:00+00:00
16.0,49,1015.6,13.6,0,2025-01-18 00:00:00+00:00
15.7,49,1016.0,13.5,0,2025-01-18 01:00:00+00:00
15.5,49,1016.5,13.3,0,2025-01-18 02:00:00+00:00
15.6,48,1017.0,12.9,0,2025-01-18 03:00:00+00:00
17.0,44,1017.3,10.9,0,2025-01-18 04:00:00+00:00
19.1,38,1017.7,11.5,0,2025-01-18 05:00:00+00:00
21.4,32,1017.3,12.1,0,2025-01-18 06:00:00+00:00
23.0,25,1015.9,12.9,0,2025-01-18 07:00:00+00:00
24.1,22,1014.5,11.0,0,2025-01-18 08:00:00+00:00
24.7,21,1013.2,9.4,0,2025-01-18 09:00:00+00:00
24.9,20,1012.3,8.4,0,2025-01-18 10:00:00+00:00
24.8,21,1011.8,8.2,0,2025-01-18 11:00:00+00:00
24.2,22,1012.0,7.7,0,2025-01-18 12:00:00+00:00
23.3,23,1012.7,8.7,0,2025-01-18 13:00:00+00:00
22.2,26,1013.0,11.3,0,2025-01-18 14:00:00+00:00
21.2,29,1013.8,10.5,0,2025-01-18 15:00:00+00:00
20.0,33,1014.3,10.5,0,2025-01-18 16:00:00+00:00
19.0,36,1014.8,11.1,0,2025-01-18 17:00:00+00:00
18.1,40,1014.6,11.4,0,2025-01-18 18:00:00+00:00
17.5,42,1014.6,10.7,0,2025-01-18 19:00:00+00:00
16.9,44,1014.2,9.7,0,2025-01-18 20:00:00+00:00
16.3,46,1014.3,9.7,0,2025-01-18 21:00:00+00:00
15.8,47,1014.3,9.6,0,2025-01-18 22:00:00+00:00
15.5,48,1014.3,9.3,0,2025-01-18 23:00:00+00:00
15.2,48,1014.3,9.6,0,2025-01-19 00:00:00+00:00
14.6,47,1015.4,10.0,0,2025-01-19 01:00:00+00:00
14.5,47,1016.0,9.7,0,2025-01-19 02:00:00+00:00
14.6,46,1016.7,9.4,0,2025-01-19 03:00:00+00:00
16.0,41,1017.3,8.6,0,2025-01-19 04:00:00+00:00
18.7,34,1017.8,7.3,0,2025-01-19 05:00:00+00:00
21.7,27,1017.4,7.7,0,2025-01-19 06:00:00+00:00
23.5,22,1016.5,7.0,0,2025-01-19 07:00:00+00:00
24.7,20,1015.3,5.7,0,2025-01-19 08:00:00+00:00
25.5,18,1014.3,4.2,0,2025-01-19 09:00:00+00:00
25.7,18,1013.5,3.2,0,2025-01-19 10:00:00+00:00
25.6,18,1013.0,2.5,0,2025-01-19 11:00:00+00:00
24.8,22,1013.0,3.4,0,2025-01-19 12:00:00+00:00
24.2,23,1013.5,2.6,0,2025-01-19 13:00:00+00:00
23.0,24,1014.1,3.7,0,2025-01-19 14:00:00+00:00
22.0,25,1014.7,7.2,0,2025-01-19 15:00:00+00:00
21.2,28,1015.1,9.7,0,2025-01-19 16:00:00+00:00
20.0,34,1015.4,10.1,0,2025-01-19 17:00:00+00:00
19.1,37,1015.4,10.3,0,2025-01-19 18:00:00+00:00
18.5,40,1015.1,9.9,0,2025-01-19 19:00:00+00:00
17.9,42,1014.8,9.9,0,2025-01-19 20:00:00+00:00
17.4,43,1014.6,10.1,0,2025-01-19 21:00:00+00:00
17.0,44,1014.5,10.1,0,2025-01-19 22:00:00+00:00
16.8,44,1014.4,10.2,0,2025-01-19 23:00:00+00:00
16.6,44,1014.6,9.8,0,2025-01-20 00:00:00+00:00
16.4,45,1015.5,11.1,0,2025-01-20 01:00:00+00:00
16.1,46,1016.0,10.9,0,2025-01-20 02:00:00+00:00
16.1,47,1016.7,10.9,0,2025-01-20 03:00:00+00:00
17.4,44,1017.3,9.4,0,2025-01-20 04:00:00+00:00
19.6,38,1017.7,9.1,0,2025-01-20 05:00:00+00:00
22.1,32,1017.5,8.7,0,2025-01-20 06:00:00+00:00
24.1,25,1016.6,8.3,0,2025-01-20 07:00:00+00:00
25.2,22,1015.1,6.3,0,2025-01-20 08:00:00+00:00
25.8,20,1013.9,3.6,0,2025-01-20 09:00:00+00:00
26.0,20,1013.1,2.0,0,2025-01-20 10:00:00+00:00
25.8,21,1012.6,5.4,0,2025-01-20 11:00:00+00:00
24.1,38,1012.9,12.0,0,2025-01-20 12:00:00+00:00
22.7,43,1013.1,12.4,0,2025-01-20 13:00:00+00:00
21.6,45,1013.7,11.1,0,2025-01-20 14:00:00+00:00
21.1,48,1014.3,7.6,0,2025-01-20 15:00:00+00:00
20.6,51,1014.8,6.6,0,2025-01-20 16:00:00+00:00
20.2,52,1015.1,5.9,0,2025-01-20 17:00:00+00:00
20.0,49,1015.0,5.9,0,2025-01-20 18:00:00+00:00
19.7,42,1015.0,6.4,0,2025-01-20 19:00:00+00:00
18.7,43,1014.5,6.1,0,2025-01-20 20:00:00+00:00
17.7,46,1014.3,6.0,6,2025-01-20 21:00:00+00:00
16.9,50,1014.1,6.0,0,2025-01-20 22:00:00+00:00
16.1,54,1013.9,6.4,0,2025-01-20 23:00:00+00:00
15.4,57,1013.9,7.7,0,2025-01-21 00:00:00+00:00
14.8,57,1014.7,8.6,0,2025-01-21 01:00:00+00:00
14.6,57,1015.4,8.7,0,2025-01-21 02:00:00+00:00
14.8,56,1015.9,8.3,0,2025-01-21 03:00:00+00:00
16.4,51,1016.4,7.4,0,2025-01-21 04:00:00+00:00
19.4,42,1016.8,3.9,0,2025-01-21 05:00:00+00:00
22.2,33,1016.5,2.8,0,2025-01-21 06:00:00+00:00
23.6,31,1015.5,1.4,0,2025-01-21 07:00:00+00:00
24.4,29,1014.3,3.7,0,2025-01-21 08:00:00+00:00
24.7,30,1013.0,7.4,0,2025-01-21 09:00:00+00:00
24.3,34,1012.1,11.2,0,2025-01-21 10:00:00+00:00
23.6,41,1011.8,11.7,0,2025-01-21 11:00:00+00:00
22.7,46,1011.8,10.4,0,2025-01-21 12:00:00+00:00
22.0,57,1012.3,9.8,0,2025-01-21 13:00:00+00:00
21.1,63,1012.8,8.6,0,2025-01-21 14:00:00+00:00
20.6,68,1013.2,8.6,0,2025-01-21 15:00:00+00:00
20.2,72,1013.6,8.7,0,2025-01-21 16:00:00+00:00
19.9,75,1014.0,8.5,0,2025-01-21 17:00:00+00:00
19.5,76,1013.9,7.8,0,2025-01-21 18:00:00+00:00
19.2,78,1013.6,6.9,0,2025-01-21 19:00:00+00:00
18.9,78,1013.4,7.5,0,2025-01-21 20:00:00+00:00
18.6,76,1013.0,7.8,1,2025-01-21 21:00:00+00:00
18.4,76,1012.8,8.5,3,2025-01-21 22:00:00+00:00
18.2,76,1012.8,7.9,22,2025-01-21 23:00:00+00:00
17.3,81,1012.9,7.1,28,2025-01-22 00:00:00+00:00
16.8,83,1013.6,6.9,33,2025-01-22 01:00:00+00:00
16.9,82,1014.3,5.1,2,2025-01-22 02:00:00+00:00
17.1,80,1014.7,6.3,0,2025-01-22 03:00:00+00:00
18.5,72,1015.5,4.4,0,2025-01-22 04:00:00+00:00
21.1,58,1015.8,2.9,0,2025-01-22 05:00:00+00:00
22.9,45,1015.6,3.2,0,2025-01-22 06:00:00+00:00
24.0,38,1014.6,3.6,2,2025-01-22 07:00:00+00:00
24.6,36,1013.4,6.6,0,2025-01-22 08:00:00+00:00
24.9,36,1012.4,9.4,0,2025-01-22 09:00:00+00:00
25.0,36,1011.7,11.4,0,2025-01-22 10:00:00+00:00
24.7,36,1011.6,12.8,0,2025-01-22 11:00:00+00:00
24.0,35,1011.8,13.4,2,2025-01-22 12:00:00+00:00
22.7,43,1012.4,11.2,1,2025-01-22 13:00:00+00:00
21.5,51,1013.1,9.1,0,2025-01-22 14:00:00+00:00
20.8,56,1013.9,8.4,0,2025-01-22 15:00:00+00:00
20.4,60,1014.5,8.8,0,2025-01-22 16:00:00+00:00
19.7,64,1015.3,9.6,0,2025-01-22 17:00:00+00:00
19.1,66,1015.5,7.8,0,2025-01-22 18:00:00+00:00
18.7,66,1015.6,8.2,0,2025-01-22 19:00:00+00:00
18.6,65,1015.4,6.7,4,2025-01-22 20:00:00+00:00
18.3,62,1015.2,4.6,0,2025-01-22 21:00:00+00:00
17.6,58,1015.0,6.4,0,2025-01-22 22:00:00+00:00
16.8,54,1014.9,7.4,0,2025-01-22 23:00:00+00:00
15.8,54,1015.4,9.5,0,2025-01-23 00:00:00+00:00
15.4,58,1016.3,8.8,0,2025-01-23 01:00:00+00:00
15.1,59,1016.9,9.6,0,2025-01-23 02:00:00+00:00
15.4,56,1017.6,9.2,0,2025-01-23 03:00:00+00:00
16.9,48,1018.5,7.0,0,2025-01-23 04:00:00+00:00
19.5,37,1019.1,6.1,0,2025-01-23 05:00:00+00:00
22.0,29,1019.1,5.7,0,2025-01-23 06:00:00+00:00
24.2,24,1017.9,6.8,0,2025-01-23 07:00:00+00:00
25.6,19,1016.6,6.9,0,2025-01-23 08:00:00+00:00
26.1,16,1015.5,6.9,0,2025-01-23 09:00:00+00:00
26.4,13,1014.7,8.4,0,2025-01-23 10:00:00+00:00
26.2,13,1014.5,10.1,0,2025-01-23 11:00:00+00:00
25.7,14,1014.7,9.8,0,2025-01-23 12:00:00+00:00
24.8,15,1015.4,12.0,0,2025-01-23 13:00:00+00:00
23.4,17,1016.1,10.2,0,2025-01-23 14:00:00+00:00
22.2,19,1017.0,10.5,0,2025-01-23 15:00:00+00:00
21.0,22,1017.5,9.8,0,2025-01-23 16:00:00+00:00
20.1,24,1017.3,9.7,0,2025-01-23 17:00:00+00:00
19.2,25,1017.1,10.3,0,2025-01-23 18:00:00+00:00
18.5,25,1016.6,11.9,0,2025-01-23 19:00:00+00:00
18.1,24,1015.9,12.2,0,2025-01-23 20:00:00+00:00
17.8,25,1016.0,11.1,0,2025-01-23 21:00:00+00:00
17.2,26,1015.7,11.6,0,2025-01-23 22:00:00+00:00
16.4,29,1015.7,11.3,0,2025-01-23 23:00:00+00:00
15.9,31,1015.8,11.3,0,2025-01-24 00:00:00+00:00
15.4,34,1016.6,10.2,0,2025-01-24 01:00:00+00:00
15.0,35,1017.1,10.6,0,2025-01-24 02:00:00+00:00
15.0,35,1017.7,10.5,0,2025-01-24 03:00:00+00:00
16.5,32,1018.4,9.3,0,2025-01-24 04:00:00+00:00
19.3,28,1018.7,8.0,0,2025-01-24 05:00:00+00:00
22.1,25,1018.2,8.9,0,2025-01-24 06:00:00+00:00
24.1,22,1017.1,12.5,0,2025-01-24 07:00:00+00:00
25.1,19,1015.7,13.3,0,2025-01-24 08:00:00+00:00
25.6,17,1014.5,12.8,0,2025-01-24 09:00:00+00:00
25.9,16,1013.7,13.0,0,2025-01-24 10:00:00+00:00
25.7,16,1013.5,13.0,0,2025-01-24 11:00:00+00:00
25.2,17,1013.8,12.6,0,2025-01-24 12:00:00+00:00
24.5,18,1014.6,12.1,0,2025-01-24 13:00:00+00:00
23.7,21,1015.6,11.5,0,2025-01-24 14:00:00+00:00
22.8,23,1016.1,12.1,0,2025-01-24 15:00:00+00:00
21.9,26,1016.7,12.1,0,2025-01-24 16:00:00+00:00
21.1,28,1016.7,9.4,0,2025-01-24 17:00:00+00:00
19.7,31,1016.6,9.8,0,2025-01-24 18:00:00+00:00
18.4,33,1016.2,9.9,0,2025-01-24 19:00:00+00:00
17.8,33,1015.8,9.8,0,2025-01-24 20:00:00+00:00
17.3,33,1015.5,9.7,0,2025-01-24 21:00:00+00:00
16.8,33,1015.4,10.0,0,2025-01-24 22:00:00+00:00
16.3,34,1015.3,10.7,0,2025-01-24 23:00:00+00:00
15.9,34,1015.1,11.1,0,2025-01-25 00:00:00+00:00
15.5,36,1015.7,11.1,0,2025-01-25 01:00:00+00:00
15.2,36,1016.2,11.2,0,2025-01-25 02:00:00+00:00
15.4,35,1016.9,11.3,0,2025-01-25 03:00:00+00:00
17.1,31,1017.6,10.3,0,2025-01-25 04:00:00+00:00
20.2,24,1018.0,8.5,0,2025-01-25 05:00:00+00:00
23.2,19,1017.9,9.5,0,2025-01-25 06:00:00+00:00
24.7,16,1016.7,8.3,0,2025-01-25 07:00:00+00:00
25.7,14,1015.3,6.4,0,2025-01-25 08:00:00+00:00
26.2,14,1014.2,3.6,0,2025-01-25 09:00:00+00:00
26.2,14,1013.5,3.1,0,2025-01-25 10:00:00+00:00
25.7,19,1013.0,7.0,0,2025-01-25 11:00:00+00:00
24.7,30,1013.0,8.3,0,2025-01-25 12:00:00+00:00
24.1,29,1013.4,8.1,0,2025-01-25 13:00:00+00:00
22.5,32,1013.9,9.0,0,2025-01-25 14:00:00+00:00
21.4,33,1014.6,8.3,0,2025-01-25 15:00:00+00:00
20.6,31,1015.3,6.3,0,2025-01-25 16:00:00+00:00
20.2,27,1015.6,4.7,0,2025-01-25 17:00:00+00:00
19.6,29,1015.6,6.5,0,2025-01-25 18:00:00+00:00
18.7,31,1015.5,7.2,0,2025-01-25 19:00:00+00:00
17.7,31,1015.2,7.1,0,2025-01-25 20:00:00+00:00
16.8,33,1014.9,7.1,0,2025-01-25 21:00:00+00:00
16.1,35,1014.6,6.9,0,2025-01-25 22:00:00+00:00
15.2,39,1014.3,8.1,0,2025-01-25 23:00:00+00:00
14.8,39,1014.1,8.5,0,2025-01-26 00:00:00+00:00
14.2,42,1014.5,7.1,0,2025-01-26 01:00:00+00:00
14.1,42,1015.3,7.0,0,2025-01-26 02:00:00+00:00
14.3,41,1015.6,7.3,0,2025-01-26 03:00:00+00:00
16.4,36,1016.2,5.2,0,2025-01-26 04:00:00+00:00
19.7,30,1016.8,3.8,0,2025-01-26 05:00:00+00:00
22.4,29,1016.4,2.4,0,2025-01-26 06:00:00+00:00
24.4,24,1015.3,0.2,0,2025-01-26 07:00:00+00:00
25.5,21,1013.9,3.1,0,2025-01-26 08:00:00+00:00
25.8,24,1012.7,6.6,0,2025-01-26 09:00:00+00:00
25.0,41,1012.2,11.2,0,2025-01-26 10:00:00+00:00
24.1,44,1012.0,12.2,0,2025-01-26 11:00:00+00:00
23.3,43,1012.0,10.2,0,2025-01-26 12:00:00+00:00
22.7,42,1012.2,8.3,0,2025-01-26 13:00:00+00:00
21.5,53,1012.7,8.1,0,2025-01-26 14:00:00+00:00
20.7,57,1013.4,7.2,0,2025-01-26 15:00:00+00:00
20.0,60,1014.1,7.2,0,2025-01-26 16:00:00+00:00
19.2,64,1014.2,7.0,0,2025-01-26 17:00:00+00:00
18.4,69,1014.3,7.1,0,2025-01-26 18:00:00+00:00
17.6,73,1014.0,7.7,0,2025-01-26 19:00:00+00:00
17.1,76,1013.7,7.8,0,2025-01-26 20:00:00+00:00
16.7,79,1013.3,7.9,0,2025-01-26 21:00:00+00:00
16.4,81,1013.0,7.9,0,2025-01-26 22:00:00+00:00
16.1,82,1012.7,7.7,0,2025-01-26 23:00:00+00:00
15.6,82,1012.5,7.5,0,2025-01-27 00:00:00+00:00
14.6,79,1013.2,7.2,0,2025-01-27 01:00:00+00:00
14.3,73,1013.5,5.6,0,2025-01-27 02:00:00+00:00
14.3,66,1014.0,6.2,0,2025-01-27 03:00:00+00:00
16.3,51,1014.5,4.8,0,2025-01-27 04:00:00+00:00
19.7,37,1014.7,1.9,0,2025-01-27 05:00:00+00:00
22.7,29,1014.6,0.4,0,2025-01-27 06:00:00+00:00
24.8,24,1013.3,1.2,0,2025-01-27 07:00:00+00:00
26.3,20,1011.7,2.3,0,2025-01-27 08:00:00+00:00
27.1,22,1010.4,5.5,0,2025-01-27 09:00:00+00:00
26.3,40,1009.7,10.4,0,2025-01-27 10:00:00+00:00
24.8,51,1009.6,11.8,0,2025-01-27 11:00:00+00:00
23.7,50,1009.9,10.1,0,2025-01-27 12:00:00+00:00
22.4,63,1010.3,8.1,0,2025-01-27 13:00:00+00:00
21.1,78,1011.0,7.6,0,2025-01-27 14:00:00+00:00
20.6,84,1011.6,7.1,0,2025-01-27 15:00:00+00:00
20.1,87,1011.8,6.1,0,2025-01-27 16:00:00+00:00
19.5,90,1012.1,4.9,0,2025-01-27 17:00:00+00:00
18.7,93,1012.1,5.7,0,2025-01-27 18:00:00+00:00
17.9,96,1012.0,6.2,6,2025-01-27 19:00:00+00:00
17.3,96,1011.5,7.4,1,2025-01-27 20:00:00+00:00
16.8,95,1011.2,7.8,4,2025-01-27 21:00:00+00:00
16.3,94,1010.6,7.3,47,2025-01-27 22:00:00+00:00
15.9,94,1010.4,7.4,76,2025-01-27 23:00:00+00:00
15.5,94,1010.3,7.0,82,2025-01-28 00:00:00+00:00
14.1,96,1011.1,5.1,98,2025-01-28 01:00:00+00:00
14.0,93,1011.7,3.0,85,2025-01-28 02:00:00+00:00
14.0,89,1012.4,3.6,80,2025-01-28 03:00:00+00:00
15.7,80,1012.9,3.4,5,2025-01-28 04:00:00+00:00
19.6,53,1013.6,2.5,1,2025-01-28 05:00:00+00:00
23.1,41,1013.4,1.5,0,2025-01-28 06:00:00+00:00
25.2,34,1012.4,4.0,0,2025-01-28 07:00:00+00:00
25.7,39,1011.4,8.9,0,2025-01-28 08:00:00+00:00
25.6,47,1010.4,10.8,1,2025-01-28 09:00:00+00:00
25.2,50,1009.8,11.4,0,2025-01-28 10:00:00+00:00
24.8,48,1009.4,10.3,0,2025-01-28 11:00:00+00:00
23.7,57,1009.3,9.2,0,2025-01-28 12:00:00+00:00
22.6,71,1009.7,7.7,0,2025-01-28 13:00:00+00:00
21.4,85,1010.3,6.5,0,2025-01-28 14:00:00+00:00
21.0,89,1010.9,7.0,0,2025-01-28 15:00:00+00:00
20.7,89,1011.3,7.2,0,2025-01-28 16:00:00+00:00
20.5,88,1011.7,8.0,0,2025-01-28 17:00:00+00:00
20.2,89,1011.8,7.7,3,2025-01-28 18:00:00+00:00
19.9,90,1011.8,7.7,0,2025-01-28 19:00:00+00:00
19.5,92,1011.7,7.7,1,2025-01-28 20:00:00+00:00
19.1,94,1011.9,8.1,5,2025-01-28 21:00:00+00:00
18.8,95,1011.3,8.4,10,2025-01-28 22:00:00+00:00
18.9,94,1010.9,8.4,0,2025-01-28 23:00:00+00:00
18.9,93,1010.9,8.5,0,2025-01-29 00:00:00+00:00
18.0,92,1011.6,6.7,27,2025-01-29 01:00:00+00:00
17.0,94,1012.1,4.9,2,2025-01-29 02:00:00+00:00
17.5,95,1012.9,4.8,36,2025-01-29 03:00:00+00:00
18.9,93,1013.8,5.4,68,2025-01-29 04:00:00+00:00
20.5,86,1014.5,4.0,8,2025-01-29 05:00:00+00:00
23.5,69,1014.6,7.9,0,2025-01-29 06:00:00+00:00
25.2,59,1013.8,11.4,1,2025-01-29 07:00:00+00:00
25.9,55,1012.7,12.4,0,2025-01-29 08:00:00+00:00
26.3,52,1011.5,12.4,0,2025-01-29 09:00:00+00:00
26.3,52,1010.9,12.7,0,2025-01-29 10:00:00+00:00
25.7,53,1010.6,12.7,0,2025-01-29 11:00:00+00:00
24.3,62,1010.6,11.4,0,2025-01-29 12:00:00+00:00
23.2,76,1010.9,10.3,0,2025-01-29 13:00:00+00:00
22.1,86,1011.3,9.8,1,2025-01-29 14:00:00+00:00
21.6,90,1011.8,8.7,0,2025-01-29 15:00:00+00:00
21.4,90,1012.4,8.1,0,2025-01-29 16:00:00+00:00
21.4,88,1012.4,7.9,0,2025-01-29 17:00:00+00:00
21.3,82,1012.5,8.1,0,2025-01-29 18:00:00+00:00
21.4,72,1012.1,8.8,0,2025-01-29 19:00:00+00:00
21.4,66,1011.6,9.2,0,2025-01-29 20:00:00+00:00
20.3,71,1011.3,8.2,0,2025-01-29 21:00:00+00:00
18.9,80,1011.1,8.5,0,2025-01-29 22:00:00+00:00
18.0,85,1011.2,8.2,0,2025-01-29 23:00:00+00:00
17.2,81,1011.3,8.9,0,2025-01-30 00:00:00+00:00
16.3,86,1012.2,8.5,23,2025-01-30 01:00:00+00:00
16.3,74,1013.1,8.7,1,2025-01-30 02:00:00+00:00
16.9,63,1013.8,6.7,0,2025-01-30 03:00:00+00:00
18.4,53,1014.6,4.0,0,2025-01-30 04:00:00+00:00
20.8,39,1015.1,2.7,0,2025-01-30 05:00:00+00:00
23.0,32,1015.0,2.7,0,2025-01-30 06:00:00+00:00
24.9,27,1013.9,2.9,0,2025-01-30 07:00:00+00:00
26.1,24,1012.6,4.0,0,2025-01-30 08:00:00+00:00
26.5,26,1011.4,8.4,0,2025-01-30 09:00:00+00:00
26.6,26,1010.6,11.1,0,2025-01-30 10:00:00+00:00
26.2,25,1010.3,12.7,0,2025-01-30 11:00:00+00:00
25.2,25,1010.4,13.1,0,2025-01-30 12:00:00+00:00
24.0,29,1010.4,11.7,0,2025-01-30 13:00:00+00:00
22.5,37,1010.8,9.4,0,2025-01-30 14:00:00+00:00
21.7,47,1011.1,10.7,0,2025-01-30 15:00:00+00:00
21.2,56,1011.6,11.4,0,2025-01-30 16:00:00+00:00
20.9,58,1011.7,10.5,0,2025-01-30 17:00:00+00:00
20.8,56,1011.4,10.7,0,2025-01-30 18:00:00+00:00
20.7,56,1010.9,11.4,0,2025-01-30 19:00:00+00:00
20.3,57,1010.4,12.5,0,2025-01-30 20:00:00+00:00
18.5,29,1010.3,13.1,0,2025-01-30 21:00:00+00:00
16.9,21,1010.0,13.3,0,2025-01-30 22:00:00+00:00
15.9,22,1009.9,13.8,0,2025-01-30 23:00:00+00:00
15.4,23,1010.1,13.5,0,2025-01-31 00:00:00+00:00
15.2,29,1010.6,13.2,0,2025-01-31 01:00:00+00:00
15.0,28,1011.2,12.6,0,2025-01-31 02:00:00+00:00
15.1,27,1012.0,12.0,0,2025-01-31 03:00:00+00:00
16.6,23,1012.8,11.3,0,2025-01-31 04:00:00+00:00
18.8,18,1013.4,11.1,0,2025-01-31 05:00:00+00:00
20.7,15,1013.1,10.1,0,2025-01-31 06:00:00+00:00
22.4,13,1012.3,9.0,0,2025-01-31 07:00:00+00:00
23.7,12,1011.2,9.3,0,2025-01-31 08:00:00+00:00
24.1,13,1010.2,10.9,0,2025-01-31 09:00:00+00:00
23.9,15,1009.7,12.2,0,2025-01-31 10:00:00+00:00
23.1,19,1009.5,13.2,0,2025-01-31 11:00:00+00:00
22.0,24,1009.6,13.0,0,2025-01-31 12:00:00+00:00
20.8,30,1009.9,11.9,0,2025-01-31 13:00:00+00:00
19.9,37,1010.3,10.7,0,2025-01-31 14:00:00+00:00
19.5,42,1010.9,9.5,0,2025-01-31 15:00:00+00:00
19.4,43,1011.5,10.1,0,2025-01-31 16:00:00+00:00
19.2,48,1011.7,10.1,0,2025-01-31 17:00:00+00:00
19.1,52,1011.8,7.3,0,2025-01-31 18:00:00+00:00
19.0,54,1011.5,5.4,0,2025-01-31 19:00:00+00:00
18.1,59,1010.9,2.3,0,2025-01-31 20:00:00+00:00
17.5,60,1010.6,7.4,0,2025-01-31 21:00:00+00:00
16.0,57,1010.3,8.1,0,2025-01-31 22:00:00+00:00
14.8,55,1010.3,7.3,0,2025-01-31 23:00:00+00:00
13.7,56,1010.5,7.8,0,2025-02-01 00:00:00+00:00
13.0,63,1011.6,8.4,0,2025-02-01 01:00:00+00:00
12.7,67,1012.3,8.0,0,2025-02-01 02:00:00+00:00
12.9,63,1013.3,8.3,0,2025-02-01 03:00:00+00:00
14.9,49,1014.3,6.0,0,2025-02-01 04:00:00+00:00
18.1,32,1015.1,5.1,0,2025-02-01 05:00:00+00:00
21.1,24,1015.2,5.6,0,2025-02-01 06:00:00+00:00
22.8,24,1014.4,6.4,0,2025-02-01 07:00:00+00:00
23.8,21,1013.5,5.1,0,2025-02-01 08:00:00+00:00
24.3,22,1012.7,5.7,0,2025-02-01 09:00:00+00:00
24.5,23,1011.9,7.8,0,2025-02-01 10:00:00+00:00
23.9,31,1011.7,10.1,0,2025-02-01 11:00:00+00:00
22.8,36,1012.0,11.4,0,2025-02-01 12:00:00+00:00
21.7,36,1012.6,9.7,0,2025-02-01 13:00:00+00:00
20.6,40,1013.3,8.9,0,2025-02-01 14:00:00+00:00
19.5,44,1014.2,8.7,0,2025-02-01 15:00:00+00:00
19.0,47,1014.9,8.7,0,2025-02-01 16:00:00+00:00
18.8,47,1015.3,7.9,0,2025-02-01 17:00:00+00:00
18.8,44,1015.3,7.8,0,2025-02-01 18:00:00+00:00
18.2,37,1014.9,7.4,0,2025-02-01 19:00:00+00:00
17.4,34,1014.4,8.1,0,2025-02-01 20:00:00+00:00
16.5,33,1014.1,8.4,0,2025-02-01 21:00:00+00:00
16.0,32,1013.7,8.9,0,2025-02-01 22:00:00+00:00
15.8,33,1013.8,9.8,0,2025-02-01 23:00:00+00:00
15.7,33,1013.9,9.9,0,2025-02-02 00:00:00+00:00
15.2,36,1014.9,9.8,0,2025-02-02 01:00:00+00:00
14.8,36,1015.6,9.3,0,2025-02-02 02:00:00+00:00
15.1,36,1016.4,8.5,0,2025-02-02 03:00:00+00:00
17.1,31,1017.1,5.9,0,2025-02-02 04:00:00+00:00
20.3,24,1017.5,3.6,0,2025-02-02 05:00:00+00:00
23.5,21,1017.0,5.9,0,2025-02-02 06:00:00+00:00
25.4,20,1015.6,12.3,0,2025-02-02 07:00:00+00:00
26.1,19,1014.4,13.4,0,2025-02-02 08:00:00+00:00
26.5,18,1013.3,12.9,0,2025-02-02 09:00:00+00:00
26.7,18,1012.7,11.9,0,2025-02-02 10:00:00+00:00
26.6,19,1012.4,10.8,0,2025-02-02 11:00:00+00:00
26.0,20,1012.4,8.8,0,2025-02-02 12:00:00+00:00
25.0,20,1013.1,5.3,0,2025-02-02 13:00:00+00:00
23.8,21,1013.7,4.7,0,2025-02-02 14:00:00+00:00
22.9,23,1014.2,6.8,0,2025-02-02 15:00:00+00:00
22.2,25,1014.8,10.9,0,2025-02-02 16:00:00+00:00
21.5,26,1014.8,12.3,0,2025-02-02 17:00:00+00:00
21.0,27,1014.6,11.7,0,2025-02-02 18:00:00+00:00
19.9,28,1014.1,12.0,0,2025-02-02 19:00:00+00:00
19.0,32,1013.5,12.7,0,2025-02-02 20:00:00+00:00
18.6,34,1013.1,11.9,0,2025-02-02 21:00:00+00:00
18.2,35,1012.7,11.4,0,2025-02-02 22:00:00+00:00
17.9,34,1012.5,10.9,0,2025-02-02 23:00:00+00:00
17.6,34,1012.6,10.3,0,2025-02-03 00:00:00+00:00
17.1,36,1013.7,9.9,2,2025-02-03 01:00:00+00:00
16.7,37,1014.3,9.1,0,2025-02-03 02:00:00+00:00
16.9,36,1014.9,8.5,0,2025-02-03 03:00:00+00:00
18.4,32,1015.3,5.6,1,2025-02-03 04:00:00+00:00
20.8,26,1015.8,3.5,2,2025-02-03 05:00:00+00:00
23.1,22,1015.8,1.6,1,2025-02-03 06:00:00+00:00
24.4,18,1014.6,2.7,0,2025-02-03 07:00:00+00:00
25.0,19,1013.4,7.8,0,2025-02-03 08:00:00+00:00
25.0,21,1012.4,11.8,0,2025-02-03 09:00:00+00:00
24.8,21,1012.0,14.4,0,2025-02-03 10:00:00+00:00
24.3,21,1011.7,15.7,0,2025-02-03 11:00:00+00:00
23.3,23,1012.2,14.3,0,2025-02-03 12:00:00+00:00
22.5,31,1012.6,12.4,0,2025-02-03 13:00:00+00:00
21.6,39,1013.3,9.5,0,2025-02-03 14:00:00+00:00
21.0,49,1013.8,8.8,0,2025-02-03 15:00:00+00:00
20.4,55,1014.5,9.0,0,2025-02-03 16:00:00+00:00
20.2,58,1014.8,7.7,0,2025-02-03 17:00:00+00:00
20.0,61,1014.7,8.2,0,2025-02-03 18:00:00+00:00
19.7,62,1014.5,9.5,0,2025-02-03 19:00:00+00:00
19.5,62,1014.0,9.0,0,2025-02-03 20:00:00+00:00
18.9,64,1014.0,9.3,0,2025-02-03 21:00:00+00:00
18.5,66,1013.7,8.9,1,2025-02-03 22:00:00+00:00
18.6,64,1013.5,8.9,15,2025-02-03 23:00:00+00:00
19.1,55,1013.6,12.1,19,2025-02-04 00:00:00+00:00
17.9,59,1014.6,7.9,9,2025-02-04 01:00:00+00:00
16.7,68,1015.6,9.2,6,2025-02-04 02:00:00+00:00
17.0,70,1016.5,9.2,9,2025-02-04 03:00:00+00:00
19.5,60,1017.1,7.7,16,2025-02-04 04:00:00+00:00
22.0,45,1017.5,9.0,2,2025-02-04 05:00:00+00:00
23.2,39,1017.6,9.2,0,2025-02-04 06:00:00+00:00
24.0,34,1016.4,9.5,0,2025-02-04 07:00:00+00:00
24.7,31,1015.4,11.8,0,2025-02-04 08:00:00+00:00
24.8,26,1014.5,14.5,0,2025-02-04 09:00:00+00:00
24.8,22,1013.8,14.1,0,2025-02-04 10:00:00+00:00
24.3,23,1013.5,13.5,0,2025-02-04 11:00:00+00:00
23.2,31,1013.7,13.0,0,2025-02-04 12:00:00+00:00
22.1,41,1014.3,11.3,0,2025-02-04 13:00:00+00:00
21.1,50,1014.7,10.0,0,2025-02-04 14:00:00+00:00
20.6,53,1015.1,9.0,0,2025-02-04 15:00:00+00:00
20.2,52,1015.5,8.2,0,2025-02-04 16:00:00+00:00
19.8,54,1015.7,8.3,0,2025-02-04 17:00:00+00:00
19.4,56,1015.5,9.2,0,2025-02-04 18:00:00+00:00
19.0,61,1015.1,10.9,0,2025-02-04 19:00:00+00:00
18.8,63,1014.9,9.8,0,2025-02-04 20:00:00+00:00
18.6,60,1014.8,8.4,0,2025-02-04 21:00:00+00:00
18.4,58,1014.2,7.5,0,2025-02-04 22:00:00+00:00
17.4,62,1014.4,8.6,0,2025-02-04 23:00:00+00:00
15.8,69,1014.6,8.2,0,2025-02-05 00:00:00+00:00
14.9,74,1015.4,6.4,0,2025-02-05 01:00:00+00:00
14.4,73,1016.0,6.2,0,2025-02-05 02:00:00+00:00
14.5,67,1016.8,7.2,0,2025-02-05 03:00:00+00:00
16.4,52,1017.5,6.0,0,2025-02-05 04:00:00+00:00
19.6,34,1017.9,4.3,0,2025-02-05 05:00:00+00:00
22.6,23,1017.8,3.1,0,2025-02-05 06:00:00+00:00
24.5,18,1017.1,1.5,0,2025-02-05 07:00:00+00:00
25.6,14,1015.9,2.9,0,2025-02-05 08:00:00+00:00
25.8,16,1014.9,7.4,0,2025-02-05 09:00:00+00:00
25.3,24,1014.2,12.0,0,2025-02-05 10:00:00+00:00
24.6,25,1014.0,13.4,0,2025-02-05 11:00:00+00:00
24.0,20,1014.2,12.2,0,2025-02-05 12:00:00+00:00
23.1,24,1014.2,8.0,0,2025-02-05 13:00:00+00:00
21.8,34,1014.7,8.3,0,2025-02-05 14:00:00+00:00
20.9,38,1015.2,8.1,0,2025-02-05 15:00:00+00:00
20.1,40,1015.9,8.2,0,2025-02-05 16:00:00+00:00
19.4,46,1016.4,8.5,0,2025-02-05 17:00:00+00:00
18.6,50,1016.5,9.2,0,2025-02-05 18:00:00+00:00
18.1,52,1016.7,11.0,0,2025-02-05 19:00:00+00:00
17.8,54,1016.5,10.8,0,2025-02-05 20:00:00+00:00
17.2,58,1016.1,10.0,0,2025-02-05 21:00:00+00:00
16.7,61,1015.6,9.6,0,2025-02-05 22:00:00+00:00
16.1,54,1015.3,9.2,0,2025-02-05 23:00:00+00:00
15.8,37,1015.4,8.5,0,2025-02-06 00:00:00+00:00
15.1,40,1016.0,7.7,0,2025-02-06 01:00:00+00:00
14.8,35,1016.8,7.5,0,2025-02-06 02:00:00+00:00
14.9,38,1017.1,7.7,0,2025-02-06 03:00:00+00:00
16.8,35,1017.8,6.7,0,2025-02-06 04:00:00+00:00
20.0,30,1018.4,4.7,1,2025-02-06 05:00:00+00:00
23.2,23,1018.3,6.0,68,2025-02-06 06:00:00+00:00
25.3,18,1017.0,7.9,69,2025-02-06 07:00:00+00:00
26.6,14,1015.8,7.8,31,2025-02-06 08:00:00+00:00
27.1,13,1015.0,7.3,92,2025-02-06 09:00:00+00:00
27.3,12,1014.5,8.2,90,2025-02-06 10:00:00+00:00
27.4,11,1014.1,11.3,77,2025-02-06 11:00:00+00:00
26.9,11,1014.1,12.7,0,2025-02-06 12:00:00+00:00
26.1,12,1014.7,11.2,0,2025-02-06 13:00:00+00:00
24.9,14,1015.0,11.7,4,2025-02-06 14:00:00+00:00
24.0,16,1015.8,12.1,30,2025-02-06 15:00:00+00:00
22.6,19,1016.5,12.7,1,2025-02-06 16:00:00+00:00
21.6,21,1016.7,12.3,15,2025-02-06 17:00:00+00:00
20.7,22,1016.7,11.3,57,2025-02-06 18:00:00+00:00
19.9,24,1016.7,11.2,25,2025-02-06 19:00:00+00:00
19.2,25,1016.4,11.0,1,2025-02-06 20:00:00+00:00
18.8,26,1016.2,11.3,0,2025-02-06 21:00:00+00:00
18.6,26,1015.7,12.0,0,2025-02-06 22:00:00+00:00
18.4,26,1015.4,12.3,71,2025-02-06 23:00:00+00:00
18.1,25,1015.7,11.5,0,2025-02-07 00:00:00+00:00
18.2,24,1016.2,12.0,100,2025-02-07 01:00:00+00:00
17.9,25,1016.9,11.9,84,2025-02-07 02:00:00+00:00
18.1,26,1017.4,11.9,35,2025-02-07 03:00:00+00:00
19.9,24,1018.3,10.6,0,2025-02-07 04:00:00+00:00
22.7,19,1018.8,10.2,0,2025-02-07 05:00:00+00:00
25.3,15,1018.6,12.3,23,2025-02-07 06:00:00+00:00
26.9,11,1017.6,13.8,10,2025-02-07 07:00:00+00:00
27.7,11,1016.3,12.9,32,2025-02-07 08:00:00+00:00
28.2,10,1015.2,11.7,46,2025-02-07 09:00:00+00:00
28.4,10,1014.1,10.8,96,2025-02-07 10:00:00+00:00
28.2,10,1013.7,10.4,1,2025-02-07 11:00:00+00:00
27.8,11,1013.7,11.0,43,2025-02-07 12:00:00+00:00
27.1,11,1014.1,6.6,99,2025-02-07 13:00:00+00:00
25.6,12,1015.0,3.6,94,2025-02-07 14:00:00+00:00
24.3,14,1015.6,4.6,100,2025-02-07 15:00:00+00:00
23.7,15,1016.0,6.9,100,2025-02-07 16:00:00+00:00
22.8,18,1016.0,10.7,100,2025-02-07 17:00:00+00:00
21.6,22,1015.7,10.9,100,2025-02-07 18:00:00+00:00
20.8,24,1015.3,10.1,100,2025-02-07 19:00:00+00:00
20.1,26,1014.5,9.8,100,2025-02-07 20:00:00+00:00
19.5,26,1014.2,9.8,100,2025-02-07 21:00:00+00:00
18.9,27,1013.6,9.3,99,2025-02-07 22:00:00+00:00
18.3,27,1013.4,9.4,100,2025-02-07 23:00:00+00:00
17.8,28,1013.4,9.6,99,2025-02-08 00:00:00+00:00
17.1,30,1014.3,9.4,92,2025-02-08 01:00:00+00:00
16.8,31,1014.9,9.3,99,2025-02-08 02:00:00+00:00
16.9,30,1015.4,9.3,98,2025-02-08 03:00:00+00:00
18.5,27,1016.3,8.0,99,2025-02-08 04:00:00+00:00
21.7,21,1016.8,6.4,97,2025-02-08 05:00:00+00:00
24.9,17,1016.6,6.2,99,2025-02-08 06:00:00+00:00
26.9,14,1015.6,6.9,95,2025-02-08 07:00:00+00:00
27.7,13,1014.3,6.9,79,2025-02-08 08:00:00+00:00
28.1,13,1013.1,7.6,76,2025-02-08 09:00:00+00:00
28.1,14,1012.2,8.4,72,2025-02-08 10:00:00+00:00
27.9,15,1011.9,9.2,49,2025-02-08 11:00:00+00:00
26.8,20,1012.0,8.9,3,2025-02-08 12:00:00+00:00
24.7,31,1012.5,9.4,0,2025-02-08 13:00:00+00:00
23.0,36,1013.3,8.6,0,2025-02-08 14:00:00+00:00
21.7,41,1013.7,8.1,0,2025-02-08 15:00:00+00:00
20.9,44,1014.2,7.9,0,2025-02-08 16:00:00+00:00
20.3,46,1014.2,8.2,0,2025-02-08 17:00:00+00:00
19.9,46,1014.2,8.2,0,2025-02-08 18:00:00+00:00
19.3,45,1013.9,7.9,0,2025-02-08 19:00:00+00:00
18.8,43,1013.4,7.7,0,2025-02-08 20:00:00+00:00
18.2,43,1013.0,7.7,0,2025-02-08 21:00:00+00:00
17.7,44,1012.5,8.3,0,2025-02-08 22:00:00+00:00
17.2,44,1012.2,7.9,0,2025-02-08 23:00:00+00:00
16.9,41,1012.0,7.4,0,2025-02-09 00:00:00+00:00
15.8,49,1012.7,6.8,0,2025-02-09 01:00:00+00:00
15.4,46,1013.2,6.7,20,2025-02-09 02:00:00+00:00
15.5,41,1013.8,7.1,0,2025-02-09 03:00:00+00:00
18.0,31,1014.4,4.7,0,2025-02-09 04:00:00+00:00
21.7,23,1014.9,3.1,0,2025-02-09 05:00:00+00:00
24.7,19,1014.9,0.6,0,2025-02-09 06:00:00+00:00
26.3,16,1013.9,3.3,0,2025-02-09 07:00:00+00:00
27.0,16,1012.8,6.9,0,2025-02-09 08:00:00+00:00
27.0,20,1011.9,9.9,0,2025-02-09 09:00:00+00:00
26.8,23,1011.3,11.3,2,2025-02-09 10:00:00+00:00
26.1,26,1011.1,11.0,62,2025-02-09 11:00:00+00:00
25.1,32,1011.2,9.8,80,2025-02-09 12:00:00+00:00
24.0,37,1011.5,8.9,73,2025-02-09 13:00:00+00:00
22.5,54,1012.1,8.5,61,2025-02-09 14:00:00+00:00
21.7,58,1012.5,8.5,41,2025-02-09 15:00:00+00:00
21.1,59,1013.2,8.4,75,2025-02-09 16:00:00+00:00
20.6,61,1013.3,8.1,33,2025-02-09 17:00:00+00:00
20.1,66,1013.2,7.8,100,2025-02-09 18:00:00+00:00
19.8,70,1012.9,8.2,100,2025-02-09 19:00:00+00:00
19.3,74,1012.6,8.2,100,2025-02-09 20:00:00+00:00
18.9,77,1012.5,8.7,96,2025-02-09 21:00:00+00:00
18.6,82,1012.2,8.3,100,2025-02-09 22:00:00+00:00
18.2,85,1012.2,7.4,94,2025-02-09 23:00:00+00:00
17.9,86,1012.1,6.4,95,2025-02-10 00:00:00+00:00
17.3,84,1012.8,6.9,19,2025-02-10 01:00:00+00:00
17.1,86,1013.4,6.5,14,2025-02-10 02:00:00+00:00
17.6,85,1014.0,6.9,66,2025-02-10 03:00:00+00:00
20.2,77,1014.8,5.0,0,2025-02-10 04:00:00+00:00
22.8,68,1015.5,7.4,21,2025-02-10 05:00:00+00:00
24.6,57,1015.5,9.0,1,2025-02-10 06:00:00+00:00
25.6,51,1014.6,11.4,1,2025-02-10 07:00:00+00:00
26.2,47,1013.6,12.4,0,2025-02-10 08:00:00+00:00
26.3,47,1012.7,12.6,0,2025-02-10 09:00:00+00:00
26.0,48,1012.2,13.3,0,2025-02-10 10:00:00+00:00
25.2,51,1012.0,13.4,0,2025-02-10 11:00:00+00:00
24.1,57,1012.2,11.9,0,2025-02-10 12:00:00+00:00
23.1,67,1012.2,10.7,0,2025-02-10 13:00:00+00:00
22.1,76,1012.8,8.8,0,2025-02-10 14:00:00+00:00
21.6,82,1013.6,8.3,0,2025-02-10 15:00:00+00:00
21.4,83,1014.2,9.4,0,2025-02-10 16:00:00+00:00
21.3,84,1014.3,9.8,15,2025-02-10 17:00:00+00:00
21.1,86,1014.3,9.7,0,2025-02-10 18:00:00+00:00
20.9,88,1014.2,9.9,7,2025-02-10 19:00:00+00:00
20.8,89,1013.6,9.6,47,2025-02-10 20:00:00+00:00
20.6,90,1013.3,9.4,68,2025-02-10 21:00:00+00:00
20.5,91,1012.9,9.3,100,2025-02-10 22:00:00+00:00
20.4,94,1012.7,9.7,88,2025-02-10 23:00:00+00:00
20.5,95,1012.7,10.6,40,2025-02-11 00:00:00+00:00
20.6,94,1012.9,12.3,64,2025-02-11 01:00:00+00:00
20.5,94,1013.7,11.9,26,2025-02-11 02:00:00+00:00
20.6,94,1014.2,11.4,39,2025-02-11 03:00:00+00:00
22.0,85,1015.1,11.1,40,2025-02-11 04:00:00+00:00
23.9,73,1015.4,10.7,4,2025-02-11 05:00:00+00:00
25.7,59,1015.5,10.1,13,2025-02-11 06:00:00+00:00
26.9,51,1014.8,10.7,18,2025-02-11 07:00:00+00:00
27.6,47,1014.0,11.7,6,2025-02-11 08:00:00+00:00
27.7,47,1013.0,12.5,30,2025-02-11 09:00:00+00:00
27.4,50,1012.2,12.7,11,2025-02-11 10:00:00+00:00
26.6,55,1011.7,12.6,13,2025-02-11 11:00:00+00:00
25.5,60,1011.8,11.7,11,2025-02-11 12:00:00+00:00
24.3,69,1012.6,10.7,2,2025-02-11 13:00:00+00:00
23.0,76,1013.2,10.3,0,2025-02-11 14:00:00+00:00
22.4,77,1013.9,9.7,0,2025-02-11 15:00:00+00:00
22.0,78,1014.6,7.9,0,2025-02-11 16:00:00+00:00
21.5,82,1014.9,7.3,0,2025-02-11 17:00:00+00:00
21.1,85,1015.0,7.1,0,2025-02-11 18:00:00+00:00
20.7,88,1014.8,7.1,0,2025-02-11 19:00:00+00:00
20.4,88,1014.7,7.1,0,2025-02-11 20:00:00+00:00
20.0,87,1014.3,6.0,0,2025-02-11 21:00:00+00:00
19.6,87,1014.0,4.5,0,2025-02-11 22:00:00+00:00
19.1,88,1014.0,5.2,0,2025-02-11 23:00:00+00:00
18.6,87,1014.1,5.8,0,2025-02-12 00:00:00+00:00
18.2,88,1014.7,7.0,0,2025-02-12 01:00:00+00:00
17.9,79,1015.4,7.6,0,2025-02-12 02:00:00+00:00
18.2,74,1016.2,8.5,0,2025-02-12 03:00:00+00:00
20.6,61,1016.9,6.4,0,2025-02-12 04:00:00+00:00
24.0,45,1017.6,4.6,0,2025-02-12 05:00:00+00:00
26.6,34,1017.7,4.1,0,2025-02-12 06:00:00+00:00
28.1,30,1017.0,4.8,0,2025-02-12 07:00:00+00:00
28.8,31,1015.8,7.5,0,2025-02-12 08:00:00+00:00
29.0,33,1015.0,9.7,0,2025-02-12 09:00:00+00:00
29.0,33,1014.1,10.4,0,2025-02-12 10:00:00+00:00
28.8,32,1013.6,10.7,0,2025-02-12 11:00:00+00:00
27.8,34,1013.8,9.9,0,2025-02-12 12:00:00+00:00
26.3,43,1014.3,8.4,0,2025-02-12 13:00:00+00:00
24.8,49,1014.8,6.9,0,2025-02-12 14:00:00+00:00
24.0,52,1015.4,7.0,0,2025-02-12 15:00:00+00:00
23.2,55,1016.1,6.8,0,2025-02-12 16:00:00+00:00
22.7,56,1016.5,6.7,0,2025-02-12 17:00:00+00:00
22.5,56,1016.5,5.8,0,2025-02-12 18:00:00+00:00
22.3,55,1016.1,5.2,0,2025-02-12 19:00:00+00:00
22.0,54,1015.7,5.3,0,2025-02-12 20:00:00+00:00
21.3,54,1015.6,4.6,0,2025-02-12 21:00:00+00:00
20.5,54,1015.1,4.4,0,2025-02-12 22:00:00+00:00
19.8,54,1014.8,5.3,0,2025-02-12 23:00:00+00:00
19.2,53,1014.9,4.8,0,2025-02-13 00:00:00+00:00
18.6,53,1015.8,4.7,0,2025-02-13 01:00:00+00:00
18.2,51,1016.3,4.4,0,2025-02-13 02:00:00+00:00
18.2,50,1016.9,4.1,0,2025-02-13 03:00:00+00:00
20.9,41,1017.5,2.7,0,2025-02-13 04:00:00+00:00
24.7,30,1018.1,2.0,0,2025-02-13 05:00:00+00:00
26.9,26,1017.7,3.1,0,2025-02-13 06:00:00+00:00
27.9,25,1016.9,5.8,0,2025-02-13 07:00:00+00:00
28.3,25,1015.6,9.1,0,2025-02-13 08:00:00+00:00
28.3,25,1014.5,11.0,0,2025-02-13 09:00:00+00:00
28.0,26,1013.8,11.1,0,2025-02-13 10:00:00+00:00
27.2,31,1013.2,10.8,0,2025-02-13 11:00:00+00:00
26.1,36,1013.2,9.3,0,2025-02-13 12:00:00+00:00
25.3,45,1013.7,8.2,0,2025-02-13 13:00:00+00:00
23.8,57,1014.3,7.4,0,2025-02-13 14:00:00+00:00
22.9,67,1014.9,8.1,0,2025-02-13 15:00:00+00:00
22.3,75,1015.1,8.3,0,2025-02-13 16:00:00+00:00
21.9,80,1015.0,8.6,0,2025-02-13 17:00:00+00:00
21.5,81,1015.0,9.0,0,2025-02-13 18:00:00+00:00
21.1,82,1014.7,9.1,0,2025-02-13 19:00:00+00:00
20.7,83,1014.5,9.2,0,2025-02-13 20:00:00+00:00
20.6,83,1014.2,9.7,0,2025-02-13 21:00:00+00:00
20.4,84,1013.7,9.8,0,2025-02-13 22:00:00+00:00
20.3,86,1013.5,9.3,5,2025-02-13 23:00:00+00:00
20.3,86,1013.2,9.2,0,2025-02-14 00:00:00+00:00
20.0,88,1013.6,9.3,12,2025-02-14 01:00:00+00:00
19.8,89,1014.2,9.0,0,2025-02-14 02:00:00+00:00
20.2,87,1014.7,9.2,0,2025-02-14 03:00:00+00:00
22.1,80,1015.2,7.0,0,2025-02-14 04:00:00+00:00
24.7,68,1015.7,7.9,10,2025-02-14 05:00:00+00:00
27.4,50,1015.3,8.0,39,2025-02-14 06:00:00+00:00
29.0,39,1014.3,9.9,73,2025-02-14 07:00:00+00:00
29.7,36,1013.2,11.9,80,2025-02-14 08:00:00+00:00
29.7,35,1012.7,14.4,92,2025-02-14 09:00:00+00:00
29.5,34,1011.8,13.5,23,2025-02-14 10:00:00+00:00
28.8,36,1011.3,12.4,3,2025-02-14 11:00:00+00:00
27.3,42,1011.5,12.3,98,2025-02-14 12:00:00+00:00
25.6,54,1012.2,11.4,61,2025-02-14 13:00:00+00:00
24.3,64,1012.3,9.4,3,2025-02-14 14:00:00+00:00
23.8,66,1012.5,9.1,4,2025-02-14 15:00:00+00:00
23.6,66,1012.8,10.7,15,2025-02-14 16:00:00+00:00
23.7,65,1012.9,12.6,5,2025-02-14 17:00:00+00:00
23.7,63,1012.5,14.7,1,2025-02-14 18:00:00+00:00
23.6,63,1012.0,15.8,18,2025-02-14 19:00:00+00:00
23.4,62,1011.3,16.2,25,2025-02-14 20:00:00+00:00
23.0,64,1011.0,15.3,86,2025-02-14 21:00:00+00:00
22.8,66,1010.5,15.2,100,2025-02-14 22:00:00+00:00
22.6,68,1010.4,15.3,82,2025-02-14 23:00:00+00:00
22.4,72,1010.3,15.3,2,2025-02-15 00:00:00+00:00
22.0,77,1010.9,16.2,0,2025-02-15 01:00:00+00:00
22.0,78,1011.4,15.7,0,2025-02-15 02:00:00+00:00
22.5,78,1012.0,14.1,0,2025-02-15 03:00:00+00:00
24.2,72,1012.5,11.1,0,2025-02-15 04:00:00+00:00
26.1,64,1012.9,11.1,0,2025-02-15 05:00:00+00:00
27.7,54,1012.7,10.0,0,2025-02-15 06:00:00+00:00
28.8,48,1012.1,10.6,4,2025-02-15 07:00:00+00:00
29.4,46,1010.9,11.7,33,2025-02-15 08:00:00+00:00
29.4,47,1009.9,12.5,69,2025-02-15 09:00:00+00:00
28.9,50,1009.1,13.5,4,2025-02-15 10:00:00+00:00
27.8,55,1008.9,13.8,7,2025-02-15 11:00:00+00:00
26.5,60,1009.0,13.3,0,2025-02-15 12:00:00+00:00
24.9,71,1009.4,11.8,0,2025-02-15 13:00:00+00:00
23.8,80,1009.8,9.5,0,2025-02-15 14:00:00+00:00
23.3,84,1010.5,9.6,0,2025-02-15 15:00:00+00:00
23.2,83,1010.9,10.4,0,2025-02-15 16:00:00+00:00
23.0,82,1011.4,10.5,0,2025-02-15 17:00:00+00:00
22.8,81,1011.4,8.1,0,2025-02-15 18:00:00+00:00
22.7,79,1011.4,8.7,0,2025-02-15 19:00:00+00:00
22.5,79,1010.8,8.5,0,2025-02-15 20:00:00+00:00
22.2,80,1010.3,7.9,0,2025-02-15 21:00:00+00:00
22.0,80,1010.1,9.4,0,2025-02-15 22:00:00+00:00
22.0,80,1009.8,9.0,0,2025-02-15 23:00:00+00:00
21.9,80,1009.7,10.3,0,2025-02-16 00:00:00+00:00
21.7,80,1010.2,10.7,1,2025-02-16 01:00:00+00:00
21.3,83,1010.9,9.2,3,2025-02-16 02:00:00+00:00
22.0,81,1011.4,9.7,0,2025-02-16 03:00:00+00:00
24.1,73,1012.1,8.5,4,2025-02-16 04:00:00+00:00
26.2,61,1012.4,9.5,0,2025-02-16 05:00:00+00:00
27.9,51,1012.1,9.4,1,2025-02-16 06:00:00+00:00
29.2,45,1011.6,10.5,0,2025-02-16 07:00:00+00:00
30.2,39,1010.5,11.1,0,2025-02-16 08:00:00+00:00
30.3,41,1009.3,12.4,5,2025-02-16 09:00:00+00:00
29.7,44,1008.9,14.1,100,2025-02-16 10:00:00+00:00
27.4,52,1008.9,13.1,7,2025-02-16 11:00:00+00:00
27.0,53,1009.3,12.7,6,2025-02-16 12:00:00+00:00
25.2,70,1009.8,13.2,0,2025-02-16 13:00:00+00:00
24.3,75,1010.5,11.9,2,2025-02-16 14:00:00+00:00
23.9,76,1011.2,10.1,12,2025-02-16 15:00:00+00:00
23.9,74,1011.9,11.4,0,2025-02-16 16:00:00+00:00
23.8,74,1012.4,11.7,1,2025-02-16 17:00:00+00:00
23.5,76,1012.5,8.2,0,2025-02-16 18:00:00+00:00
23.3,76,1012.3,8.1,0,2025-02-16 19:00:00+00:00
23.1,76,1011.7,7.3,1,2025-02-16 20:00:00+00:00
22.9,77,1011.3,7.9,0,2025-02-16 21:00:00+00:00
22.6,79,1011.1,9.4,0,2025-02-16 22:00:00+00:00
22.3,82,1011.2,6.7,9,2025-02-16 23:00:00+00:00
21.5,86,1011.4,5.7,14,2025-02-17 00:00:00+00:00
20.9,89,1012.1,4.7,0,2025-02-17 01:00:00+00:00
20.7,88,1013.0,5.6,0,2025-02-17 02:00:00+00:00
21.0,82,1013.9,6.4,0,2025-02-17 03:00:00+00:00
23.0,67,1014.5,4.5,0,2025-02-17 04:00:00+00:00
25.9,44,1014.9,4.2,0,2025-02-17 05:00:00+00:00
28.3,33,1014.9,2.8,2,2025-02-17 06:00:00+00:00
29.8,29,1014.3,3.1,33,2025-02-17 07:00:00+00:00
30.5,29,1013.5,6.7,4,2025-02-17 08:00:00+00:00
30.6,33,1012.8,11.8,28,2025-02-17 09:00:00+00:00
29.8,34,1012.3,13.2,100,2025-02-17 10:00:00+00:00
28.9,36,1012.0,10.2,36,2025-02-17 11:00:00+00:00
28.8,35,1012.0,9.1,96,2025-02-17 12:00:00+00:00
27.8,43,1012.4,9.6,97,2025-02-17 13:00:00+00:00
26.4,49,1012.8,7.2,94,2025-02-17 14:00:00+00:00
24.9,62,1013.5,8.9,100,2025-02-17 15:00:00+00:00
24.6,68,1013.8,7.4,95,2025-02-17 16:00:00+00:00
24.3,75,1014.2,7.6,100,2025-02-17 17:00:00+00:00
24.2,77,1014.1,6.0,100,2025-02-17 18:00:00+00:00
24.0,73,1014.0,6.9,100,2025-02-17 19:00:00+00:00
23.6,71,1013.6,7.1,70,2025-02-17 20:00:00+00:00
23.0,72,1013.0,7.7,17,2025-02-17 21:00:00+00:00
22.3,78,1012.5,8.3,65,2025-02-17 22:00:00+00:00
21.9,84,1012.5,8.8,26,2025-02-17 23:00:00+00:00
21.6,88,1012.8,9.0,54,2025-02-18 00:00:00+00:00
21.6,80,1013.5,9.0,5,2025-02-18 01:00:00+00:00
21.4,80,1014.3,8.2,8,2025-02-18 02:00:00+00:00
21.7,78,1015.0,7.3,1,2025-02-18 03:00:00+00:00
23.9,68,1015.7,4.4,62,2025-02-18 04:00:00+00:00
26.8,50,1016.1,4.7,19,2025-02-18 05:00:00+00:00
29.1,35,1015.9,7.6,32,2025-02-18 06:00:00+00:00
30.2,30,1015.0,9.9,20,2025-02-18 07:00:00+00:00
30.9,28,1013.8,11.5,48,2025-02-18 08:00:00+00:00
30.8,30,1012.6,12.9,13,2025-02-18 09:00:00+00:00
30.5,33,1011.8,13.5,0,2025-02-18 10:00:00+00:00
29.7,37,1011.4,13.0,0,2025-02-18 11:00:00+00:00
28.3,43,1011.6,12.8,2,2025-02-18 12:00:00+00:00
26.7,50,1012.3,10.3,21,2025-02-18 13:00:00+00:00
25.0,64,1012.7,8.5,33,2025-02-18 14:00:00+00:00
24.1,73,1013.3,7.0,99,2025-02-18 15:00:00+00:00
23.9,74,1013.7,8.3,100,2025-02-18 16:00:00+00:00
23.9,74,1013.9,8.7,96,2025-02-18 17:00:00+00:00
23.8,74,1014.1,9.7,100,2025-02-18 18:00:00+00:00
23.5,78,1013.9,11.6,99,2025-02-18 19:00:00+00:00
23.4,78,1013.2,10.0,98,2025-02-18 20:00:00+00:00
23.2,78,1012.7,9.1,78,2025-02-18 21:00:00+00:00
23.1,77,1011.9,8.7,100,2025-02-18 22:00:00+00:00
23.2,76,1011.6,8.4,100,2025-02-18 23:00:00+00:00
23.2,75,1011.1,6.9,76,2025-02-19 00:00:00+00:00
23.1,78,1011.4,7.6,61,2025-02-19 01:00:00+00:00
22.7,81,1012.2,7.8,64,2025-02-19 02:00:00+00:00
23.1,80,1012.6,9.3,4,2025-02-19 03:00:00+00:00
25.1,67,1013.1,10.7,0,2025-02-19 04:00:00+00:00
27.3,50,1013.6,14.1,11,2025-02-19 05:00:00+00:00
28.6,41,1013.6,16.5,2,2025-02-19 06:00:00+00:00
29.0,38,1012.9,19.4,1,2025-02-19 07:00:00+00:00
29.5,36,1011.6,19.9,0,2025-02-19 08:00:00+00:00
29.5,37,1010.5,19.5,0,2025-02-19 09:00:00+00:00
29.1,39,1009.8,20.3,4,2025-02-19 10:00:00+00:00
28.0,46,1009.5,20.7,9,2025-02-19 11:00:00+00:00
26.8,52,1009.5,19.2,15,2025-02-19 12:00:00+00:00
26.0,59,1009.5,17.5,61,2025-02-19 13:00:00+00:00
25.1,64,1009.7,14.3,8,2025-02-19 14:00:00+00:00
25.0,62,1009.9,16.9,0,2025-02-19 15:00:00+00:00
25.2,60,1010.1,19.0,0,2025-02-19 16:00:00+00:00
25.3,58,1010.4,18.6,0,2025-02-19 17:00:00+00:00
24.9,60,1011.1,15.1,0,2025-02-19 18:00:00+00:00
24.2,67,1011.0,13.0,0,2025-02-19 19:00:00+00:00
24.0,70,1010.5,13.8,0,2025-02-19 20:00:00+00:00
23.8,70,1009.9,14.4,0,2025-02-19 21:00:00+00:00
23.4,72,1009.8,12.7,0,2025-02-19 22:00:00+00:00
22.8,76,1009.7,10.3,0,2025-02-19 23:00:00+00:00
22.1,80,1010.0,8.3,0,2025-02-20 00:00:00+00:00
21.6,83,1010.8,4.5,0,2025-02-20 01:00:00+00:00
20.7,88,1011.8,2.2,0,2025-02-20 02:00:00+00:00
21.0,85,1012.6,3.6,0,2025-02-20 03:00:00+00:00
22.7,71,1013.4,3.5,0,2025-02-20 04:00:00+00:00
25.3,50,1013.9,4.0,0,2025-02-20 05:00:00+00:00
28.1,29,1014.0,4.0,0,2025-02-20 06:00:00+00:00
29.8,19,1013.3,2.2,0,2025-02-20 07:00:00+00:00
30.7,15,1012.2,5.6,0,2025-02-20 08:00:00+00:00
31.2,14,1011.3,8.2,0,2025-02-20 09:00:00+00:00
31.4,14,1010.6,9.0,0,2025-02-20 10:00:00+00:00
31.4,14,1010.5,10.9,0,2025-02-20 11:00:00+00:00
30.7,15,1010.7,12.4,0,2025-02-20 12:00:00+00:00
29.1,17,1011.3,10.1,0,2025-02-20 13:00:00+00:00
27.4,22,1012.0,8.3,0,2025-02-20 14:00:00+00:00
26.2,26,1012.6,7.6,0,2025-02-20 15:00:00+00:00
25.5,31,1013.0,7.7,0,2025-02-20 16:00:00+00:00
24.7,42,1013.3,8.2,2,2025-02-20 17:00:00+00:00
24.1,53,1013.5,9.0,0,2025-02-20 18:00:00+00:00
23.7,58,1013.3,8.4,0,2025-02-20 19:00:00+00:00
23.4,63,1013.0,7.7,3,2025-02-20 20:00:00+00:00
23.0,66,1012.8,6.3,2,2025-02-20 21:00:00+00:00
22.4,65,1013.0,6.9,0,2025-02-20 22:00:00+00:00
21.8,65,1013.1,7.9,3,2025-02-20 23:00:00+00:00
21.3,70,1013.4,7.2,10,2025-02-21 00:00:00+00:00
21.1,65,1014.3,6.2,89,2025-02-21 01:00:00+00:00
20.9,63,1015.2,5.8,100,2025-02-21 02:00:00+00:00
21.3,56,1016.0,6.6,88,2025-02-21 03:00:00+00:00
23.2,46,1016.9,3.2,96,2025-02-21 04:00:00+00:00
25.6,35,1017.3,3.6,100,2025-02-21 05:00:00+00:00
26.7,28,1017.1,3.5,100,2025-02-21 06:00:00+00:00
27.7,24,1016.6,3.9,100,2025-02-21 07:00:00+00:00
29.3,21,1015.5,2.9,100,2025-02-21 08:00:00+00:00
28.2,27,1014.6,6.0,99,2025-02-21 09:00:00+00:00
28.0,28,1014.0,7.5,100,2025-02-21 10:00:00+00:00
27.9,32,1013.8,5.5,100,2025-02-21 11:00:00+00:00
28.0,31,1013.6,4.7,100,2025-02-21 12:00:00+00:00
27.4,32,1014.6,5.9,100,2025-02-21 13:00:00+00:00
26.0,43,1014.7,5.1,100,2025-02-21 14:00:00+00:00
24.9,49,1015.2,5.6,13,2025-02-21 15:00:00+00:00
24.2,52,1015.7,7.4,5,2025-02-21 16:00:00+00:00
24.1,49,1015.9,4.3,1,2025-02-21 17:00:00+00:00
23.8,48,1016.0,3.2,2,2025-02-21 18:00:00+00:00
22.9,50,1015.6,4.7,1,2025-02-21 19:00:00+00:00
21.9,48,1015.3,6.8,1,2025-02-21 20:00:00+00:00
21.5,47,1015.3,6.3,0,2025-02-21 21:00:00+00:00
21.1,47,1014.8,5.5,0,2025-02-21 22:00:00+00:00
20.1,49,1014.9,7.8,0,2025-02-21 23:00:00+00:00
19.3,51,1015.1,7.8,0,2025-02-22 00:00:00+00:00
18.9,53,1015.6,7.5,0,2025-02-22 01:00:00+00:00
18.6,53,1016.4,8.3,0,2025-02-22 02:00:00+00:00
18.9,52,1017.2,8.0,0,2025-02-22 03:00:00+00:00
20.8,46,1017.9,6.7,0,2025-02-22 04:00:00+00:00
23.8,38,1018.3,5.6,0,2025-02-22 05:00:00+00:00
26.6,31,1018.2,5.2,0,2025-02-22 06:00:00+00:00
28.3,27,1017.4,4.1,0,2025-02-22 07:00:00+00:00
29.0,26,1016.5,6.5,0,2025-02-22 08:00:00+00:00
29.2,26,1015.5,9.3,0,2025-02-22 09:00:00+00:00
29.1,25,1014.7,11.7,0,2025-02-22 10:00:00+00:00
28.6,24,1014.2,11.1,0,2025-02-22 11:00:00+00:00
27.9,27,1014.2,10.1,0,2025-02-22 12:00:00+00:00
26.5,36,1015.1,8.4,0,2025-02-22 13:00:00+00:00
24.8,49,1015.2,7.8,0,2025-02-22 14:00:00+00:00
23.8,59,1016.0,6.9,15,2025-02-22 15:00:00+00:00
23.2,64,1016.4,6.7,8,2025-02-22 16:00:00+00:00
22.8,64,1016.8,6.1,5,2025-02-22 17:00:00+00:00
22.0,67,1016.8,6.9,8,2025-02-22 18:00:00+00:00
21.2,73,1016.5,7.3,0,2025-02-22 19:00:00+00:00
20.6,78,1016.1,7.0,3,2025-02-22 20:00:00+00:00
20.3,82,1015.6,7.5,23,2025-02-22 21:00:00+00:00
20.0,85,1015.2,7.6,23,2025-02-22 22:00:00+00:00
19.6,86,1014.9,7.5,4,2025-02-22 23:00:00+00:00
19.4,87,1015.0,7.2,1,2025-02-23 00:00:00+00:00
19.7,88,1015.3,6.6,27,2025-02-23 01:00:00+00:00
19.6,90,1016.1,6.1,17,2025-02-23 02:00:00+00:00
20.0,88,1016.9,5.3,68,2025-02-23 03:00:00+00:00
22.0,81,1017.2,2.7,90,2025-02-23 04:00:00+00:00
24.1,71,1017.7,2.7,91,2025-02-23 05:00:00+00:00
25.9,60,1017.8,2.3,45,2025-02-23 06:00:00+00:00
27.2,55,1016.9,6.2,47,2025-02-23 07:00:00+00:00
27.6,56,1015.6,9.9,71,2025-02-23 08:00:00+00:00
27.6,57,1014.6,12.1,97,2025-02-23 09:00:00+00:00
27.4,52,1013.7,12.6,63,2025-02-23 10:00:00+00:00
26.9,53,1013.1,11.6,80,2025-02-23 11:00:00+00:00
25.8,60,1013.1,10.7,25,2025-02-23 12:00:00+00:00
24.6,68,1014.0,9.6,63,2025-02-23 13:00:00+00:00
23.4,77,1014.2,7.9,59,2025-02-23 14:00:00+00:00
22.8,84,1014.9,6.7,65,2025-02-23 15:00:00+00:00
22.5,86,1015.5,5.2,4,2025-02-23 16:00:00+00:00
22.2,88,1015.8,4.5,12,2025-02-23 17:00:00+00:00
21.7,90,1015.8,4.4,17,2025-02-23 18:00:00+00:00
21.2,92,1015.7,4.6,9,2025-02-23 19:00:00+00:00
20.8,94,1015.1,5.5,20,2025-02-23 20:00:00+00:00
20.6,95,1014.8,6.1,59,2025-02-23 21:00:00+00:00
20.2,96,1014.5,6.9,96,2025-02-23 22:00:00+00:00
19.8,98,1014.4,6.2,100,2025-02-23 23:00:00+00:00
19.6,99,1014.3,7.1,100,2025-02-24 00:00:00+00:00
20.1,99,1015.0,6.5,100,2025-02-24 01:00:00+00:00
20.1,99,1015.9,6.7,100,2025-02-24 02:00:00+00:00
20.4,95,1016.6,6.5,99,2025-02-24 03:00:00+00:00
21.8,85,1017.1,4.0,94,2025-02-24 04:00:00+00:00
23.9,74,1017.4,3.5,96,2025-02-24 05:00:00+00:00
26.2,59,1017.2,2.9,94,2025-02-24 06:00:00+00:00
28.3,47,1016.3,3.0,98,2025-02-24 07:00:00+00:00
28.8,48,1015.0,8.1,100,2025-02-24 08:00:00+00:00
27.9,61,1014.1,12.1,100,2025-02-24 09:00:00+00:00
27.5,61,1013.5,11.6,100,2025-02-24 10:00:00+00:00
27.1,60,1013.2,10.8,98,2025-02-24 11:00:00+00:00
26.3,62,1013.4,10.6,100,2025-02-24 12:00:00+00:00
25.2,67,1014.7,9.1,100,2025-02-24 13:00:00+00:00
24.2,74,1015.0,8.5,76,2025-02-24 14:00:00+00:00
23.5,80,1015.7,7.4,49,2025-02-24 15:00:00+00:00
22.9,85,1016.2,5.6,80,2025-02-24 16:00:00+00:00
22.5,89,1016.1,4.2,53,2025-02-24 17:00:00+00:00
22.0,91,1016.0,4.5,30,2025-02-24 18:00:00+00:00
21.5,93,1015.7,6.0,52,2025-02-24 19:00:00+00:00
21.1,94,1015.2,5.8,100,2025-02-24 20:00:00+00:00
21.0,94,1014.7,5.2,97,2025-02-24 21:00:00+00:00
20.7,95,1014.1,4.4,100,2025-02-24 22:00:00+00:00
20.5,95,1013.8,4.5,100,2025-02-24 23:00:00+00:00
20.2,94,1013.9,4.8,100,2025-02-25 00:00:00+00:00
20.4,91,1014.5,6.4,100,2025-02-25 01:00:00+00:00
20.4,88,1015.2,6.2,100,2025-02-25 02:00:00+00:00
20.7,83,1015.7,4.4,100,2025-02-25 03:00:00+00:00
22.7,71,1016.4,2.0,100,2025-02-25 04:00:00+00:00
25.2,55,1017.1,2.3,100,2025-02-25 05:00:00+00:00
27.4,42,1017.3,3.0,100,2025-02-25 06:00:00+00:00
28.3,38,1016.9,4.1,100,2025-02-25 07:00:00+00:00
28.9,37,1015.9,5.8,100,2025-02-25 08:00:00+00:00
29.1,35,1014.9,7.0,100,2025-02-25 09:00:00+00:00
29.0,35,1014.4,7.7,100,2025-02-25 10:00:00+00:00
28.8,34,1014.1,7.2,100,2025-02-25 11:00:00+00:00
28.0,38,1014.3,7.5,100,2025-02-25 12:00:00+00:00
26.8,45,1015.1,6.1,100,2025-02-25 13:00:00+00:00
25.7,53,1015.6,6.4,100,2025-02-25 14:00:00+00:00
25.0,59,1016.3,7.0,100,2025-02-25 15:00:00+00:00
24.3,65,1016.9,7.5,100,2025-02-25 16:00:00+00:00
23.6,70,1017.2,8.0,100,2025-02-25 17:00:00+00:00
23.0,76,1017.1,6.8,100,2025-02-25 18:00:00+00:00
22.6,80,1016.5,6.0,100,2025-02-25 19:00:00+00:00
22.2,83,1016.1,6.1,100,2025-02-25 20:00:00+00:00
21.7,86,1015.5,5.2,100,2025-02-25 21:00:00+00:00
21.2,89,1015.1,5.0,97,2025-02-25 22:00:00+00:00
20.5,92,1014.7,5.2,100,2025-02-25 23:00:00+00:00
20.1,94,1014.8,6.6,100,2025-02-26 00:00:00+00:00
20.1,97,1015.8,7.7,100,2025-02-26 01:00:00+00:00
20.1,96,1016.4,6.7,99,2025-02-26 02:00:00+00:00
20.4,93,1016.9,3.9,96,2025-02-26 03:00:00+00:00
22.0,84,1017.6,1.7,100,2025-02-26 04:00:00+00:00
24.7,66,1017.9,2.6,100,2025-02-26 05:00:00+00:00
27.2,49,1017.9,3.8,100,2025-02-26 06:00:00+00:00
28.5,44,1016.7,6.9,100,2025-02-26 07:00:00+00:00
28.8,46,1015.5,9.8,100,2025-02-26 08:00:00+00:00
29.2,43,1014.6,10.4,100,2025-02-26 09:00:00+00:00
29.8,35,1013.8,10.4,100,2025-02-26 10:00:00+00:00
29.4,35,1013.1,10.1,100,2025-02-26 11:00:00+00:00
28.4,39,1013.0,9.4,97,2025-02-26 12:00:00+00:00
26.5,53,1013.8,10.0,100,2025-02-26 13:00:00+00:00
25.1,61,1014.2,7.7,89,2025-02-26 14:00:00+00:00
23.9,69,1014.7,5.6,94,2025-02-26 15:00:00+00:00
23.3,73,1015.4,6.0,100,2025-02-26 16:00:00+00:00
22.7,79,1015.6,7.8,100,2025-02-26 17:00:00+00:00
22.1,87,1015.9,8.8,100,2025-02-26 18:00:00+00:00
21.8,90,1015.3,7.5,100,2025-02-26 19:00:00+00:00
21.7,88,1014.8,8.7,100,2025-02-26 20:00:00+00:00
21.5,88,1013.8,7.6,99,2025-02-26 21:00:00+00:00
21.0,91,1013.4,7.5,100,2025-02-26 22:00:00+00:00
20.8,92,1013.0,6.8,100,2025-02-26 23:00:00+00:00
20.7,92,1012.7,6.2,100,2025-02-27 00:00:00+00:00
20.8,96,1013.3,6.8,100,2025-02-27 01:00:00+00:00
21.0,96,1014.0,7.3,100,2025-02-27 02:00:00+00:00
21.4,94,1014.5,6.6,100,2025-02-27 03:00:00+00:00
23.1,85,1015.5,10.6,100,2025-02-27 04:00:00+00:00
24.5,72,1015.7,9.0,100,2025-02-27 05:00:00+00:00
25.8,66,1015.6,9.6,100,2025-02-27 06:00:00+00:00
26.3,63,1014.4,9.3,100,2025-02-27 07:00:00+00:00
27.0,59,1013.3,11.5,100,2025-02-27 08:00:00+00:00
26.5,63,1012.4,12.8,100,2025-02-27 09:00:00+00:00
26.4,63,1011.6,12.9,100,2025-02-27 10:00:00+00:00
26.2,64,1010.9,12.9,100,2025-02-27 11:00:00+00:00
25.6,66,1010.8,12.0,100,2025-02-27 12:00:00+00:00
24.8,74,1011.5,11.3,100,2025-02-27 13:00:00+00:00
24.1,79,1011.7,10.3,99,2025-02-27 14:00:00+00:00
23.8,82,1012.0,11.5,84,2025-02-27 15:00:00+00:00
23.5,85,1012.6,10.8,65,2025-02-27 16:00:00+00:00
23.4,86,1012.6,10.7,44,2025-02-27 17:00:00+00:00
23.1,88,1012.4,10.6,97,2025-02-27 18:00:00+00:00
22.8,90,1012.2,11.4,99,2025-02-27 19:00:00+00:00
22.6,92,1011.5,12.1,84,2025-02-27 20:00:00+00:00
22.5,92,1010.9,11.8,100,2025-02-27 21:00:00+00:00
22.3,92,1010.1,11.2,81,2025-02-27 22:00:00+00:00
22.1,92,1009.7,11.1,100,2025-02-27 23:00:00+00:00
22.0,91,1009.9,11.3,99,2025-02-28 00:00:00+00:00
22.2,91,1010.5,9.7,93,2025-02-28 01:00:00+00:00
22.3,90,1011.4,11.3,98,2025-02-28 02:00:00+00:00
23.2,83,1012.2,13.0,100,2025-02-28 03:00:00+00:00
24.4,72,1013.0,14.5,100,2025-02-28 04:00:00+00:00
25.0,68,1013.3,15.0,97,2025-02-28 05:00:00+00:00
26.2,62,1013.0,14.1,14,2025-02-28 06:00:00+00:00
27.1,58,1012.2,16.3,98,2025-02-28 07:00:00+00:00
27.2,59,1011.0,18.7,97,2025-02-28 08:00:00+00:00
27.2,59,1010.2,20.0,100,2025-02-28 09:00:00+00:00
27.2,54,1009.3,20.0,87,2025-02-28 10:00:00+00:00
26.7,55,1008.7,19.2,98,2025-02-28 11:00:00+00:00
25.7,62,1008.8,17.5,88,2025-02-28 12:00:00+00:00
24.9,65,1009.5,16.7,79,2025-02-28 13:00:00+00:00
24.3,69,1010.0,15.3,100,2025-02-28 14:00:00+00:00
24.0,70,1010.3,16.2,98,2025-02-28 15:00:00+00:00
23.9,71,1011.2,17.2,93,2025-02-28 16:00:00+00:00
23.6,73,1011.4,17.6,38,2025-02-28 17:00:00+00:00
23.4,76,1011.4,17.7,62,2025-02-28 18:00:00+00:00
23.2,76,1011.2,16.8,28,2025-02-28 19:00:00+00:00
23.0,75,1010.7,15.6,56,2025-02-28 20:00:00+00:00
22.8,77,1010.2,14.1,42,2025-02-28 21:00:00+00:00
22.4,81,1009.9,12.6,73,2025-02-28 22:00:00+00:00
22.2,82,1010.0,11.8,46,2025-02-28 23:00:00+00:00
21.8,84,1010.2,11.6,34,2025-03-01 00:00:00+00:00
21.7,86,1010.9,9.6,5,2025-03-01 01:00:00+00:00
21.2,89,1011.8,7.1,26,2025-03-01 02:00:00+00:00
21.9,86,1012.6,7.2,2,2025-03-01 03:00:00+00:00
23.8,75,1013.5,9.2,6,2025-03-01 04:00:00+00:00
25.3,64,1014.1,8.2,28,2025-03-01 05:00:00+00:00
26.6,56,1014.0,8.1,6,2025-03-01 06:00:00+00:00
27.7,49,1013.2,10.8,14,2025-03-01 07:00:00+00:00
27.9,47,1012.0,13.4,0,2025-03-01 08:00:00+00:00
27.5,52,1011.1,14.1,0,2025-03-01 09:00:00+00:00
27.0,56,1010.5,14.0,0,2025-03-01 10:00:00+00:00
26.5,56,1009.9,13.8,0,2025-03-01 11:00:00+00:00
25.6,60,1010.2,13.0,0,2025-03-01 12:00:00+00:00
24.6,67,1011.2,10.9,0,2025-03-01 13:00:00+00:00
23.7,74,1012.0,9.9,2,2025-03-01 14:00:00+00:00
23.2,77,1012.4,8.6,10,2025-03-01 15:00:00+00:00
22.8,78,1013.0,7.2,5,2025-03-01 16:00:00+00:00
22.4,77,1013.3,6.5,0,2025-03-01 17:00:00+00:00
22.0,77,1013.2,6.5,0,2025-03-01 18:00:00+00:00
21.5,77,1012.9,6.9,0,2025-03-01 19:00:00+00:00
20.9,80,1012.3,6.1,0,2025-03-01 20:00:00+00:00
20.2,83,1011.9,6.4,2,2025-03-01 21:00:00+00:00
19.7,84,1011.3,6.8,0,2025-03-01 22:00:00+00:00
19.3,85,1011.0,6.5,0,2025-03-01 23:00:00+00:00
18.6,88,1011.0,7.3,0,2025-03-02 00:00:00+00:00
18.5,89,1011.9,6.1,2,2025-03-02 01:00:00+00:00
18.1,90,1012.4,6.5,8,2025-03-02 02:00:00+00:00
18.6,88,1013.1,6.3,21,2025-03-02 03:00:00+00:00
20.7,75,1013.6,4.7,0,2025-03-02 04:00:00+00:00
23.5,56,1014.2,1.4,0,2025-03-02 05:00:00+00:00
25.9,46,1013.9,3.2,1,2025-03-02 06:00:00+00:00
27.2,43,1013.1,7.0,11,2025-03-02 07:00:00+00:00
27.4,44,1012.0,10.4,0,2025-03-02 08:00:00+00:00
27.6,43,1011.1,12.9,0,2025-03-02 09:00:00+00:00
27.1,44,1010.4,15.0,0,2025-03-02 10:00:00+00:00
26.2,49,1010.1,14.8,0,2025-03-02 11:00:00+00:00
25.2,57,1010.1,13.8,14,2025-03-02 12:00:00+00:00
24.1,64,1010.7,13.2,10,2025-03-02 13:00:00+00:00
23.3,70,1010.9,11.7,16,2025-03-02 14:00:00+00:00
23.1,72,1011.4,10.8,31,2025-03-02 15:00:00+00:00
23.1,73,1012.2,10.2,11,2025-03-02 16:00:00+00:00
22.8,77,1012.8,8.5,21,2025-03-02 17:00:00+00:00
22.6,79,1012.9,8.1,17,2025-03-02 18:00:00+00:00
22.3,82,1012.6,8.7,0,2025-03-02 19:00:00+00:00
22.0,87,1012.1,10.0,5,2025-03-02 20:00:00+00:00
21.8,89,1011.4,9.9,12,2025-03-02 21:00:00+00:00
21.7,90,1010.8,10.7,5,2025-03-02 22:00:00+00:00
21.5,91,1010.5,10.7,1,2025-03-02 23:00:00+00:00
21.3,92,1010.6,11.1,4,2025-03-03 00:00:00+00:00
21.6,92,1011.0,11.3,0,2025-03-03 01:00:00+00:00
21.5,91,1011.7,12.2,9,2025-03-03 02:00:00+00:00
22.4,85,1012.7,13.7,21,2025-03-03 03:00:00+00:00
24.0,75,1013.4,15.3,19,2025-03-03 04:00:00+00:00
25.4,65,1013.9,14.5,2,2025-03-03 05:00:00+00:00
26.5,59,1013.7,16.3,1,2025-03-03 06:00:00+00:00
27.5,47,1013.2,17.8,0,2025-03-03 07:00:00+00:00
28.3,39,1012.3,16.5,0,2025-03-03 08:00:00+00:00
28.7,37,1011.6,15.3,0,2025-03-03 09:00:00+00:00
28.4,40,1011.0,14.8,0,2025-03-03 10:00:00+00:00
27.5,47,1010.5,13.9,0,2025-03-03 11:00:00+00:00
26.5,54,1010.7,13.8,0,2025-03-03 12:00:00+00:00
25.1,69,1011.4,12.4,0,2025-03-03 13:00:00+00:00
24.1,75,1011.9,9.9,0,2025-03-03 14:00:00+00:00
23.6,79,1012.6,8.8,0,2025-03-03 15:00:00+00:00
23.5,79,1013.4,8.1,0,2025-03-03 16:00:00+00:00
23.1,79,1014.0,7.3,1,2025-03-03 17:00:00+00:00
22.8,76,1014.0,6.8,7,2025-03-03 18:00:00+00:00
22.4,77,1014.0,8.6,21,2025-03-03 19:00:00+00:00
21.5,82,1014.2,10.5,5,2025-03-03 20:00:00+00:00
21.3,80,1014.3,12.2,12,2025-03-03 21:00:00+00:00
21.3,67,1014.3,11.2,3,2025-03-03 22:00:00+00:00
20.7,54,1014.6,10.7,0,2025-03-03 23:00:00+00:00
19.6,50,1015.1,9.7,0,2025-03-04 00:00:00+00:00
19.6,46,1016.0,7.6,0,2025-03-04 01:00:00+00:00
19.1,41,1016.8,7.7,0,2025-03-04 02:00:00+00:00
19.7,33,1017.7,8.1,0,2025-03-04 03:00:00+00:00
22.0,21,1018.3,6.7,0,2025-03-04 04:00:00+00:00
24.4,11,1018.6,8.7,0,2025-03-04 05:00:00+00:00
26.4,8,1018.3,6.9,0,2025-03-04 06:00:00+00:00
28.1,7,1017.9,5.1,0,2025-03-04 07:00:00+00:00
29.1,7,1017.1,4.6,0,2025-03-04 08:00:00+00:00
29.4,8,1016.0,6.6,0,2025-03-04 09:00:00+00:00
29.2,15,1015.3,8.9,0,2025-03-04 10:00:00+00:00
29.1,18,1014.7,8.6,0,2025-03-04 11:00:00+00:00
28.5,21,1014.5,5.9,0,2025-03-04 12:00:00+00:00
27.3,19,1015.7,7.3,0,2025-03-04 13:00:00+00:00
26.0,21,1016.3,6.4,0,2025-03-04 14:00:00+00:00
24.9,21,1016.7,5.1,0,2025-03-04 15:00:00+00:00
24.5,18,1016.9,5.9,0,2025-03-04 16:00:00+00:00
24.7,11,1017.5,8.3,0,2025-03-04 17:00:00+00:00
23.7,13,1017.4,9.6,0,2025-03-04 18:00:00+00:00
22.0,15,1017.5,9.9,0,2025-03-04 19:00:00+00:00
21.0,17,1017.6,10.0,0,2025-03-04 20:00:00+00:00
20.3,19,1017.4,9.0,0,2025-03-04 21:00:00+00:00
19.5,22,1017.0,8.4,0,2025-03-04 22:00:00+00:00
18.8,24,1016.9,8.5,1,2025-03-04 23:00:00+00:00
18.1,25,1016.9,8.2,8,2025-03-05 00:00:00+00:00
17.3,24,1017.8,8.2,0,2025-03-05 01:00:00+00:00
16.8,24,1018.2,8.6,0,2025-03-05 02:00:00+00:00
17.0,22,1019.2,8.1,0,2025-03-05 03:00:00+00:00
19.1,19,1020.1,6.8,0,2025-03-05 04:00:00+00:00
22.7,14,1020.2,7.5,0,2025-03-05 05:00:00+00:00
25.7,10,1019.7,8.6,0,2025-03-05 06:00:00+00:00
27.8,7,1018.7,7.2,0,2025-03-05 07:00:00+00:00
29.2,5,1017.7,4.5,0,2025-03-05 08:00:00+00:00
30.1,5,1016.3,1.7,0,2025-03-05 09:00:00+00:00
30.0,7,1015.5,8.7,0,2025-03-05 10:00:00+00:00
28.8,21,1015.0,11.8,0,2025-03-05 11:00:00+00:00
28.6,17,1015.0,11.1,0,2025-03-05 12:00:00+00:00
27.0,21,1015.7,11.5,0,2025-03-05 13:00:00+00:00
24.9,30,1016.2,9.6,0,2025-03-05 14:00:00+00:00
23.6,40,1016.5,8.1,0,2025-03-05 15:00:00+00:00
22.9,48,1017.1,8.6,0,2025-03-05 16:00:00+00:00
22.2,57,1017.3,8.4,0,2025-03-05 17:00:00+00:00
21.5,63,1016.9,8.1,0,2025-03-05 18:00:00+00:00
20.9,69,1016.2,7.7,0,2025-03-05 19:00:00+00:00
20.5,73,1015.7,8.2,0,2025-03-05 20:00:00+00:00
20.3,76,1015.0,8.5,0,2025-03-05 21:00:00+00:00
20.0,78,1014.4,8.2,0,2025-03-05 22:00:00+00:00
19.9,78,1014.2,9.3,0,2025-03-05 23:00:00+00:00
19.8,80,1014.0,9.8,0,2025-03-06 00:00:00+00:00
19.8,77,1014.5,10.7,0,2025-03-06 01:00:00+00:00
19.7,82,1014.9,10.4,0,2025-03-06 02:00:00+00:00
20.5,79,1015.7,9.0,0,2025-03-06 03:00:00+00:00
22.9,67,1016.3,7.0,0,2025-03-06 04:00:00+00:00
26.0,43,1016.3,6.9,0,2025-03-06 05:00:00+00:00
28.9,27,1015.9,6.9,0,2025-03-06 06:00:00+00:00
30.9,21,1014.8,8.3,0,2025-03-06 07:00:00+00:00
32.1,19,1013.6,10.6,0,2025-03-06 08:00:00+00:00
32.3,20,1012.5,12.7,0,2025-03-06 09:00:00+00:00
32.0,20,1011.8,13.9,0,2025-03-06 10:00:00+00:00
31.2,22,1011.1,12.4,0,2025-03-06 11:00:00+00:00
29.7,30,1011.0,11.7,0,2025-03-06 12:00:00+00:00
27.6,41,1011.7,10.4,0,2025-03-06 13:00:00+00:00
25.4,57,1012.0,8.5,0,2025-03-06 14:00:00+00:00
24.3,71,1012.7,7.2,0,2025-03-06 15:00:00+00:00
23.7,79,1013.2,6.2,0,2025-03-06 16:00:00+00:00
23.4,81,1013.4,5.4,0,2025-03-06 17:00:00+00:00
23.0,81,1013.6,6.8,0,2025-03-06 18:00:00+00:00
22.7,79,1013.2,7.6,0,2025-03-06 19:00:00+00:00
22.3,78,1012.7,7.5,0,2025-03-06 20:00:00+00:00
22.1,78,1012.0,7.2,0,2025-03-06 21:00:00+00:00
22.0,75,1011.3,7.3,0,2025-03-06 22:00:00+00:00
21.6,76,1011.0,5.9,0,2025-03-06 23:00:00+00:00
21.1,79,1010.9,4.7,0,2025-03-07 00:00:00+00:00
20.1,86,1011.2,2.8,0,2025-03-07 01:00:00+00:00
19.6,86,1011.8,5.2,0,2025-03-07 02:00:00+00:00
20.5,73,1012.5,4.2,0,2025-03-07 03:00:00+00:00
23.6,52,1012.9,2.9,0,2025-03-07 04:00:00+00:00
27.7,32,1012.9,1.0,2,2025-03-07 05:00:00+00:00
30.9,24,1012.7,3.2,0,2025-03-07 06:00:00+00:00
32.0,27,1012.2,6.2,0,2025-03-07 07:00:00+00:00
32.3,32,1011.4,10.5,0,2025-03-07 08:00:00+00:00
32.5,33,1010.4,11.9,0,2025-03-07 09:00:00+00:00
33.1,28,1009.5,11.5,0,2025-03-07 10:00:00+00:00
33.0,25,1008.9,11.7,0,2025-03-07 11:00:00+00:00
31.9,26,1008.7,11.4,0,2025-03-07 12:00:00+00:00
30.3,34,1008.9,9.1,0,2025-03-07 13:00:00+00:00
27.7,43,1009.2,7.6,0,2025-03-07 14:00:00+00:00
26.0,55,1009.5,8.9,0,2025-03-07 15:00:00+00:00
25.1,67,1010.0,10.0,0,2025-03-07 16:00:00+00:00
24.8,62,1010.5,11.8,0,2025-03-07 17:00:00+00:00
24.3,66,1010.3,10.9,0,2025-03-07 18:00:00+00:00
24.0,66,1010.0,8.5,0,2025-03-07 19:00:00+00:00
23.5,67,1009.4,7.6,0,2025-03-07 20:00:00+00:00
23.1,70,1008.6,8.0,0,2025-03-07 21:00:00+00:00
22.8,71,1007.9,8.0,0,2025-03-07 22:00:00+00:00
22.5,70,1007.6,8.0,0,2025-03-07 23:00:00+00:00
22.3,64,1007.7,9.1,2,2025-03-08 00:00:00+00:00
22.2,56,1008.4,7.9,0,2025-03-08 01:00:00+00:00
22.2,46,1008.9,8.3,0,2025-03-08 02:00:00+00:00
23.6,34,1009.4,9.0,0,2025-03-08 03:00:00+00:00
26.8,25,1010.3,7.5,0,2025-03-08 04:00:00+00:00
31.0,18,1010.4,7.1,0,2025-03-08 05:00:00+00:00
33.9,15,1010.0,10.6,0,2025-03-08 06:00:00+00:00
35.5,14,1008.9,12.0,0,2025-03-08 07:00:00+00:00
36.6,13,1007.6,12.1,0,2025-03-08 08:00:00+00:00
36.6,14,1006.4,13.9,0,2025-03-08 09:00:00+00:00
35.6,15,1005.8,16.4,0,2025-03-08 10:00:00+00:00
33.8,19,1005.7,16.5,0,2025-03-08 11:00:00+00:00
31.3,27,1006.1,14.7,0,2025-03-08 12:00:00+00:00
29.6,39,1006.2,9.5,9,2025-03-08 13:00:00+00:00
27.8,52,1006.5,8.0,1,2025-03-08 14:00:00+00:00
27.4,51,1007.0,6.7,0,2025-03-08 15:00:00+00:00
27.3,51,1007.7,6.8,0,2025-03-08 16:00:00+00:00
27.1,50,1008.2,9.7,0,2025-03-08 17:00:00+00:00
26.7,50,1008.3,9.8,0,2025-03-08 18:00:00+00:00
26.1,51,1007.7,9.9,0,2025-03-08 19:00:00+00:00
25.6,53,1007.4,10.1,0,2025-03-08 20:00:00+00:00
25.1,56,1007.1,7.8,0,2025-03-08 21:00:00+00:00
24.7,58,1006.7,6.1,0,2025-03-08 22:00:00+00:00
24.0,61,1006.6,4.6,0,2025-03-08 23:00:00+00:00
23.2,63,1006.8,4.6,49,2025-03-09 00:00:00+00:00
22.7,59,1007.6,6.3,98,2025-03-09 01:00:00+00:00
22.6,53,1008.4,8.4,92,2025-03-09 02:00:00+00:00
24.2,39,1009.5,9.3,3,2025-03-09 03:00:00+00:00
27.3,30,1010.2,8.3,89,2025-03-09 04:00:00+00:00
31.7,21,1010.7,6.8,11,2025-03-09 05:00:00+00:00
34.6,15,1010.5,5.5,29,2025-03-09 06:00:00+00:00
36.1,14,1010.1,3.7,97,2025-03-09 07:00:00+00:00
36.5,14,1009.1,5.5,100,2025-03-09 08:00:00+00:00
36.1,18,1008.5,12.1,100,2025-03-09 09:00:00+00:00
35.4,21,1008.0,13.7,100,2025-03-09 10:00:00+00:00
34.7,20,1007.7,12.4,96,2025-03-09 11:00:00+00:00
33.6,24,1007.9,10.1,53,2025-03-09 12:00:00+00:00
30.7,36,1009.4,10.2,21,2025-03-09 13:00:00+00:00
28.3,50,1010.0,9.0,100,2025-03-09 14:00:00+00:00
27.2,56,1010.5,8.2,99,2025-03-09 15:00:00+00:00
26.6,60,1011.1,6.3,99,2025-03-09 16:00:00+00:00
26.2,64,1011.4,6.6,100,2025-03-09 17:00:00+00:00
25.7,66,1011.3,6.7,100,2025-03-09 18:00:00+00:00
25.2,67,1011.0,6.7,100,2025-03-09 19:00:00+00:00
24.9,65,1010.7,7.4,100,2025-03-09 20:00:00+00:00
24.7,62,1010.3,8.0,100,2025-03-09 21:00:00+00:00
24.5,58,1009.8,8.0,100,2025-03-09 22:00:00+00:00
24.3,57,1009.6,7.1,100,2025-03-09 23:00:00+00:00
23.8,59,1009.9,6.8,97,2025-03-10 00:00:00+00:00
22.5,68,1010.9,6.9,92,2025-03-10 01:00:00+00:00
22.2,67,1011.7,6.8,100,2025-03-10 02:00:00+00:00
23.1,62,1012.3,6.1,97,2025-03-10 03:00:00+00:00
26.3,51,1013.0,3.8,96,2025-03-10 04:00:00+00:00
29.5,40,1013.5,4.2,10,2025-03-10 05:00:00+00:00
32.4,29,1013.1,5.9,3,2025-03-10 06:00:00+00:00
34.4,20,1012.7,8.6,0,2025-03-10 07:00:00+00:00
35.6,14,1011.8,10.7,4,2025-03-10 08:00:00+00:00
36.3,12,1010.9,11.4,4,2025-03-10 09:00:00+00:00
36.2,11,1010.2,12.0,1,2025-03-10 10:00:00+00:00
35.5,12,1009.9,12.0,5,2025-03-10 11:00:00+00:00
34.3,16,1010.0,11.4,98,2025-03-10 12:00:00+00:00
32.1,27,1010.9,9.4,75,2025-03-10 13:00:00+00:00
29.7,36,1011.2,9.2,6,2025-03-10 14:00:00+00:00
28.0,43,1011.5,8.4,100,2025-03-10 15:00:00+00:00
27.1,48,1012.2,7.6,43,2025-03-10 16:00:00+00:00
26.5,48,1012.5,6.8,100,2025-03-10 17:00:00+00:00
25.7,52,1012.3,6.8,47,2025-03-10 18:00:00+00:00
24.9,56,1012.1,6.7,86,2025-03-10 19:00:00+00:00
24.2,60,1011.7,7.5,0,2025-03-10 20:00:00+00:00
23.6,63,1011.3,8.6,1,2025-03-10 21:00:00+00:00
23.3,63,1011.1,9.0,0,2025-03-10 22:00:00+00:00
22.9,62,1010.9,9.1,5,2025-03-10 23:00:00+00:00
22.6,62,1011.2,9.4,0,2025-03-11 00:00:00+00:00
21.9,58,1012.2,8.6,1,2025-03-11 01:00:00+00:00
21.5,55,1012.8,8.0,1,2025-03-11 02:00:00+00:00
22.6,48,1013.7,6.1,13,2025-03-11 03:00:00+00:00
26.2,35,1014.4,3.1,16,2025-03-11 04:00:00+00:00
29.6,26,1014.6,0.9,24,2025-03-11 05:00:00+00:00
32.2,21,1014.1,1.5,35,2025-03-11 06:00:00+00:00
33.9,21,1013.5,5.4,41,2025-03-11 07:00:00+00:00
34.1,27,1012.1,9.0,9,2025-03-11 08:00:00+00:00
34.2,30,1011.1,10.5,7,2025-03-11 09:00:00+00:00
34.5,26,1010.4,11.4,5,2025-03-11 10:00:00+00:00
34.0,25,1010.0,11.8,1,2025-03-11 11:00:00+00:00
32.4,31,1010.0,11.4,3,2025-03-11 12:00:00+00:00
30.2,46,1011.0,10.3,12,2025-03-11 13:00:00+00:00
27.8,60,1011.3,8.3,4,2025-03-11 14:00:00+00:00
26.7,67,1011.8,7.8,0,2025-03-11 15:00:00+00:00
26.0,73,1012.1,10.1,0,2025-03-11 16:00:00+00:00
25.4,74,1012.1,10.1,0,2025-03-11 17:00:00+00:00
24.9,75,1011.9,9.7,0,2025-03-11 18:00:00+00:00
24.4,76,1011.4,9.2,0,2025-03-11 19:00:00+00:00
23.9,78,1011.1,7.9,0,2025-03-11 20:00:00+00:00
23.5,79,1010.4,8.0,0,2025-03-11 21:00:00+00:00
23.2,80,1010.1,8.5,0,2025-03-11 22:00:00+00:00
22.8,79,1009.8,7.3,3,2025-03-11 23:00:00+00:00
22.5,79,1009.8,6.2,67,2025-03-12 00:00:00+00:00
21.9,83,1010.5,5.1,96,2025-03-12 01:00:00+00:00
22.2,83,1011.3,4.9,94,2025-03-12 02:00:00+00:00
23.4,79,1011.7,5.7,74,2025-03-12 03:00:00+00:00
26.0,68,1012.3,4.9,52,2025-03-12 04:00:00+00:00
28.7,53,1012.2,6.6,85,2025-03-12 05:00:00+00:00
30.8,41,1011.8,8.9,49,2025-03-12 06:00:00+00:00
32.1,36,1011.1,11.7,32,2025-03-12 07:00:00+00:00
32.7,33,1009.8,13.3,5,2025-03-12 08:00:00+00:00
32.8,33,1008.9,14.3,0,2025-03-12 09:00:00+00:00
32.6,35,1008.3,14.1,0,2025-03-12 10:00:00+00:00
31.8,39,1007.8,13.3,0,2025-03-12 11:00:00+00:00
30.6,42,1007.8,12.9,2,2025-03-12 12:00:00+00:00
28.3,56,1008.0,11.6,0,2025-03-12 13:00:00+00:00
26.9,67,1008.4,10.4,18,2025-03-12 14:00:00+00:00
26.4,70,1008.7,9.0,1,2025-03-12 15:00:00+00:00
26.3,70,1009.3,9.9,0,2025-03-12 16:00:00+00:00
26.0,69,1009.7,7.7,0,2025-03-12 17:00:00+00:00
25.6,69,1009.7,8.0,0,2025-03-12 18:00:00+00:00
25.3,71,1009.2,10.5,0,2025-03-12 19:00:00+00:00
25.2,73,1008.8,10.7,0,2025-03-12 20:00:00+00:00
24.9,76,1008.2,10.3,0,2025-03-12 21:00:00+00:00
24.7,78,1007.9,10.1,0,2025-03-12 22:00:00+00:00
24.5,77,1007.5,9.9,0,2025-03-12 23:00:00+00:00
24.3,77,1007.6,10.2,0,2025-03-13 00:00:00+00:00
24.5,80,1008.2,10.6,0,2025-03-13 01:00:00+00:00
24.5,80,1009.0,10.2,0,2025-03-13 02:00:00+00:00
25.5,75,1009.4,8.6,0,2025-03-13 03:00:00+00:00
27.8,65,1009.9,10.2,0,2025-03-13 04:00:00+00:00
29.8,55,1010.3,10.9,0,2025-03-13 05:00:00+00:00
31.4,47,1009.9,12.3,0,2025-03-13 06:00:00+00:00
32.3,42,1009.1,13.7,0,2025-03-13 07:00:00+00:00
33.1,40,1008.0,14.0,0,2025-03-13 08:00:00+00:00
33.1,40,1007.1,15.1,0,2025-03-13 09:00:00+00:00
32.4,44,1006.5,15.2,0,2025-03-13 10:00:00+00:00
31.7,45,1006.1,14.6,0,2025-03-13 11:00:00+00:00
30.6,49,1006.1,14.3,0,2025-03-13 12:00:00+00:00
28.6,57,1006.2,13.2,0,2025-03-13 13:00:00+00:00
27.3,64,1006.0,14.4,0,2025-03-13 14:00:00+00:00
26.9,65,1006.7,12.5,0,2025-03-13 15:00:00+00:00
26.8,65,1007.4,11.4,11,2025-03-13 16:00:00+00:00
26.6,66,1007.6,11.0,44,2025-03-13 17:00:00+00:00
26.1,70,1007.9,10.5,8,2025-03-13 18:00:00+00:00
25.8,73,1008.0,10.7,10,2025-03-13 19:00:00+00:00
25.6,74,1007.7,12.4,4,2025-03-13 20:00:00+00:00
25.5,74,1007.3,13.4,7,2025-03-13 21:00:00+00:00
25.6,73,1006.9,12.6,8,2025-03-13 22:00:00+00:00
25.6,70,1006.8,12.5,27,2025-03-13 23:00:00+00:00
25.6,69,1007.1,12.8,42,2025-03-14 00:00:00+00:00
25.8,72,1007.4,16.5,77,2025-03-14 01:00:00+00:00
25.9,70,1008.0,16.6,82,2025-03-14 02:00:00+00:00
26.8,66,1008.7,13.9,72,2025-03-14 03:00:00+00:00
28.3,60,1009.4,14.9,100,2025-03-14 04:00:00+00:00
29.5,53,1009.9,16.6,99,2025-03-14 05:00:00+00:00
30.5,47,1009.7,16.0,91,2025-03-14 06:00:00+00:00
31.4,40,1009.1,15.4,96,2025-03-14 07:00:00+00:00
31.7,37,1008.1,15.7,15,2025-03-14 08:00:00+00:00
31.6,38,1007.2,16.0,0,2025-03-14 09:00:00+00:00
30.8,43,1006.8,17.0,0,2025-03-14 10:00:00+00:00
30.0,45,1006.4,14.9,0,2025-03-14 11:00:00+00:00
29.1,49,1006.3,14.3,0,2025-03-14 12:00:00+00:00
27.6,61,1006.8,14.0,0,2025-03-14 13:00:00+00:00
26.5,70,1006.9,13.5,0,2025-03-14 14:00:00+00:00
26.0,71,1007.3,14.0,0,2025-03-14 15:00:00+00:00
26.0,67,1008.2,15.4,0,2025-03-14 16:00:00+00:00
25.5,69,1008.7,13.9,0,2025-03-14 17:00:00+00:00
25.2,72,1008.6,13.4,82,2025-03-14 18:00:00+00:00
24.9,74,1008.5,12.3,92,2025-03-14 19:00:00+00:00
24.9,72,1008.1,11.3,96,2025-03-14 20:00:00+00:00
24.5,72,1007.7,9.8,92,2025-03-14 21:00:00+00:00
24.1,66,1007.3,8.7,100,2025-03-14 22:00:00+00:00
23.7,62,1007.3,6.6,85,2025-03-14 23:00:00+00:00
22.8,65,1007.8,7.2,60,2025-03-15 00:00:00+00:00
22.6,78,1008.9,8.5,3,2025-03-15 01:00:00+00:00
22.2,74,1009.7,8.6,0,2025-03-15 02:00:00+00:00
23.1,63,1010.5,7.3,0,2025-03-15 03:00:00+00:00
25.6,48,1011.1,5.6,0,2025-03-15 04:00:00+00:00
28.6,34,1011.7,5.4,0,2025-03-15 05:00:00+00:00
30.6,29,1011.3,4.4,0,2025-03-15 06:00:00+00:00
32.0,22,1010.9,2.6,0,2025-03-15 07:00:00+00:00
32.7,19,1010.1,9.1,0,2025-03-15 08:00:00+00:00
33.0,17,1009.5,13.2,0,2025-03-15 09:00:00+00:00
32.9,14,1009.2,15.4,0,2025-03-15 10:00:00+00:00
32.3,14,1008.8,15.0,0,2025-03-15 11:00:00+00:00
30.9,20,1008.9,13.6,0,2025-03-15 12:00:00+00:00
28.5,42,1010.0,12.1,0,2025-03-15 13:00:00+00:00
26.6,54,1010.2,11.0,0,2025-03-15 14:00:00+00:00
25.9,61,1010.7,11.2,0,2025-03-15 15:00:00+00:00
25.6,62,1011.6,11.6,0,2025-03-15 16:00:00+00:00
25.5,60,1012.2,11.2,0,2025-03-15 17:00:00+00:00
25.1,60,1012.6,11.5,0,2025-03-15 18:00:00+00:00
24.7,61,1012.3,12.0,0,2025-03-15 19:00:00+00:00
24.2,64,1012.0,11.9,0,2025-03-15 20:00:00+00:00
24.1,65,1011.4,12.7,0,2025-03-15 21:00:00+00:00
24.2,61,1011.0,13.8,0,2025-03-15 22:00:00+00:00
23.9,62,1010.9,13.5,0,2025-03-15 23:00:00+00:00
23.4,66,1011.1,11.9,0,2025-03-16 00:00:00+00:00
23.5,60,1012.2,11.7,0,2025-03-16 01:00:00+00:00
22.7,54,1012.9,8.7,0,2025-03-16 02:00:00+00:00
22.8,50,1013.7,6.2,0,2025-03-16 03:00:00+00:00
24.8,48,1014.2,5.3,0,2025-03-16 04:00:00+00:00
27.5,37,1014.6,5.8,0,2025-03-16 05:00:00+00:00
29.5,26,1014.2,4.3,0,2025-03-16 06:00:00+00:00
31.0,19,1013.2,2.0,0,2025-03-16 07:00:00+00:00
32.1,16,1012.0,2.4,0,2025-03-16 08:00:00+00:00
32.5,15,1010.6,5.1,0,2025-03-16 09:00:00+00:00
32.4,16,1009.7,10.4,0,2025-03-16 10:00:00+00:00
31.2,25,1009.0,15.5,0,2025-03-16 11:00:00+00:00
30.0,28,1009.2,16.9,0,2025-03-16 12:00:00+00:00
28.8,29,1010.1,12.1,0,2025-03-16 13:00:00+00:00
27.3,40,1010.4,9.0,0,2025-03-16 14:00:00+00:00
26.6,45,1011.0,10.1,0,2025-03-16 15:00:00+00:00
26.1,43,1011.9,10.7,0,2025-03-16 16:00:00+00:00
25.4,50,1012.5,12.5,0,2025-03-16 17:00:00+00:00
24.9,56,1012.7,9.3,0,2025-03-16 18:00:00+00:00
24.4,58,1012.6,8.6,0,2025-03-16 19:00:00+00:00
23.9,57,1012.4,9.6,0,2025-03-16 20:00:00+00:00
23.2,56,1012.2,8.7,0,2025-03-16 21:00:00+00:00
22.9,53,1012.0,9.2,0,2025-03-16 22:00:00+00:00
22.7,51,1011.9,9.8,0,2025-03-16 23:00:00+00:00
22.3,50,1011.8,9.4,0,2025-03-17 00:00:00+00:00
21.3,65,1012.7,7.0,0,2025-03-17 01:00:00+00:00
20.6,67,1013.3,6.7,0,2025-03-17 02:00:00+00:00
21.6,64,1013.9,6.3,0,2025-03-17 03:00:00+00:00
24.8,58,1014.5,3.8,0,2025-03-17 04:00:00+00:00
27.3,53,1014.7,4.2,6,2025-03-17 05:00:00+00:00
29.6,41,1014.6,3.7,0,2025-03-17 06:00:00+00:00
31.2,30,1013.7,6.2,9,2025-03-17 07:00:00+00:00
31.7,27,1012.6,10.1,18,2025-03-17 08:00:00+00:00
31.8,25,1011.6,13.5,21,2025-03-17 09:00:00+00:00
31.8,19,1010.9,14.1,51,2025-03-17 10:00:00+00:00
31.7,16,1010.2,13.5,11,2025-03-17 11:00:00+00:00
30.9,18,1010.4,13.0,3,2025-03-17 12:00:00+00:00
29.5,24,1011.3,11.2,89,2025-03-17 13:00:00+00:00
27.6,34,1011.5,9.6,73,2025-03-17 14:00:00+00:00
26.3,40,1011.9,10.0,8,2025-03-17 15:00:00+00:00
25.8,44,1012.3,9.5,88,2025-03-17 16:00:00+00:00
25.4,48,1012.3,8.3,39,2025-03-17 17:00:00+00:00
24.8,53,1012.3,9.1,84,2025-03-17 18:00:00+00:00
24.4,56,1012.1,9.1,97,2025-03-17 19:00:00+00:00
24.0,60,1012.0,8.0,44,2025-03-17 20:00:00+00:00
22.9,74,1011.7,8.4,23,2025-03-17 21:00:00+00:00
22.2,88,1011.1,8.8,0,2025-03-17 22:00:00+00:00
22.0,91,1010.8,8.3,0,2025-03-17 23:00:00+00:00
21.6,90,1010.6,6.5,0,2025-03-18 00:00:00+00:00
21.1,85,1011.4,3.8,10,2025-03-18 01:00:00+00:00
20.4,86,1011.7,1.5,3,2025-03-18 02:00:00+00:00
21.5,81,1012.1,3.1,1,2025-03-18 03:00:00+00:00
24.5,60,1012.7,4.6,0,2025-03-18 04:00:00+00:00
27.0,50,1012.8,5.0,27,2025-03-18 05:00:00+00:00
29.1,42,1012.7,7.7,8,2025-03-18 06:00:00+00:00
30.0,41,1012.2,11.5,0,2025-03-18 07:00:00+00:00
30.7,36,1011.4,12.5,0,2025-03-18 08:00:00+00:00
30.8,33,1010.6,14.0,0,2025-03-18 09:00:00+00:00
30.4,33,1010.2,14.2,0,2025-03-18 10:00:00+00:00
29.7,35,1009.9,14.1,0,2025-03-18 11:00:00+00:00
28.6,40,1010.0,13.2,0,2025-03-18 12:00:00+00:00
27.3,51,1010.6,11.3,0,2025-03-18 13:00:00+00:00
25.8,64,1010.8,8.3,0,2025-03-18 14:00:00+00:00
25.0,71,1011.1,7.4,0,2025-03-18 15:00:00+00:00
24.7,75,1011.7,6.5,0,2025-03-18 16:00:00+00:00
24.1,77,1012.2,6.0,0,2025-03-18 17:00:00+00:00
23.5,79,1012.1,3.7,0,2025-03-18 18:00:00+00:00
23.2,80,1011.7,5.2,0,2025-03-18 19:00:00+00:00
22.8,83,1011.4,7.7,0,2025-03-18 20:00:00+00:00
22.5,83,1011.0,9.5,0,2025-03-18 21:00:00+00:00
22.5,84,1010.5,10.4,0,2025-03-18 22:00:00+00:00
22.5,85,1010.6,11.5,0,2025-03-18 23:00:00+00:00
22.5,85,1010.7,11.5,0,2025-03-19 00:00:00+00:00
22.4,82,1011.7,10.1,0,2025-03-19 01:00:00+00:00
22.4,80,1012.0,10.2,0,2025-03-19 02:00:00+00:00
23.6,74,1012.8,9.6,0,2025-03-19 03:00:00+00:00
25.8,66,1013.4,12.4,0,2025-03-19 04:00:00+00:00
27.5,51,1013.7,13.9,0,2025-03-19 05:00:00+00:00
28.7,44,1013.5,13.9,0,2025-03-19 06:00:00+00:00
29.9,36,1012.8,13.8,0,2025-03-19 07:00:00+00:00
30.7,31,1011.9,13.0,0,2025-03-19 08:00:00+00:00
31.0,28,1010.9,13.7,0,2025-03-19 09:00:00+00:00
30.5,30,1010.2,14.6,0,2025-03-19 10:00:00+00:00
29.8,34,1009.7,13.6,0,2025-03-19 11:00:00+00:00
28.7,40,1009.9,13.0,0,2025-03-19 12:00:00+00:00
26.5,64,1011.0,11.8,0,2025-03-19 13:00:00+00:00
25.2,74,1011.2,9.8,0,2025-03-19 14:00:00+00:00
24.8,79,1011.9,9.3,0,2025-03-19 15:00:00+00:00
24.6,82,1012.5,10.0,0,2025-03-19 16:00:00+00:00
24.4,84,1012.9,8.7,0,2025-03-19 17:00:00+00:00
24.1,86,1013.2,8.8,0,2025-03-19 18:00:00+00:00
23.8,88,1013.1,5.4,2,2025-03-19 19:00:00+00:00
23.5,90,1013.2,7.5,10,2025-03-19 20:00:00+00:00
23.1,92,1012.9,7.7,30,2025-03-19 21:00:00+00:00
23.0,92,1012.5,9.1,33,2025-03-19 22:00:00+00:00
22.9,93,1012.5,8.4,18,2025-03-19 23:00:00+00:00
22.7,94,1012.6,9.1,17,2025-03-20 00:00:00+00:00
22.9,91,1013.3,10.0,9,2025-03-20 01:00:00+00:00
22.9,89,1013.8,9.6,1,2025-03-20 02:00:00+00:00
24.1,79,1014.6,7.6,0,2025-03-20 03:00:00+00:00
25.9,67,1015.1,9.3,0,2025-03-20 04:00:00+00:00
27.8,56,1015.2,8.3,0,2025-03-20 05:00:00+00:00
29.6,45,1015.1,8.6,0,2025-03-20 06:00:00+00:00
30.8,40,1014.3,10.3,6,2025-03-20 07:00:00+00:00
31.9,34,1013.3,11.0,28,2025-03-20 08:00:00+00:00
32.0,34,1012.1,14.1,13,2025-03-20 09:00:00+00:00
31.2,42,1011.1,18.3,23,2025-03-20 10:00:00+00:00
30.1,45,1010.6,18.9,16,2025-03-20 11:00:00+00:00
28.6,54,1010.8,17.1,7,2025-03-20 12:00:00+00:00
27.5,59,1011.8,12.6,1,2025-03-20 13:00:00+00:00
26.0,73,1012.6,9.8,0,2025-03-20 14:00:00+00:00
25.4,76,1013.7,4.6,0,2025-03-20 15:00:00+00:00
25.3,76,1014.0,6.7,0,2025-03-20 16:00:00+00:00
24.9,80,1014.6,6.0,0,2025-03-20 17:00:00+00:00
24.2,85,1014.7,9.1,1,2025-03-20 18:00:00+00:00
24.0,86,1014.7,11.4,0,2025-03-20 19:00:00+00:00
23.4,89,1014.8,10.1,0,2025-03-20 20:00:00+00:00
23.1,90,1014.4,10.1,0,2025-03-20 21:00:00+00:00
23.0,88,1014.0,9.8,0,2025-03-20 22:00:00+00:00
22.8,88,1013.9,9.4,0,2025-03-20 23:00:00+00:00
22.5,90,1013.9,8.4,0,2025-03-21 00:00:00+00:00
22.4,92,1014.8,7.0,0,2025-03-21 01:00:00+00:00
22.0,95,1015.3,5.7,3,2025-03-21 02:00:00+00:00
22.9,90,1016.0,3.1,0,2025-03-21 03:00:00+00:00
25.5,74,1016.9,3.8,0,2025-03-21 04:00:00+00:00
28.8,48,1016.9,3.6,0,2025-03-21 05:00:00+00:00
31.6,30,1016.7,0.2,0,2025-03-21 06:00:00+00:00
33.0,23,1015.8,4.4,0,2025-03-21 07:00:00+00:00
33.4,26,1014.6,8.5,0,2025-03-21 08:00:00+00:00
33.1,32,1013.5,14.3,0,2025-03-21 09:00:00+00:00
31.9,37,1012.7,17.8,9,2025-03-21 10:00:00+00:00
31.5,34,1012.2,16.6,0,2025-03-21 11:00:00+00:00
30.8,38,1012.1,13.1,0,2025-03-21 12:00:00+00:00
28.7,54,1012.8,14.2,0,2025-03-21 13:00:00+00:00
26.5,73,1013.1,13.0,0,2025-03-21 14:00:00+00:00
26.2,63,1013.5,12.7,0,2025-03-21 15:00:00+00:00
26.1,58,1013.9,11.0,0,2025-03-21 16:00:00+00:00
25.3,70,1014.4,10.9,0,2025-03-21 17:00:00+00:00
24.5,80,1014.1,9.4,0,2025-03-21 18:00:00+00:00
24.2,82,1014.1,10.4,0,2025-03-21 19:00:00+00:00
23.7,84,1013.6,9.6,0,2025-03-21 20:00:00+00:00
23.5,81,1013.0,9.7,0,2025-03-21 21:00:00+00:00
23.3,80,1012.5,8.2,0,2025-03-21 22:00:00+00:00
23.0,78,1012.2,8.7,0,2025-03-21 23:00:00+00:00
23.1,77,1012.4,8.9,0,2025-03-22 00:00:00+00:00
23.3,82,1012.8,7.8,0,2025-03-22 01:00:00+00:00
23.2,82,1013.2,7.2,0,2025-03-22 02:00:00+00:00
24.5,77,1013.8,5.6,0,2025-03-22 03:00:00+00:00
26.8,67,1014.3,6.3,0,2025-03-22 04:00:00+00:00
28.9,57,1014.1,7.2,0,2025-03-22 05:00:00+00:00
30.6,48,1013.6,9.3,0,2025-03-22 06:00:00+00:00
31.5,46,1012.9,12.2,0,2025-03-22 07:00:00+00:00
31.6,45,1012.2,14.2,0,2025-03-22 08:00:00+00:00
31.7,41,1011.3,15.1,0,2025-03-22 09:00:00+00:00
31.4,41,1010.7,15.1,0,2025-03-22 10:00:00+00:00
30.7,42,1010.3,14.0,0,2025-03-22 11:00:00+00:00
29.6,47,1010.5,13.7,0,2025-03-22 12:00:00+00:00
28.4,51,1011.2,11.9,0,2025-03-22 13:00:00+00:00
27.0,60,1011.6,9.0,0,2025-03-22 14:00:00+00:00
26.2,66,1011.8,7.2,0,2025-03-22 15:00:00+00:00
25.8,70,1012.3,7.7,0,2025-03-22 16:00:00+00:00
25.5,70,1012.6,7.6,0,2025-03-22 17:00:00+00:00
25.2,72,1012.8,7.1,0,2025-03-22 18:00:00+00:00
24.7,72,1012.5,8.3,0,2025-03-22 19:00:00+00:00
24.3,73,1012.1,8.2,0,2025-03-22 20:00:00+00:00
23.9,75,1011.6,8.4,0,2025-03-22 21:00:00+00:00
23.5,78,1011.4,8.3,0,2025-03-22 22:00:00+00:00
23.3,81,1011.3,8.6,0,2025-03-22 23:00:00+00:00
23.3,80,1011.4,8.8,0,2025-03-23 00:00:00+00:00
23.3,85,1012.1,8.2,0,2025-03-23 01:00:00+00:00
23.3,83,1012.6,7.4,0,2025-03-23 02:00:00+00:00
24.6,78,1013.5,6.7,0,2025-03-23 03:00:00+00:00
27.0,65,1014.1,7.6,0,2025-03-23 04:00:00+00:00
29.3,51,1014.1,8.4,0,2025-03-23 05:00:00+00:00
31.4,40,1013.8,10.0,0,2025-03-23 06:00:00+00:00
32.8,33,1013.0,12.2,0,2025-03-23 07:00:00+00:00
33.6,29,1012.2,14.1,0,2025-03-23 08:00:00+00:00
34.0,24,1011.5,15.0,0,2025-03-23 09:00:00+00:00
34.0,22,1011.2,15.0,0,2025-03-23 10:00:00+00:00
33.6,21,1010.8,14.4,0,2025-03-23 11:00:00+00:00
32.7,22,1011.1,12.7,0,2025-03-23 12:00:00+00:00
30.6,32,1011.7,11.4,0,2025-03-23 13:00:00+00:00
28.8,37,1012.3,9.7,0,2025-03-23 14:00:00+00:00
27.6,41,1012.5,9.4,0,2025-03-23 15:00:00+00:00
26.7,46,1013.2,8.8,0,2025-03-23 16:00:00+00:00
26.0,50,1013.6,8.5,0,2025-03-23 17:00:00+00:00
25.4,52,1013.6,8.4,0,2025-03-23 18:00:00+00:00
24.8,58,1013.3,9.4,0,2025-03-23 19:00:00+00:00
24.2,65,1012.8,10.6,0,2025-03-23 20:00:00+00:00
23.7,71,1012.3,10.3,0,2025-03-23 21:00:00+00:00
23.3,73,1012.0,10.1,0,2025-03-23 22:00:00+00:00
23.2,74,1012.0,11.0,0,2025-03-23 23:00:00+00:00
23.2,71,1012.1,12.7,0,2025-03-24 00:00:00+00:00
23.2,65,1012.5,12.7,0,2025-03-24 01:00:00+00:00
23.1,65,1013.0,12.0,0,2025-03-24 02:00:00+00:00
24.7,60,1013.7,10.4,0,2025-03-24 03:00:00+00:00
27.6,45,1014.2,8.2,0,2025-03-24 04:00:00+00:00
30.5,29,1014.2,10.3,0,2025-03-24 05:00:00+00:00
32.5,17,1013.7,12.9,0,2025-03-24 06:00:00+00:00
33.3,14,1013.0,14.7,0,2025-03-24 07:00:00+00:00
33.7,13,1011.9,15.2,0,2025-03-24 08:00:00+00:00
33.7,13,1011.1,15.6,0,2025-03-24 09:00:00+00:00
33.3,14,1010.5,15.9,0,2025-03-24 10:00:00+00:00
32.5,17,1010.2,14.9,0,2025-03-24 11:00:00+00:00
31.2,22,1010.3,13.3,0,2025-03-24 12:00:00+00:00
29.6,33,1010.9,11.7,0,2025-03-24 13:00:00+00:00
27.5,47,1011.2,10.0,0,2025-03-24 14:00:00+00:00
26.3,54,1011.7,9.7,0,2025-03-24 15:00:00+00:00
25.9,59,1012.3,10.6,0,2025-03-24 16:00:00+00:00
25.7,57,1012.5,10.7,0,2025-03-24 17:00:00+00:00
25.1,64,1012.0,10.1,0,2025-03-24 18:00:00+00:00
24.6,71,1011.7,10.3,0,2025-03-24 19:00:00+00:00
24.1,74,1010.9,10.7,0,2025-03-24 20:00:00+00:00
23.6,78,1010.3,11.1,0,2025-03-24 21:00:00+00:00
23.1,83,1009.8,10.3,0,2025-03-24 22:00:00+00:00
22.7,85,1009.5,9.0,0,2025-03-24 23:00:00+00:00
22.4,85,1009.3,8.3,0,2025-03-25 00:00:00+00:00
22.3,83,1010.2,8.9,0,2025-03-25 01:00:00+00:00
22.3,83,1010.5,9.0,0,2025-03-25 02:00:00+00:00
23.8,78,1011.1,10.4,2,2025-03-25 03:00:00+00:00
25.5,70,1011.2,11.0,6,2025-03-25 04:00:00+00:00
27.1,62,1011.1,11.5,5,2025-03-25 05:00:00+00:00
28.4,56,1010.8,14.7,1,2025-03-25 06:00:00+00:00
29.0,54,1010.2,16.1,4,2025-03-25 07:00:00+00:00
29.6,51,1009.2,15.6,0,2025-03-25 08:00:00+00:00
29.7,51,1008.1,15.7,25,2025-03-25 09:00:00+00:00
29.1,55,1007.5,15.5,97,2025-03-25 10:00:00+00:00
27.7,63,1006.9,15.1,13,2025-03-25 11:00:00+00:00
27.4,65,1007.0,15.0,87,2025-03-25 12:00:00+00:00
26.6,71,1007.2,14.6,9,2025-03-25 13:00:00+00:00
25.9,77,1007.3,13.3,27,2025-03-25 14:00:00+00:00
25.7,79,1007.7,10.7,10,2025-03-25 15:00:00+00:00
25.4,82,1007.9,10.7,7,2025-03-25 16:00:00+00:00
25.2,84,1008.0,9.4,2,2025-03-25 17:00:00+00:00
25.0,87,1007.7,9.4,2,2025-03-25 18:00:00+00:00
24.7,88,1007.2,8.7,0,2025-03-25 19:00:00+00:00
24.6,88,1006.5,8.5,0,2025-03-25 20:00:00+00:00
24.3,90,1005.8,8.2,0,2025-03-25 21:00:00+00:00
24.2,90,1005.5,8.5,0,2025-03-25 22:00:00+00:00
24.1,89,1005.5,8.6,0,2025-03-25 23:00:00+00:00
23.9,90,1005.5,9.1,0,2025-03-26 00:00:00+00:00
23.9,86,1006.1,10.3,2,2025-03-26 01:00:00+00:00
23.8,84,1006.5,10.7,1,2025-03-26 02:00:00+00:00
25.0,73,1007.1,11.4,0,2025-03-26 03:00:00+00:00
26.2,65,1007.6,12.3,0,2025-03-26 04:00:00+00:00
27.5,58,1007.9,13.8,0,2025-03-26 05:00:00+00:00
28.4,52,1007.9,14.9,0,2025-03-26 06:00:00+00:00
29.2,47,1007.5,16.1,0,2025-03-26 07:00:00+00:00
29.5,45,1007.0,16.6,0,2025-03-26 08:00:00+00:00
29.2,48,1006.4,17.0,0,2025-03-26 09:00:00+00:00
28.7,53,1006.0,17.2,0,2025-03-26 10:00:00+00:00
28.2,55,1005.7,16.9,0,2025-03-26 11:00:00+00:00
27.5,59,1005.7,15.2,0,2025-03-26 12:00:00+00:00
26.8,60,1006.0,15.0,0,2025-03-26 13:00:00+00:00
25.8,67,1006.2,14.2,0,2025-03-26 14:00:00+00:00
25.3,71,1006.5,13.9,0,2025-03-26 15:00:00+00:00
25.0,73,1007.1,14.3,0,2025-03-26 16:00:00+00:00
24.7,73,1007.7,14.1,0,2025-03-26 17:00:00+00:00
24.4,76,1008.0,14.8,0,2025-03-26 18:00:00+00:00
24.2,73,1008.2,15.7,0,2025-03-26 19:00:00+00:00
23.9,72,1007.7,14.1,0,2025-03-26 20:00:00+00:00
23.8,72,1007.3,13.6,0,2025-03-26 21:00:00+00:00
23.7,78,1007.0,13.0,0,2025-03-26 22:00:00+00:00
23.5,81,1007.0,11.2,0,2025-03-26 23:00:00+00:00
23.0,79,1007.4,10.6,0,2025-03-27 00:00:00+00:00
23.2,81,1008.4,10.0,0,2025-03-27 01:00:00+00:00
22.8,76,1009.5,9.6,0,2025-03-27 02:00:00+00:00
23.9,58,1010.5,9.7,0,2025-03-27 03:00:00+00:00
26.6,29,1011.4,12.8,0,2025-03-27 04:00:00+00:00
28.6,18,1011.7,12.8,0,2025-03-27 05:00:00+00:00
30.0,17,1011.6,10.8,0,2025-03-27 06:00:00+00:00
31.7,12,1011.2,9.4,0,2025-03-27 07:00:00+00:00
32.9,9,1010.2,6.1,0,2025-03-27 08:00:00+00:00
33.6,7,1008.9,3.6,0,2025-03-27 09:00:00+00:00
33.9,6,1007.8,8.3,0,2025-03-27 10:00:00+00:00
33.6,7,1007.3,11.9,0,2025-03-27 11:00:00+00:00
32.3,9,1007.4,13.9,0,2025-03-27 12:00:00+00:00
30.0,15,1007.9,13.4,0,2025-03-27 13:00:00+00:00
27.6,27,1008.4,11.0,0,2025-03-27 14:00:00+00:00
25.9,41,1009.1,10.0,0,2025-03-27 15:00:00+00:00
24.9,46,1009.9,11.5,0,2025-03-27 16:00:00+00:00
24.4,49,1010.6,14.9,0,2025-03-27 17:00:00+00:00
24.1,51,1011.1,16.7,0,2025-03-27 18:00:00+00:00
23.8,60,1011.0,13.8,2,2025-03-27 19:00:00+00:00
23.5,61,1010.6,13.1,0,2025-03-27 20:00:00+00:00
22.9,41,1010.3,12.1,1,2025-03-27 21:00:00+00:00
22.2,37,1009.8,12.5,8,2025-03-27 22:00:00+00:00
21.6,35,1009.9,11.4,13,2025-03-27 23:00:00+00:00
20.9,31,1010.6,10.7,17,2025-03-28 00:00:00+00:00
21.3,30,1011.4,11.3,18,2025-03-28 01:00:00+00:00
21.2,24,1012.1,10.5,77,2025-03-28 02:00:00+00:00
22.6,17,1013.0,8.7,17,2025-03-28 03:00:00+00:00
25.3,11,1013.7,5.9,47,2025-03-28 04:00:00+00:00
27.9,7,1013.9,5.0,33,2025-03-28 05:00:00+00:00
29.7,6,1013.7,3.4,36,2025-03-28 06:00:00+00:00
31.0,7,1013.0,5.2,3,2025-03-28 07:00:00+00:00
31.7,8,1012.0,8.5,10,2025-03-28 08:00:00+00:00
32.1,9,1010.7,10.7,29,2025-03-28 09:00:00+00:00
31.9,11,1009.8,13.2,95,2025-03-28 10:00:00+00:00
31.0,11,1009.5,15.1,61,2025-03-28 11:00:00+00:00
30.2,11,1009.9,12.8,94,2025-03-28 12:00:00+00:00
28.9,15,1010.4,10.8,99,2025-03-28 13:00:00+00:00
27.6,19,1010.8,9.2,98,2025-03-28 14:00:00+00:00
26.4,25,1010.9,8.2,100,2025-03-28 15:00:00+00:00
25.6,29,1011.7,8.6,93,2025-03-28 16:00:00+00:00
25.0,32,1012.1,7.6,97,2025-03-28 17:00:00+00:00
24.7,30,1012.0,7.4,100,2025-03-28 18:00:00+00:00
24.5,28,1011.5,7.8,100,2025-03-28 19:00:00+00:00
24.1,29,1011.0,7.5,100,2025-03-28 20:00:00+00:00
23.5,31,1010.5,5.1,100,2025-03-28 21:00:00+00:00
23.1,32,1010.3,5.1,100,2025-03-28 22:00:00+00:00
22.9,30,1009.9,6.3,100,2025-03-28 23:00:00+00:00
22.9,27,1010.0,6.5,100,2025-03-29 00:00:00+00:00
22.5,25,1010.8,6.4,100,2025-03-29 01:00:00+00:00
22.4,23,1011.2,6.4,100,2025-03-29 02:00:00+00:00
23.2,20,1011.9,6.8,100,2025-03-29 03:00:00+00:00
25.6,14,1012.4,6.4,100,2025-03-29 04:00:00+00:00
28.3,9,1012.6,6.1,75,2025-03-29 05:00:00+00:00
30.8,7,1012.4,7.2,75,2025-03-29 06:00:00+00:00
32.3,6,1012.0,6.0,98,2025-03-29 07:00:00+00:00
32.5,6,1011.1,5.3,0,2025-03-29 08:00:00+00:00
33.2,6,1010.0,5.5,0,2025-03-29 09:00:00+00:00
33.4,7,1009.3,6.5,0,2025-03-29 10:00:00+00:00
32.2,15,1008.6,13.1,0,2025-03-29 11:00:00+00:00
31.4,12,1008.5,13.7,0,2025-03-29 12:00:00+00:00
29.9,12,1009.6,11.9,0,2025-03-29 13:00:00+00:00
27.9,25,1009.9,9.5,0,2025-03-29 14:00:00+00:00
26.4,40,1010.5,8.5,0,2025-03-29 15:00:00+00:00
25.6,41,1011.3,7.9,0,2025-03-29 16:00:00+00:00
24.8,42,1011.5,8.7,0,2025-03-29 17:00:00+00:00
23.9,52,1011.3,9.5,0,2025-03-29 18:00:00+00:00
23.5,54,1011.1,9.8,0,2025-03-29 19:00:00+00:00
22.7,60,1010.6,11.0,0,2025-03-29 20:00:00+00:00
22.1,69,1010.2,12.7,0,2025-03-29 21:00:00+00:00
22.0,73,1009.7,12.0,0,2025-03-29 22:00:00+00:00
22.0,61,1009.5,10.4,0,2025-03-29 23:00:00+00:00
21.7,52,1009.5,8.9,0,2025-03-30 00:00:00+00:00
21.5,39,1010.5,8.6,0,2025-03-30 01:00:00+00:00
21.2,38,1011.0,8.0,0,2025-03-30 02:00:00+00:00
22.7,32,1011.6,5.7,0,2025-03-30 03:00:00+00:00
26.2,23,1012.2,3.9,0,2025-03-30 04:00:00+00:00
29.4,15,1012.5,4.8,0,2025-03-30 05:00:00+00:00
31.8,10,1012.4,4.8,0,2025-03-30 06:00:00+00:00
33.2,9,1011.7,5.9,0,2025-03-30 07:00:00+00:00
33.8,10,1010.7,9.0,0,2025-03-30 08:00:00+00:00
33.8,12,1009.8,12.7,0,2025-03-30 09:00:00+00:00
33.1,14,1008.9,15.4,0,2025-03-30 10:00:00+00:00
31.9,17,1008.7,15.1,0,2025-03-30 11:00:00+00:00
30.3,28,1008.7,13.8,0,2025-03-30 12:00:00+00:00
28.5,37,1009.3,12.0,0,2025-03-30 13:00:00+00:00
26.4,53,1009.6,9.4,0,2025-03-30 14:00:00+00:00
25.3,62,1010.2,8.8,0,2025-03-30 15:00:00+00:00
25.0,59,1011.0,9.1,0,2025-03-30 16:00:00+00:00
24.5,62,1011.3,8.9,0,2025-03-30 17:00:00+00:00
23.8,68,1011.4,8.5,0,2025-03-30 18:00:00+00:00
22.9,79,1011.3,13.6,0,2025-03-30 19:00:00+00:00
22.9,87,1010.7,11.1,0,2025-03-30 20:00:00+00:00
22.6,82,1010.2,7.6,0,2025-03-30 21:00:00+00:00
22.1,80,1010.0,8.0,0,2025-03-30 22:00:00+00:00
21.7,80,1009.7,6.8,0,2025-03-30 23:00:00+00:00
21.3,81,1009.8,5.2,0,2025-03-31 00:00:00+00:00
20.8,86,1010.7,4.9,0,2025-03-31 01:00:00+00:00
20.5,87,1010.9,5.5,0,2025-03-31 02:00:00+00:00
22.5,79,1011.4,4.1,0,2025-03-31 03:00:00+00:00
25.2,72,1012.0,4.1,0,2025-03-31 04:00:00+00:00
28.1,54,1012.0,3.6,0,2025-03-31 05:00:00+00:00
30.7,41,1011.9,3.8,0,2025-03-31 06:00:00+00:00
31.6,42,1011.2,8.2,0,2025-03-31 07:00:00+00:00
31.4,51,1010.6,12.2,0,2025-03-31 08:00:00+00:00
31.6,46,1009.6,13.0,1,2025-03-31 09:00:00+00:00
32.0,37,1008.7,12.3,1,2025-03-31 10:00:00+00:00
31.6,35,1008.1,11.9,0,2025-03-31 11:00:00+00:00
30.4,38,1007.7,10.8,0,2025-03-31 12:00:00+00:00
28.9,46,1008.3,9.0,0,2025-03-31 13:00:00+00:00
26.7,62,1008.3,7.8,0,2025-03-31 14:00:00+00:00
25.7,73,1009.0,6.5,0,2025-03-31 15:00:00+00:00
25.3,77,1009.4,6.6,0,2025-03-31 16:00:00+00:00
25.0,78,1009.5,6.7,0,2025-03-31 17:00:00+00:00
24.3,80,1009.5,11.3,0,2025-03-31 18:00:00+00:00
23.6,86,1009.7,12.5,0,2025-03-31 19:00:00+00:00
23.5,84,1009.1,8.2,0,2025-03-31 20:00:00+00:00
23.3,83,1008.6,7.4,0,2025-03-31 21:00:00+00:00
22.6,84,1008.2,7.2,0,2025-03-31 22:00:00+00:00
22.3,84,1007.8,8.3,0,2025-03-31 23:00:00+00:00
22.2,81,1008.1,8.5,0,2025-04-01 00:00:00+00:00
21.6,82,1008.5,6.0,0,2025-04-01 01:00:00+00:00
21.8,82,1009.1,3.8,0,2025-04-01 02:00:00+00:00
23.7,75,1009.8,3.2,0,2025-04-01 03:00:00+00:00
26.2,69,1010.3,3.9,0,2025-04-01 04:00:00+00:00
28.7,55,1010.4,4.3,0,2025-04-01 05:00:00+00:00
31.2,41,1010.3,4.8,0,2025-04-01 06:00:00+00:00
33.3,30,1009.7,5.9,0,2025-04-01 07:00:00+00:00
34.6,23,1008.7,8.8,0,2025-04-01 08:00:00+00:00
34.3,29,1007.6,11.7,0,2025-04-01 09:00:00+00:00
34.3,28,1006.6,12.4,0,2025-04-01 10:00:00+00:00
33.9,26,1005.8,13.7,0,2025-04-01 11:00:00+00:00
32.1,33,1005.8,12.9,0,2025-04-01 12:00:00+00:00
28.9,56,1006.4,11.4,0,2025-04-01 13:00:00+00:00
27.0,70,1006.7,7.9,0,2025-04-01 14:00:00+00:00
26.3,76,1007.3,7.4,0,2025-04-01 15:00:00+00:00
25.9,78,1007.7,5.2,0,2025-04-01 16:00:00+00:00
25.8,71,1009.1,10.5,0,2025-04-01 17:00:00+00:00
25.3,71,1008.6,5.8,0,2025-04-01 18:00:00+00:00
25.3,68,1008.0,3.6,0,2025-04-01 19:00:00+00:00
24.5,70,1008.0,7.1,0,2025-04-01 20:00:00+00:00
23.7,71,1007.3,6.1,0,2025-04-01 21:00:00+00:00
22.9,73,1006.9,7.7,0,2025-04-01 22:00:00+00:00
22.5,71,1006.7,7.3,0,2025-04-01 23:00:00+00:00
22.3,70,1006.7,4.4,0,2025-04-02 00:00:00+00:00
21.7,79,1007.3,3.0,0,2025-04-02 01:00:00+00:00
21.9,73,1008.1,6.3,0,2025-04-02 02:00:00+00:00
23.7,60,1009.0,4.5,0,2025-04-02 03:00:00+00:00
27.3,45,1009.6,1.8,0,2025-04-02 04:00:00+00:00
30.4,35,1009.7,1.3,0,2025-04-02 05:00:00+00:00
32.7,29,1009.5,4.0,0,2025-04-02 06:00:00+00:00
33.7,31,1008.9,8.2,0,2025-04-02 07:00:00+00:00
33.3,41,1008.0,11.3,0,2025-04-02 08:00:00+00:00
33.1,41,1007.2,12.1,0,2025-04-02 09:00:00+00:00
32.4,41,1006.7,12.0,1,2025-04-02 10:00:00+00:00
31.1,48,1006.5,10.6,0,2025-04-02 11:00:00+00:00
30.1,50,1006.4,10.0,2,2025-04-02 12:00:00+00:00
28.9,57,1007.1,7.6,0,2025-04-02 13:00:00+00:00
27.0,70,1007.1,9.2,0,2025-04-02 14:00:00+00:00
26.1,79,1007.6,8.0,0,2025-04-02 15:00:00+00:00
25.9,82,1008.4,6.5,0,2025-04-02 16:00:00+00:00
25.5,84,1008.5,6.9,0,2025-04-02 17:00:00+00:00
25.4,85,1008.7,5.6,0,2025-04-02 18:00:00+00:00
24.6,87,1008.9,9.4,0,2025-04-02 19:00:00+00:00
24.0,87,1008.5,6.5,0,2025-04-02 20:00:00+00:00
23.8,83,1008.1,8.1,0,2025-04-02 21:00:00+00:00
23.9,74,1007.5,7.4,0,2025-04-02 22:00:00+00:00
23.4,72,1007.6,8.4,0,2025-04-02 23:00:00+00:00
22.8,71,1007.8,7.8,0,2025-04-03 00:00:00+00:00
22.8,80,1008.7,6.1,0,2025-04-03 01:00:00+00:00
22.8,81,1009.2,3.9,0,2025-04-03 02:00:00+00:00
24.8,74,1010.1,6.0,0,2025-04-03 03:00:00+00:00
27.9,61,1011.1,6.7,0,2025-04-03 04:00:00+00:00
30.6,45,1011.1,5.3,0,2025-04-03 05:00:00+00:00
32.4,40,1010.9,7.9,0,2025-04-03 06:00:00+00:00
32.8,44,1010.1,11.2,0,2025-04-03 07:00:00+00:00
32.5,46,1009.4,12.9,0,2025-04-03 08:00:00+00:00
32.2,48,1008.7,13.2,0,2025-04-03 09:00:00+00:00
31.7,50,1008.3,13.2,0,2025-04-03 10:00:00+00:00
31.2,53,1008.0,14.5,0,2025-04-03 11:00:00+00:00
30.8,52,1008.0,14.1,0,2025-04-03 12:00:00+00:00
29.0,60,1008.7,11.0,0,2025-04-03 13:00:00+00:00
27.6,68,1009.1,8.3,0,2025-04-03 14:00:00+00:00
26.9,73,1009.5,6.6,0,2025-04-03 15:00:00+00:00
26.3,78,1010.2,8.1,0,2025-04-03 16:00:00+00:00
25.9,79,1010.8,11.0,0,2025-04-03 17:00:00+00:00
25.7,77,1011.1,7.9,0,2025-04-03 18:00:00+00:00
25.2,77,1011.4,8.8,0,2025-04-03 19:00:00+00:00
24.7,77,1011.1,10.1,0,2025-04-03 20:00:00+00:00
24.3,75,1010.7,10.0,0,2025-04-03 21:00:00+00:00
24.5,70,1010.1,10.3,0,2025-04-03 22:00:00+00:00
24.5,68,1010.1,10.0,0,2025-04-03 23:00:00+00:00
24.0,72,1010.0,9.8,0,2025-04-04 00:00:00+00:00
23.6,74,1010.4,6.2,0,2025-04-04 01:00:00+00:00
22.9,79,1011.0,6.4,0,2025-04-04 02:00:00+00:00
24.4,73,1011.8,4.7,0,2025-04-04 03:00:00+00:00
27.3,61,1012.4,0.2,0,2025-04-04 04:00:00+00:00
30.1,50,1012.5,3.7,0,2025-04-04 05:00:00+00:00
32.1,42,1012.5,5.1,0,2025-04-04 06:00:00+00:00
32.8,45,1012.2,8.8,0,2025-04-04 07:00:00+00:00
33.4,46,1011.6,11.0,0,2025-04-04 08:00:00+00:00
34.0,39,1010.5,12.7,0,2025-04-04 09:00:00+00:00
33.6,37,1009.5,13.9,0,2025-04-04 10:00:00+00:00
33.1,37,1009.0,13.5,0,2025-04-04 11:00:00+00:00
31.7,43,1008.9,12.5,0,2025-04-04 12:00:00+00:00
30.7,46,1009.7,10.1,0,2025-04-04 13:00:00+00:00
28.4,63,1010.1,9.8,0,2025-04-04 14:00:00+00:00
27.3,73,1010.7,8.8,0,2025-04-04 15:00:00+00:00
26.9,72,1011.2,7.8,0,2025-04-04 16:00:00+00:00
26.4,74,1011.5,6.2,0,2025-04-04 17:00:00+00:00
25.7,76,1011.3,8.6,0,2025-04-04 18:00:00+00:00
25.1,81,1011.1,9.2,0,2025-04-04 19:00:00+00:00
24.7,84,1010.7,9.5,0,2025-04-04 20:00:00+00:00
24.5,84,1010.4,9.8,0,2025-04-04 21:00:00+00:00
24.2,85,1010.2,8.4,0,2025-04-04 22:00:00+00:00
24.1,83,1010.0,9.2,0,2025-04-04 23:00:00+00:00
24.0,80,1010.0,10.1,0,2025-04-05 00:00:00+00:00
24.1,81,1010.4,10.0,0,2025-04-05 01:00:00+00:00
24.2,79,1011.1,9.8,0,2025-04-05 02:00:00+00:00
25.7,75,1011.7,7.8,0,2025-04-05 03:00:00+00:00
28.1,64,1012.2,8.4,0,2025-04-05 04:00:00+00:00
30.7,51,1012.3,8.6,0,2025-04-05 05:00:00+00:00
32.9,42,1011.9,10.0,0,2025-04-05 06:00:00+00:00
33.8,40,1011.2,12.6,0,2025-04-05 07:00:00+00:00
33.9,42,1010.6,14.9,0,2025-04-05 08:00:00+00:00
33.6,43,1009.8,15.3,0,2025-04-05 09:00:00+00:00
33.4,42,1009.0,14.4,0,2025-04-05 10:00:00+00:00
32.9,41,1008.4,13.7,0,2025-04-05 11:00:00+00:00
32.2,40,1008.1,13.3,0,2025-04-05 12:00:00+00:00
30.7,48,1008.4,12.1,0,2025-04-05 13:00:00+00:00
29.1,54,1008.7,10.6,0,2025-04-05 14:00:00+00:00
28.4,56,1009.1,10.3,0,2025-04-05 15:00:00+00:00
28.2,52,1009.3,12.1,0,2025-04-05 16:00:00+00:00
27.9,54,1009.4,12.1,0,2025-04-05 17:00:00+00:00
27.5,55,1009.1,12.0,0,2025-04-05 18:00:00+00:00
27.3,55,1009.0,12.6,0,2025-04-05 19:00:00+00:00
26.9,56,1008.9,13.6,0,2025-04-05 20:00:00+00:00
26.5,58,1008.5,15.0,0,2025-04-05 21:00:00+00:00
26.6,55,1007.9,15.6,0,2025-04-05 22:00:00+00:00
26.6,53,1007.7,15.5,0,2025-04-05 23:00:00+00:00
26.2,55,1007.6,13.5,0,2025-04-06 00:00:00+00:00
25.8,61,1008.2,12.8,0,2025-04-06 01:00:00+00:00
25.8,62,1008.5,12.4,0,2025-04-06 02:00:00+00:00
27.6,57,1009.1,10.8,0,2025-04-06 03:00:00+00:00
30.6,46,1009.6,10.4,0,2025-04-06 04:00:00+00:00
33.5,32,1009.9,11.7,0,2025-04-06 05:00:00+00:00
35.7,22,1009.5,14.1,0,2025-04-06 06:00:00+00:00
36.6,18,1008.8,15.7,0,2025-04-06 07:00:00+00:00
36.5,19,1008.2,17.0,0,2025-04-06 08:00:00+00:00
35.7,22,1007.5,18.3,0,2025-04-06 09:00:00+00:00
34.9,24,1006.6,19.4,0,2025-04-06 10:00:00+00:00
34.0,25,1006.1,19.7,0,2025-04-06 11:00:00+00:00
32.9,28,1005.9,19.3,0,2025-04-06 12:00:00+00:00
31.3,36,1006.5,18.1,0,2025-04-06 13:00:00+00:00
30.0,42,1006.9,16.6,0,2025-04-06 14:00:00+00:00
29.5,42,1007.2,16.9,0,2025-04-06 15:00:00+00:00
29.2,45,1007.7,17.3,0,2025-04-06 16:00:00+00:00
28.8,47,1008.6,15.1,0,2025-04-06 17:00:00+00:00
28.3,52,1009.0,15.2,0,2025-04-06 18:00:00+00:00
27.8,53,1009.2,15.8,0,2025-04-06 19:00:00+00:00
27.5,54,1008.5,15.4,0,2025-04-06 20:00:00+00:00
27.3,55,1007.9,15.8,0,2025-04-06 21:00:00+00:00
27.2,54,1007.1,16.4,0,2025-04-06 22:00:00+00:00
27.2,54,1006.9,15.7,0,2025-04-06 23:00:00+00:00
27.2,52,1006.9,15.3,0,2025-04-07 00:00:00+00:00
26.9,58,1007.5,12.1,0,2025-04-07 01:00:00+00:00
26.6,60,1008.0,11.2,0,2025-04-07 02:00:00+00:00
28.2,57,1008.5,11.9,0,2025-04-07 03:00:00+00:00
30.5,49,1009.0,15.9,0,2025-04-07 04:00:00+00:00
31.9,41,1009.1,17.3,0,2025-04-07 05:00:00+00:00
32.8,38,1009.0,16.8,0,2025-04-07 06:00:00+00:00
33.3,38,1008.6,16.6,0,2025-04-07 07:00:00+00:00
33.1,40,1007.6,17.9,0,2025-04-07 08:00:00+00:00
32.7,41,1007.1,17.1,0,2025-04-07 09:00:00+00:00
31.8,47,1006.5,16.6,0,2025-04-07 10:00:00+00:00
31.1,51,1006.3,16.1,0,2025-04-07 11:00:00+00:00
30.4,55,1006.3,14.7,14,2025-04-07 12:00:00+00:00
29.5,55,1006.6,10.7,7,2025-04-07 13:00:00+00:00
28.3,63,1007.2,10.3,0,2025-04-07 14:00:00+00:00
27.7,69,1007.5,11.0,0,2025-04-07 15:00:00+00:00
27.3,74,1008.4,6.5,0,2025-04-07 16:00:00+00:00
27.0,73,1009.1,9.2,0,2025-04-07 17:00:00+00:00
26.7,72,1008.8,11.1,0,2025-04-07 18:00:00+00:00
26.3,72,1008.7,10.6,0,2025-04-07 19:00:00+00:00
26.0,74,1008.2,9.4,0,2025-04-07 20:00:00+00:00
25.7,77,1007.8,9.7,0,2025-04-07 21:00:00+00:00
25.5,82,1007.5,7.8,0,2025-04-07 22:00:00+00:00
25.2,87,1007.5,8.1,0,2025-04-07 23:00:00+00:00
25.1,89,1007.8,7.7,0,2025-04-08 00:00:00+00:00
25.2,90,1008.3,7.7,0,2025-04-08 01:00:00+00:00
25.3,91,1008.9,7.0,0,2025-04-08 02:00:00+00:00
26.8,82,1009.7,6.5,0,2025-04-08 03:00:00+00:00
28.5,71,1010.4,8.3,0,2025-04-08 04:00:00+00:00
29.8,63,1010.8,11.0,0,2025-04-08 05:00:00+00:00
30.4,61,1010.9,12.6,0,2025-04-08 06:00:00+00:00
31.2,56,1010.5,13.4,0,2025-04-08 07:00:00+00:00
31.5,55,1009.8,14.1,0,2025-04-08 08:00:00+00:00
31.6,55,1009.2,14.3,0,2025-04-08 09:00:00+00:00
31.4,53,1008.7,13.6,0,2025-04-08 10:00:00+00:00
31.3,51,1008.0,12.6,1,2025-04-08 11:00:00+00:00
30.9,52,1008.0,11.5,96,2025-04-08 12:00:00+00:00
29.9,59,1008.6,10.4,51,2025-04-08 13:00:00+00:00
28.4,68,1009.0,8.3,51,2025-04-08 14:00:00+00:00
27.5,75,1009.6,7.9,100,2025-04-08 15:00:00+00:00
26.8,80,1010.0,6.1,100,2025-04-08 16:00:00+00:00
26.3,85,1010.1,5.5,99,2025-04-08 17:00:00+00:00
26.0,88,1010.1,4.8,100,2025-04-08 18:00:00+00:00
25.7,88,1010.0,5.4,99,2025-04-08 19:00:00+00:00
25.5,88,1009.3,5.6,95,2025-04-08 20:00:00+00:00
25.2,88,1008.8,5.7,88,2025-04-08 21:00:00+00:00
24.9,90,1008.7,5.4,100,2025-04-08 22:00:00+00:00
24.6,93,1008.7,6.3,99,2025-04-08 23:00:00+00:00
24.6,96,1009.0,7.7,52,2025-04-09 00:00:00+00:00
24.8,95,1009.0,9.4,19,2025-04-09 01:00:00+00:00
25.2,94,1009.4,9.8,28,2025-04-09 02:00:00+00:00
26.6,84,1010.1,11.7,24,2025-04-09 03:00:00+00:00
28.0,77,1010.7,10.4,10,2025-04-09 04:00:00+00:00
29.1,71,1010.8,11.5,20,2025-04-09 05:00:00+00:00
30.1,65,1010.8,12.9,96,2025-04-09 06:00:00+00:00
30.9,60,1010.3,13.8,100,2025-04-09 07:00:00+00:00
31.5,55,1009.5,14.4,13,2025-04-09 08:00:00+00:00
31.4,56,1008.4,15.2,22,2025-04-09 09:00:00+00:00
31.3,54,1007.5,14.6,37,2025-04-09 10:00:00+00:00
31.1,55,1006.9,13.5,7,2025-04-09 11:00:00+00:00
30.5,59,1006.8,12.0,22,2025-04-09 12:00:00+00:00
30.2,57,1006.7,9.7,26,2025-04-09 13:00:00+00:00
28.3,68,1006.4,7.9,70,2025-04-09 14:00:00+00:00
27.0,78,1006.7,8.1,16,2025-04-09 15:00:00+00:00
26.2,86,1007.3,8.0,1,2025-04-09 16:00:00+00:00
25.9,89,1007.9,7.0,0,2025-04-09 17:00:00+00:00
25.8,92,1008.1,10.4,12,2025-04-09 18:00:00+00:00
25.7,93,1007.7,11.3,44,2025-04-09 19:00:00+00:00
25.6,92,1007.0,11.0,40,2025-04-09 20:00:00+00:00
25.4,92,1006.2,10.3,39,2025-04-09 21:00:00+00:00
25.2,91,1005.9,11.2,37,2025-04-09 22:00:00+00:00
25.0,93,1005.7,10.9,16,2025-04-09 23:00:00+00:00
24.7,94,1005.7,9.6,8,2025-04-10 00:00:00+00:00
25.2,94,1006.2,10.0,41,2025-04-10 01:00:00+00:00
25.4,92,1006.5,10.3,18,2025-04-10 02:00:00+00:00
26.7,83,1007.2,13.1,75,2025-04-10 03:00:00+00:00
28.3,73,1007.5,11.8,26,2025-04-10 04:00:00+00:00
30.0,62,1007.5,12.6,11,2025-04-10 05:00:00+00:00
31.3,54,1007.1,13.1,62,2025-04-10 06:00:00+00:00
31.7,53,1006.2,14.6,76,2025-04-10 07:00:00+00:00
31.5,57,1005.3,15.4,39,2025-04-10 08:00:00+00:00
30.9,61,1004.1,15.4,80,2025-04-10 09:00:00+00:00
30.7,60,1003.0,15.3,3,2025-04-10 10:00:00+00:00
30.3,60,1003.0,13.4,36,2025-04-10 11:00:00+00:00
29.9,61,1003.0,12.0,41,2025-04-10 12:00:00+00:00
29.0,66,1002.4,12.1,79,2025-04-10 13:00:00+00:00
27.1,81,1002.2,12.4,0,2025-04-10 14:00:00+00:00
26.6,84,1003.1,13.2,36,2025-04-10 15:00:00+00:00
26.6,84,1003.5,10.3,7,2025-04-10 16:00:00+00:00
26.3,87,1003.7,7.8,1,2025-04-10 17:00:00+00:00
25.9,90,1003.6,8.2,9,2025-04-10 18:00:00+00:00
25.6,92,1003.4,6.8,5,2025-04-10 19:00:00+00:00
25.4,93,1002.8,8.0,11,2025-04-10 20:00:00+00:00
25.3,94,1002.4,9.7,14,2025-04-10 21:00:00+00:00
25.3,93,1002.0,10.4,23,2025-04-10 22:00:00+00:00
25.3,94,1001.9,10.1,35,2025-04-10 23:00:00+00:00
25.3,93,1002.1,10.8,23,2025-04-11 00:00:00+00:00
25.6,92,1002.5,10.8,21,2025-04-11 01:00:00+00:00
25.8,90,1002.7,10.7,13,2025-04-11 02:00:00+00:00
27.0,82,1003.3,11.3,11,2025-04-11 03:00:00+00:00
28.4,74,1003.7,12.8,12,2025-04-11 04:00:00+00:00
29.8,66,1003.9,13.8,2,2025-04-11 05:00:00+00:00
30.9,60,1003.7,14.5,1,2025-04-11 06:00:00+00:00
31.5,56,1003.1,16.1,0,2025-04-11 07:00:00+00:00
31.9,55,1002.4,15.9,0,2025-04-11 08:00:00+00:00
32.4,51,1001.4,14.7,0,2025-04-11 09:00:00+00:00
32.0,55,1000.5,14.1,3,2025-04-11 10:00:00+00:00
30.9,62,999.9,14.0,1,2025-04-11 11:00:00+00:00
30.1,66,999.8,13.8,3,2025-04-11 12:00:00+00:00
28.8,71,1000.6,13.4,6,2025-04-11 13:00:00+00:00
27.7,77,1001.0,12.1,2,2025-04-11 14:00:00+00:00
27.3,81,1001.4,11.8,0,2025-04-11 15:00:00+00:00
27.0,83,1001.9,9.9,0,2025-04-11 16:00:00+00:00
26.9,83,1002.5,9.5,0,2025-04-11 17:00:00+00:00
26.7,84,1003.2,6.6,0,2025-04-11 18:00:00+00:00
26.4,85,1003.0,7.6,0,2025-04-11 19:00:00+00:00
26.2,85,1002.7,7.6,0,2025-04-11 20:00:00+00:00
25.9,86,1002.5,7.5,0,2025-04-11 21:00:00+00:00
25.8,87,1002.4,7.3,0,2025-04-11 22:00:00+00:00
25.6,87,1002.5,8.3,0,2025-04-11 23:00:00+00:00
25.5,87,1002.7,8.3,0,2025-04-12 00:00:00+00:00
25.6,88,1003.2,8.9,0,2025-04-12 01:00:00+00:00
25.9,84,1004.0,10.1,0,2025-04-12 02:00:00+00:00
27.7,75,1004.5,9.2,0,2025-04-12 03:00:00+00:00
30.5,55,1005.3,12.6,0,2025-04-12 04:00:00+00:00
32.7,43,1005.9,12.0,0,2025-04-12 05:00:00+00:00
34.4,35,1005.9,12.8,0,2025-04-12 06:00:00+00:00
35.3,31,1005.6,14.2,0,2025-04-12 07:00:00+00:00
35.3,33,1005.4,14.5,0,2025-04-12 08:00:00+00:00
34.9,36,1004.9,14.4,0,2025-04-12 09:00:00+00:00
34.6,37,1004.5,14.4,0,2025-04-12 10:00:00+00:00
33.6,43,1004.3,13.8,0,2025-04-12 11:00:00+00:00
32.1,49,1004.2,12.8,0,2025-04-12 12:00:00+00:00
30.0,65,1005.3,11.5,0,2025-04-12 13:00:00+00:00
28.6,73,1005.7,10.5,0,2025-04-12 14:00:00+00:00
28.1,76,1006.4,10.1,0,2025-04-12 15:00:00+00:00
27.8,76,1007.0,9.3,0,2025-04-12 16:00:00+00:00
27.5,78,1007.5,9.0,0,2025-04-12 17:00:00+00:00
27.2,79,1007.4,11.0,0,2025-04-12 18:00:00+00:00
27.0,79,1006.9,12.5,0,2025-04-12 19:00:00+00:00
26.8,79,1006.7,9.9,0,2025-04-12 20:00:00+00:00
26.5,78,1006.4,11.3,0,2025-04-12 21:00:00+00:00
26.3,79,1006.4,11.1,0,2025-04-12 22:00:00+00:00
26.1,81,1006.6,10.8,0,2025-04-12 23:00:00+00:00
25.8,83,1007.0,10.7,0,2025-04-13 00:00:00+00:00
25.8,88,1007.1,11.9,0,2025-04-13 01:00:00+00:00
26.2,86,1007.7,12.5,0,2025-04-13 02:00:00+00:00
27.6,78,1008.8,12.8,0,2025-04-13 03:00:00+00:00
29.3,67,1009.3,13.5,0,2025-04-13 04:00:00+00:00
30.8,59,1009.6,14.3,0,2025-04-13 05:00:00+00:00
31.9,54,1009.5,15.5,0,2025-04-13 06:00:00+00:00
32.8,50,1009.4,16.5,0,2025-04-13 07:00:00+00:00
33.0,49,1009.1,17.1,0,2025-04-13 08:00:00+00:00
32.7,52,1008.6,17.5,0,2025-04-13 09:00:00+00:00
32.1,56,1008.2,17.9,0,2025-04-13 10:00:00+00:00
31.3,59,1007.8,17.5,0,2025-04-13 11:00:00+00:00
30.6,64,1007.7,17.0,0,2025-04-13 12:00:00+00:00
29.2,71,1007.9,15.7,0,2025-04-13 13:00:00+00:00
27.7,82,1008.3,13.5,0,2025-04-13 14:00:00+00:00
27.3,85,1008.6,13.2,0,2025-04-13 15:00:00+00:00
27.0,88,1009.1,12.0,1,2025-04-13 16:00:00+00:00
26.7,90,1009.5,11.0,5,2025-04-13 17:00:00+00:00
26.5,88,1009.8,12.7,8,2025-04-13 18:00:00+00:00
26.3,89,1009.5,13.6,2,2025-04-13 19:00:00+00:00
26.0,91,1009.2,14.2,14,2025-04-13 20:00:00+00:00
25.9,90,1008.6,14.7,0,2025-04-13 21:00:00+00:00
26.0,85,1007.9,17.3,0,2025-04-13 22:00:00+00:00
26.0,83,1007.5,18.0,0,2025-04-13 23:00:00+00:00
25.8,83,1007.3,16.7,0,2025-04-14 00:00:00+00:00
25.9,84,1008.1,16.1,0,2025-04-14 01:00:00+00:00
26.2,83,1008.6,14.8,0,2025-04-14 02:00:00+00:00
27.4,80,1009.4,14.4,0,2025-04-14 03:00:00+00:00
29.2,69,1009.3,16.9,0,2025-04-14 04:00:00+00:00
30.7,61,1009.1,17.2,0,2025-04-14 05:00:00+00:00
31.6,57,1008.9,18.0,0,2025-04-14 06:00:00+00:00
32.0,57,1008.6,17.9,1,2025-04-14 07:00:00+00:00
31.6,62,1008.1,19.4,6,2025-04-14 08:00:00+00:00
31.4,61,1007.3,20.6,0,2025-04-14 09:00:00+00:00
31.1,62,1006.6,20.9,0,2025-04-14 10:00:00+00:00
30.6,65,1006.3,19.6,0,2025-04-14 11:00:00+00:00
30.1,68,1006.2,16.6,0,2025-04-14 12:00:00+00:00
29.0,75,1006.4,17.4,0,2025-04-14 13:00:00+00:00
27.7,82,1006.4,15.6,0,2025-04-14 14:00:00+00:00
27.6,84,1007.0,14.0,0,2025-04-14 15:00:00+00:00
27.3,85,1007.8,12.2,1,2025-04-14 16:00:00+00:00
27.0,88,1008.2,11.3,0,2025-04-14 17:00:00+00:00
26.9,87,1008.3,13.6,21,2025-04-14 18:00:00+00:00
26.7,88,1008.3,15.0,13,2025-04-14 19:00:00+00:00
26.6,87,1007.6,16.2,1,2025-04-14 20:00:00+00:00
26.4,86,1006.7,17.2,0,2025-04-14 21:00:00+00:00
26.2,86,1006.2,15.9,0,2025-04-14 22:00:00+00:00
26.0,89,1005.9,16.2,0,2025-04-14 23:00:00+00:00
25.9,88,1005.8,16.5,0,2025-04-15 00:00:00+00:00
25.9,92,1006.3,16.2,8,2025-04-15 01:00:00+00:00
26.2,91,1007.1,13.4,7,2025-04-15 02:00:00+00:00
27.7,82,1007.7,12.9,9,2025-04-15 03:00:00+00:00
29.5,71,1007.9,13.4,7,2025-04-15 04:00:00+00:00
31.1,63,1007.5,13.9,1,2025-04-15 05:00:00+00:00
32.1,60,1007.3,15.5,0,2025-04-15 06:00:00+00:00
32.6,59,1006.9,17.3,0,2025-04-15 07:00:00+00:00
32.7,58,1006.4,18.1,0,2025-04-15 08:00:00+00:00
32.6,57,1005.8,17.8,0,2025-04-15 09:00:00+00:00
32.0,59,1005.2,17.7,0,2025-04-15 10:00:00+00:00
31.2,63,1004.9,17.3,0,2025-04-15 11:00:00+00:00
30.2,71,1004.9,16.4,0,2025-04-15 12:00:00+00:00
29.5,73,1005.6,11.9,0,2025-04-15 13:00:00+00:00
28.4,81,1006.0,11.2,0,2025-04-15 14:00:00+00:00
28.0,84,1006.3,11.9,0,2025-04-15 15:00:00+00:00
27.6,86,1006.9,11.5,0,2025-04-15 16:00:00+00:00
27.3,88,1007.3,10.8,0,2025-04-15 17:00:00+00:00
27.0,88,1007.2,11.1,0,2025-04-15 18:00:00+00:00
26.8,88,1006.9,12.5,1,2025-04-15 19:00:00+00:00
26.7,88,1006.6,14.8,0,2025-04-15 20:00:00+00:00
26.6,87,1006.1,14.3,1,2025-04-15 21:00:00+00:00
26.3,90,1005.7,12.8,0,2025-04-15 22:00:00+00:00
26.1,90,1005.5,12.5,0,2025-04-15 23:00:00+00:00
26.0,90,1005.5,13.3,0,2025-04-16 00:00:00+00:00
26.3,88,1005.8,13.5,0,2025-04-16 01:00:00+00:00
26.7,86,1006.0,13.1,0,2025-04-16 02:00:00+00:00
28.0,78,1006.5,12.4,0,2025-04-16 03:00:00+00:00
29.8,67,1006.8,15.0,0,2025-04-16 04:00:00+00:00
31.5,58,1007.0,16.6,0,2025-04-16 05:00:00+00:00
32.5,53,1007.1,17.3,1,2025-04-16 06:00:00+00:00
33.0,50,1006.7,17.9,3,2025-04-16 07:00:00+00:00
33.2,51,1006.0,18.8,0,2025-04-16 08:00:00+00:00
33.1,50,1005.2,19.1,0,2025-04-16 09:00:00+00:00
32.6,52,1004.7,18.8,13,2025-04-16 10:00:00+00:00
31.8,57,1004.4,18.1,0,2025-04-16 11:00:00+00:00
30.8,62,1004.4,16.5,0,2025-04-16 12:00:00+00:00
29.5,66,1004.5,14.5,0,2025-04-16 13:00:00+00:00
28.5,72,1005.0,11.8,0,2025-04-16 14:00:00+00:00
28.0,75,1005.3,10.6,0,2025-04-16 15:00:00+00:00
27.8,77,1006.0,10.7,0,2025-04-16 16:00:00+00:00
27.7,75,1006.2,12.0,0,2025-04-16 17:00:00+00:00
27.5,75,1006.3,12.3,0,2025-04-16 18:00:00+00:00
27.2,76,1006.2,14.2,0,2025-04-16 19:00:00+00:00
27.0,78,1005.6,14.6,0,2025-04-16 20:00:00+00:00
26.8,80,1005.2,14.0,0,2025-04-16 21:00:00+00:00
26.5,82,1005.0,13.8,0,2025-04-16 22:00:00+00:00
26.4,82,1004.7,14.7,0,2025-04-16 23:00:00+00:00
26.4,81,1004.7,15.7,0,2025-04-17 00:00:00+00:00
26.6,81,1004.8,15.7,0,2025-04-17 01:00:00+00:00
27.0,79,1005.2,15.3,0,2025-04-17 02:00:00+00:00
28.4,75,1005.7,14.8,0,2025-04-17 03:00:00+00:00
30.2,63,1006.0,17.3,0,2025-04-17 04:00:00+00:00
31.8,53,1006.1,20.0,0,2025-04-17 05:00:00+00:00
32.8,48,1006.1,21.2,0,2025-04-17 06:00:00+00:00
33.4,46,1005.6,21.7,0,2025-04-17 07:00:00+00:00
33.6,45,1005.1,21.7,0,2025-04-17 08:00:00+00:00
33.4,48,1004.4,20.8,0,2025-04-17 09:00:00+00:00
33.0,50,1003.9,20.0,0,2025-04-17 10:00:00+00:00
32.2,54,1003.4,18.7,0,2025-04-17 11:00:00+00:00
31.2,60,1002.9,18.3,0,2025-04-17 12:00:00+00:00
30.1,64,1003.5,15.9,0,2025-04-17 13:00:00+00:00
28.7,72,1003.9,14.8,0,2025-04-17 14:00:00+00:00
28.3,75,1004.1,15.0,0,2025-04-17 15:00:00+00:00
28.1,75,1004.9,13.9,0,2025-04-17 16:00:00+00:00
28.1,74,1005.3,15.6,0,2025-04-17 17:00:00+00:00
27.8,74,1005.5,15.1,0,2025-04-17 18:00:00+00:00
27.3,79,1005.3,13.5,0,2025-04-17 19:00:00+00:00
27.1,81,1004.9,13.9,0,2025-04-17 20:00:00+00:00
26.9,82,1004.5,13.4,0,2025-04-17 21:00:00+00:00
26.6,83,1004.3,13.3,0,2025-04-17 22:00:00+00:00
26.4,84,1004.3,13.8,0,2025-04-17 23:00:00+00:00
26.3,84,1004.6,14.7,0,2025-04-18 00:00:00+00:00
26.4,84,1004.7,13.9,0,2025-04-18 01:00:00+00:00
26.9,79,1005.2,13.2,0,2025-04-18 02:00:00+00:00
28.5,70,1005.6,13.0,0,2025-04-18 03:00:00+00:00
30.4,56,1006.0,15.9,0,2025-04-18 04:00:00+00:00
31.4,51,1006.4,17.6,0,2025-04-18 05:00:00+00:00
32.0,49,1006.3,18.5,0,2025-04-18 06:00:00+00:00
32.1,53,1005.9,18.0,0,2025-04-18 07:00:00+00:00
32.2,54,1005.5,17.6,0,2025-04-18 08:00:00+00:00
32.0,54,1004.7,17.3,0,2025-04-18 09:00:00+00:00
31.6,55,1004.1,17.8,0,2025-04-18 10:00:00+00:00
31.0,59,1003.6,17.6,0,2025-04-18 11:00:00+00:00
30.1,64,1003.3,16.5,0,2025-04-18 12:00:00+00:00
29.1,71,1003.2,14.7,0,2025-04-18 13:00:00+00:00
28.2,78,1003.2,13.4,0,2025-04-18 14:00:00+00:00
27.6,83,1003.7,12.9,0,2025-04-18 15:00:00+00:00
27.3,86,1004.0,12.6,0,2025-04-18 16:00:00+00:00
27.0,88,1004.2,12.9,0,2025-04-18 17:00:00+00:00
26.9,86,1004.2,13.4,0,2025-04-18 18:00:00+00:00
26.8,84,1003.9,12.9,0,2025-04-18 19:00:00+00:00
26.6,86,1003.5,11.8,0,2025-04-18 20:00:00+00:00
26.4,87,1003.1,13.0,1,2025-04-18 21:00:00+00:00
26.4,86,1002.5,14.2,0,2025-04-18 22:00:00+00:00
26.3,86,1002.2,13.9,0,2025-04-18 23:00:00+00:00
26.4,83,1002.5,14.7,0,2025-04-19 00:00:00+00:00
26.9,79,1002.8,15.5,0,2025-04-19 01:00:00+00:00
27.4,76,1003.7,14.4,0,2025-04-19 02:00:00+00:00
28.7,70,1004.6,14.4,0,2025-04-19 03:00:00+00:00
30.1,63,1005.1,14.5,0,2025-04-19 04:00:00+00:00
31.4,56,1005.2,14.3,0,2025-04-19 05:00:00+00:00
32.6,52,1005.2,14.1,0,2025-04-19 06:00:00+00:00
33.5,49,1004.9,13.9,0,2025-04-19 07:00:00+00:00
34.1,45,1004.3,15.1,0,2025-04-19 08:00:00+00:00
34.4,42,1003.6,16.0,0,2025-04-19 09:00:00+00:00
34.7,38,1003.0,16.1,0,2025-04-19 10:00:00+00:00
34.4,34,1002.2,15.4,0,2025-04-19 11:00:00+00:00
33.6,31,1002.0,13.8,0,2025-04-19 12:00:00+00:00
31.4,46,1002.4,12.7,0,2025-04-19 13:00:00+00:00
30.0,53,1002.9,10.9,0,2025-04-19 14:00:00+00:00
29.6,52,1003.4,10.0,0,2025-04-19 15:00:00+00:00
29.5,50,1004.0,11.0,0,2025-04-19 16:00:00+00:00
29.3,46,1004.4,14.4,0,2025-04-19 17:00:00+00:00
28.9,49,1004.5,16.7,0,2025-04-19 18:00:00+00:00
28.3,56,1004.5,16.2,0,2025-04-19 19:00:00+00:00
27.8,59,1004.1,14.9,0,2025-04-19 20:00:00+00:00
27.2,65,1003.8,13.0,0,2025-04-19 21:00:00+00:00
26.5,71,1003.5,12.5,0,2025-04-19 22:00:00+00:00
26.0,73,1003.6,10.8,0,2025-04-19 23:00:00+00:00
25.5,73,1003.9,9.3,0,2025-04-20 00:00:00+00:00
25.5,78,1004.4,8.4,0,2025-04-20 01:00:00+00:00
25.7,69,1005.0,8.2,0,2025-04-20 02:00:00+00:00
28.1,50,1005.8,7.3,0,2025-04-20 03:00:00+00:00
32.1,21,1006.6,7.5,0,2025-04-20 04:00:00+00:00
35.1,11,1007.1,8.4,0,2025-04-20 05:00:00+00:00
36.9,8,1007.0,7.6,0,2025-04-20 06:00:00+00:00
38.0,8,1006.5,7.6,0,2025-04-20 07:00:00+00:00
38.7,8,1005.7,11.0,0,2025-04-20 08:00:00+00:00
38.8,8,1005.1,14.3,0,2025-04-20 09:00:00+00:00
38.5,9,1004.5,16.3,0,2025-04-20 10:00:00+00:00
37.7,9,1004.4,16.9,0,2025-04-20 11:00:00+00:00
36.7,10,1004.5,16.2,0,2025-04-20 12:00:00+00:00
33.5,24,1005.3,13.3,0,2025-04-20 13:00:00+00:00
30.0,49,1005.8,12.8,0,2025-04-20 14:00:00+00:00
29.1,51,1006.3,12.1,0,2025-04-20 15:00:00+00:00
28.8,50,1006.9,11.1,0,2025-04-20 16:00:00+00:00
28.4,51,1007.3,10.6,0,2025-04-20 17:00:00+00:00
27.6,57,1007.9,12.8,0,2025-04-20 18:00:00+00:00
27.1,61,1007.5,11.7,0,2025-04-20 19:00:00+00:00
26.5,63,1007.2,12.0,0,2025-04-20 20:00:00+00:00
26.0,65,1006.7,11.2,0,2025-04-20 21:00:00+00:00
26.0,62,1006.5,11.3,0,2025-04-20 22:00:00+00:00
26.1,57,1006.4,11.3,0,2025-04-20 23:00:00+00:00
25.6,58,1006.7,9.4,0,2025-04-21 00:00:00+00:00
25.2,69,1007.2,8.2,0,2025-04-21 01:00:00+00:00
25.3,69,1008.0,6.9,0,2025-04-21 02:00:00+00:00
27.1,58,1009.0,4.0,0,2025-04-21 03:00:00+00:00
30.5,35,1009.6,4.3,0,2025-04-21 04:00:00+00:00
33.8,18,1009.8,3.0,0,2025-04-21 05:00:00+00:00
35.9,10,1009.7,2.7,0,2025-04-21 06:00:00+00:00
36.9,9,1009.3,6.7,0,2025-04-21 07:00:00+00:00
37.8,9,1008.6,9.6,0,2025-04-21 08:00:00+00:00
38.2,8,1007.9,13.5,0,2025-04-21 09:00:00+00:00
37.1,13,1007.5,17.5,0,2025-04-21 10:00:00+00:00
35.0,21,1007.2,18.1,0,2025-04-21 11:00:00+00:00
33.4,30,1007.4,15.1,0,2025-04-21 12:00:00+00:00
31.2,46,1008.3,12.6,0,2025-04-21 13:00:00+00:00
29.5,56,1008.9,10.1,0,2025-04-21 14:00:00+00:00
28.7,60,1009.4,9.7,0,2025-04-21 15:00:00+00:00
28.2,64,1009.8,10.9,0,2025-04-21 16:00:00+00:00
28.0,62,1010.0,10.7,0,2025-04-21 17:00:00+00:00
27.3,66,1010.5,8.8,0,2025-04-21 18:00:00+00:00
26.5,72,1010.5,7.2,0,2025-04-21 19:00:00+00:00
26.1,74,1010.1,6.2,0,2025-04-21 20:00:00+00:00
25.7,74,1009.8,5.6,0,2025-04-21 21:00:00+00:00
25.4,75,1009.3,6.8,0,2025-04-21 22:00:00+00:00
25.4,73,1009.2,8.6,0,2025-04-21 23:00:00+00:00
25.6,71,1009.4,9.7,0,2025-04-22 00:00:00+00:00
25.2,75,1009.9,6.8,0,2025-04-22 01:00:00+00:00
25.0,77,1010.6,4.9,0,2025-04-22 02:00:00+00:00
26.3,72,1011.3,2.2,0,2025-04-22 03:00:00+00:00
28.8,59,1011.8,1.0,0,2025-04-22 04:00:00+00:00
31.7,44,1011.7,0.4,0,2025-04-22 05:00:00+00:00
34.4,32,1011.4,1.8,0,2025-04-22 06:00:00+00:00
35.5,31,1010.7,6.8,0,2025-04-22 07:00:00+00:00
35.2,41,1009.9,11.9,0,2025-04-22 08:00:00+00:00
35.5,34,1009.3,13.7,0,2025-04-22 09:00:00+00:00
35.7,23,1008.6,14.0,0,2025-04-22 10:00:00+00:00
35.0,24,1008.2,13.5,0,2025-04-22 11:00:00+00:00
33.2,32,1008.0,12.4,0,2025-04-22 12:00:00+00:00
30.7,54,1009.0,11.8,0,2025-04-22 13:00:00+00:00
28.8,67,1009.1,10.1,0,2025-04-22 14:00:00+00:00
27.9,74,1009.4,8.9,0,2025-04-22 15:00:00+00:00
27.4,79,1009.9,8.3,0,2025-04-22 16:00:00+00:00
26.9,82,1010.2,8.3,0,2025-04-22 17:00:00+00:00
26.5,84,1010.1,8.2,0,2025-04-22 18:00:00+00:00
26.0,86,1009.9,8.9,0,2025-04-22 19:00:00+00:00
25.6,89,1009.3,9.1,0,2025-04-22 20:00:00+00:00
25.4,88,1008.9,7.6,0,2025-04-22 21:00:00+00:00
25.0,88,1008.5,5.7,0,2025-04-22 22:00:00+00:00
24.8,87,1008.2,5.7,0,2025-04-22 23:00:00+00:00
24.5,88,1008.1,6.3,0,2025-04-23 00:00:00+00:00
24.3,91,1008.6,5.6,0,2025-04-23 01:00:00+00:00
24.4,90,1009.0,5.5,0,2025-04-23 02:00:00+00:00
26.3,80,1009.6,3.5,0,2025-04-23 03:00:00+00:00
28.9,66,1009.7,6.2,0,2025-04-23 04:00:00+00:00
31.3,54,1009.5,8.3,0,2025-04-23 05:00:00+00:00
33.0,46,1009.0,10.8,0,2025-04-23 06:00:00+00:00
34.1,42,1008.4,13.3,0,2025-04-23 07:00:00+00:00
35.0,36,1007.4,15.1,0,2025-04-23 08:00:00+00:00
35.2,33,1006.5,15.3,0,2025-04-23 09:00:00+00:00
34.7,35,1005.6,15.4,0,2025-04-23 10:00:00+00:00
33.7,38,1005.0,15.3,0,2025-04-23 11:00:00+00:00
32.5,42,1004.8,14.9,0,2025-04-23 12:00:00+00:00
30.8,54,1005.1,12.4,0,2025-04-23 13:00:00+00:00
29.1,64,1005.1,10.7,0,2025-04-23 14:00:00+00:00
28.4,67,1005.7,6.8,0,2025-04-23 15:00:00+00:00
27.8,74,1006.0,6.6,0,2025-04-23 16:00:00+00:00
27.3,79,1006.5,7.6,0,2025-04-23 17:00:00+00:00
27.1,76,1006.5,9.1,0,2025-04-23 18:00:00+00:00
26.8,77,1005.9,9.6,0,2025-04-23 19:00:00+00:00
26.3,80,1006.1,8.4,0,2025-04-23 20:00:00+00:00
26.1,82,1005.3,7.4,0,2025-04-23 21:00:00+00:00
25.9,84,1004.9,9.9,0,2025-04-23 22:00:00+00:00
25.9,84,1004.5,9.3,0,2025-04-23 23:00:00+00:00
25.7,86,1004.6,9.3,0,2025-04-24 00:00:00+00:00
25.6,91,1005.1,9.6,0,2025-04-24 01:00:00+00:00
26.2,88,1005.6,9.6,0,2025-04-24 02:00:00+00:00
28.0,77,1006.3,7.9,0,2025-04-24 03:00:00+00:00
30.3,61,1006.8,10.4,0,2025-04-24 04:00:00+00:00
32.2,48,1006.9,12.5,0,2025-04-24 05:00:00+00:00
33.2,44,1006.8,14.3,0,2025-04-24 06:00:00+00:00
33.8,43,1006.2,16.4,0,2025-04-24 07:00:00+00:00
33.7,45,1005.2,18.3,0,2025-04-24 08:00:00+00:00
33.3,47,1004.4,18.1,0,2025-04-24 09:00:00+00:00
33.0,48,1003.8,17.5,0,2025-04-24 10:00:00+00:00
32.4,48,1003.3,17.1,0,2025-04-24 11:00:00+00:00
31.4,54,1003.2,15.9,0,2025-04-24 12:00:00+00:00
29.9,66,1003.4,11.4,0,2025-04-24 13:00:00+00:00
28.8,73,1003.8,9.4,1,2025-04-24 14:00:00+00:00
28.0,80,1004.2,8.7,0,2025-04-24 15:00:00+00:00
27.6,85,1004.9,8.7,0,2025-04-24 16:00:00+00:00
27.2,88,1005.5,7.1,0,2025-04-24 17:00:00+00:00
27.1,89,1005.5,9.6,0,2025-04-24 18:00:00+00:00
26.7,89,1005.6,6.7,0,2025-04-24 19:00:00+00:00
26.3,91,1005.0,4.7,0,2025-04-24 20:00:00+00:00
26.0,94,1004.3,5.4,0,2025-04-24 21:00:00+00:00
25.8,96,1003.9,7.1,0,2025-04-24 22:00:00+00:00
25.8,95,1004.0,7.9,0,2025-04-24 23:00:00+00:00
25.6,95,1004.7,8.5,0,2025-04-25 00:00:00+00:00
25.5,97,1005.2,6.7,1,2025-04-25 01:00:00+00:00
26.1,96,1005.9,8.1,4,2025-04-25 02:00:00+00:00
27.5,87,1006.5,7.9,6,2025-04-25 03:00:00+00:00
29.4,74,1007.2,7.1,0,2025-04-25 04:00:00+00:00
31.2,64,1007.3,8.9,0,2025-04-25 05:00:00+00:00
32.1,60,1007.1,11.8,0,2025-04-25 06:00:00+00:00
32.5,59,1006.6,13.8,0,2025-04-25 07:00:00+00:00
33.0,58,1005.7,14.7,0,2025-04-25 08:00:00+00:00
33.1,57,1004.9,15.3,0,2025-04-25 09:00:00+00:00
33.0,56,1004.0,14.9,0,2025-04-25 10:00:00+00:00
31.9,62,1003.6,15.4,0,2025-04-25 11:00:00+00:00
31.0,65,1003.3,10.6,2,2025-04-25 12:00:00+00:00
29.6,71,1003.6,8.3,2,2025-04-25 13:00:00+00:00
28.9,69,1003.9,11.4,1,2025-04-25 14:00:00+00:00
28.6,69,1003.8,9.1,0,2025-04-25 15:00:00+00:00
28.2,69,1004.6,6.4,0,2025-04-25 16:00:00+00:00
27.8,71,1005.4,5.9,0,2025-04-25 17:00:00+00:00
27.4,73,1005.4,6.6,0,2025-04-25 18:00:00+00:00
27.2,73,1005.1,7.3,0,2025-04-25 19:00:00+00:00
27.1,71,1004.5,8.3,0,2025-04-25 20:00:00+00:00
27.0,69,1004.1,11.4,0,2025-04-25 21:00:00+00:00
27.0,70,1003.6,12.1,0,2025-04-25 22:00:00+00:00
27.2,67,1003.3,12.1,0,2025-04-25 23:00:00+00:00
27.1,66,1003.5,12.3,0,2025-04-26 00:00:00+00:00
27.3,73,1003.7,11.7,0,2025-04-26 01:00:00+00:00
27.8,71,1004.5,10.3,0,2025-04-26 02:00:00+00:00
29.6,64,1005.2,8.0,0,2025-04-26 03:00:00+00:00
31.7,55,1005.6,9.0,0,2025-04-26 04:00:00+00:00
33.7,47,1005.8,8.8,0,2025-04-26 05:00:00+00:00
35.5,41,1005.7,10.1,0,2025-04-26 06:00:00+00:00
36.7,37,1005.0,12.6,0,2025-04-26 07:00:00+00:00
37.3,35,1004.4,14.9,0,2025-04-26 08:00:00+00:00
37.4,34,1003.6,16.1,0,2025-04-26 09:00:00+00:00
37.0,34,1003.1,16.5,0,2025-04-26 10:00:00+00:00
35.4,40,1002.7,17.3,0,2025-04-26 11:00:00+00:00
33.5,49,1002.8,18.0,0,2025-04-26 12:00:00+00:00
32.3,52,1003.4,13.8,0,2025-04-26 13:00:00+00:00
30.8,58,1003.7,12.1,2,2025-04-26 14:00:00+00:00
30.1,61,1004.1,11.9,5,2025-04-26 15:00:00+00:00
29.5,64,1004.8,8.8,2,2025-04-26 16:00:00+00:00
29.5,61,1005.4,6.7,2,2025-04-26 17:00:00+00:00
29.0,62,1005.8,8.9,13,2025-04-26 18:00:00+00:00
28.4,64,1005.5,7.6,21,2025-04-26 19:00:00+00:00
27.9,67,1005.4,7.0,1,2025-04-26 20:00:00+00:00
27.5,69,1004.8,6.0,0,2025-04-26 21:00:00+00:00
27.2,73,1004.5,7.8,0,2025-04-26 22:00:00+00:00
27.0,77,1004.5,8.3,0,2025-04-26 23:00:00+00:00
26.9,79,1004.7,8.4,0,2025-04-27 00:00:00+00:00
26.6,86,1005.0,8.7,0,2025-04-27 01:00:00+00:00
27.2,84,1005.6,9.2,0,2025-04-27 02:00:00+00:00
29.0,75,1005.9,8.5,0,2025-04-27 03:00:00+00:00
31.1,61,1006.3,10.6,0,2025-04-27 04:00:00+00:00
32.8,51,1006.8,13.0,0,2025-04-27 05:00:00+00:00
33.7,47,1006.8,15.0,0,2025-04-27 06:00:00+00:00
34.5,43,1006.5,16.4,0,2025-04-27 07:00:00+00:00
34.9,41,1006.0,17.3,0,2025-04-27 08:00:00+00:00
35.0,39,1005.4,17.3,0,2025-04-27 09:00:00+00:00
34.8,41,1004.9,16.3,0,2025-04-27 10:00:00+00:00
34.3,40,1004.4,15.8,1,2025-04-27 11:00:00+00:00
33.0,48,1004.4,14.1,2,2025-04-27 12:00:00+00:00
31.4,60,1004.5,11.8,0,2025-04-27 13:00:00+00:00
30.3,65,1004.8,7.7,1,2025-04-27 14:00:00+00:00
29.6,69,1005.2,5.9,1,2025-04-27 15:00:00+00:00
29.1,72,1005.8,6.5,1,2025-04-27 16:00:00+00:00
28.7,75,1006.2,5.5,0,2025-04-27 17:00:00+00:00
28.5,77,1006.2,5.1,10,2025-04-27 18:00:00+00:00
28.2,75,1006.0,6.3,0,2025-04-27 19:00:00+00:00
27.9,75,1005.3,5.7,1,2025-04-27 20:00:00+00:00
27.5,77,1004.6,7.6,0,2025-04-27 21:00:00+00:00
27.3,79,1004.1,8.3,0,2025-04-27 22:00:00+00:00
27.1,81,1003.8,8.4,0,2025-04-27 23:00:00+00:00
27.1,82,1003.8,10.0,0,2025-04-28 00:00:00+00:00
27.0,85,1003.8,10.3,0,2025-04-28 01:00:00+00:00
27.7,79,1004.1,10.3,0,2025-04-28 02:00:00+00:00
29.9,68,1004.4,9.6,0,2025-04-28 03:00:00+00:00
31.9,57,1004.6,14.1,0,2025-04-28 04:00:00+00:00
33.7,46,1004.8,16.7,0,2025-04-28 05:00:00+00:00
35.1,38,1004.6,17.8,0,2025-04-28 06:00:00+00:00
35.7,36,1004.3,18.4,0,2025-04-28 07:00:00+00:00
35.6,37,1003.8,17.8,0,2025-04-28 08:00:00+00:00
35.5,38,1003.2,17.8,0,2025-04-28 09:00:00+00:00
35.3,38,1002.3,17.3,0,2025-04-28 10:00:00+00:00
34.6,42,1001.8,15.9,0,2025-04-28 11:00:00+00:00
33.7,45,1001.6,14.4,0,2025-04-28 12:00:00+00:00
32.3,50,1002.1,12.4,0,2025-04-28 13:00:00+00:00
30.9,58,1002.6,9.9,0,2025-04-28 14:00:00+00:00
30.3,62,1003.0,9.5,0,2025-04-28 15:00:00+00:00
29.9,63,1003.6,8.5,0,2025-04-28 16:00:00+00:00
29.7,62,1003.9,8.5,0,2025-04-28 17:00:00+00:00
29.5,62,1004.0,10.8,0,2025-04-28 18:00:00+00:00
29.4,61,1003.5,13.2,0,2025-04-28 19:00:00+00:00
29.3,60,1003.0,13.5,0,2025-04-28 20:00:00+00:00
29.2,59,1002.4,13.5,0,2025-04-28 21:00:00+00:00
29.1,59,1002.0,13.2,18,2025-04-28 22:00:00+00:00
29.1,58,1002.0,14.6,6,2025-04-28 23:00:00+00:00
29.2,57,1002.1,15.3,18,2025-04-29 00:00:00+00:00
29.2,56,1002.5,14.0,19,2025-04-29 01:00:00+00:00
29.6,55,1003.3,13.5,2,2025-04-29 02:00:00+00:00
31.3,53,1003.6,13.3,47,2025-04-29 03:00:00+00:00
33.0,45,1004.1,17.8,45,2025-04-29 04:00:00+00:00
34.3,39,1004.3,19.3,37,2025-04-29 05:00:00+00:00
35.0,37,1004.4,20.3,50,2025-04-29 06:00:00+00:00
35.3,37,1003.9,19.9,10,2025-04-29 07:00:00+00:00
35.2,39,1003.7,19.3,13,2025-04-29 08:00:00+00:00
35.0,41,1002.9,18.8,41,2025-04-29 09:00:00+00:00
34.7,41,1002.2,18.2,63,2025-04-29 10:00:00+00:00
34.3,43,1001.7,17.5,7,2025-04-29 11:00:00+00:00
33.5,44,1001.4,16.9,0,2025-04-29 12:00:00+00:00
32.3,51,1001.8,14.7,7,2025-04-29 13:00:00+00:00
30.9,57,1002.3,11.4,3,2025-04-29 14:00:00+00:00
30.4,61,1003.0,8.5,87,2025-04-29 15:00:00+00:00
30.1,61,1003.3,9.1,94,2025-04-29 16:00:00+00:00
29.8,62,1004.1,8.5,100,2025-04-29 17:00:00+00:00
29.4,64,1004.2,9.1,87,2025-04-29 18:00:00+00:00
29.0,66,1004.3,10.3,95,2025-04-29 19:00:00+00:00
28.6,68,1003.9,11.5,22,2025-04-29 20:00:00+00:00
28.4,69,1003.5,13.5,13,2025-04-29 21:00:00+00:00
28.4,70,1003.3,14.1,94,2025-04-29 22:00:00+00:00
28.3,69,1003.6,14.4,83,2025-04-29 23:00:00+00:00
28.3,68,1003.9,13.5,96,2025-04-30 00:00:00+00:00
28.3,67,1004.0,14.2,30,2025-04-30 01:00:00+00:00
28.9,62,1004.7,14.0,5,2025-04-30 02:00:00+00:00
30.4,60,1005.1,11.4,2,2025-04-30 03:00:00+00:00
32.4,49,1005.6,14.6,5,2025-04-30 04:00:00+00:00
33.9,40,1005.9,16.7,8,2025-04-30 05:00:00+00:00
34.4,39,1005.8,19.3,14,2025-04-30 06:00:00+00:00
35.2,36,1005.5,20.2,17,2025-04-30 07:00:00+00:00
35.5,37,1005.1,19.2,84,2025-04-30 08:00:00+00:00
35.1,41,1004.4,18.5,88,2025-04-30 09:00:00+00:00
34.1,48,1003.7,17.6,86,2025-04-30 10:00:00+00:00
33.2,53,1003.4,17.1,25,2025-04-30 11:00:00+00:00
32.4,55,1003.3,17.3,99,2025-04-30 12:00:00+00:00
31.5,54,1003.6,15.8,61,2025-04-30 13:00:00+00:00
30.5,58,1004.2,13.3,1,2025-04-30 14:00:00+00:00
30.0,63,1004.9,11.1,1,2025-04-30 15:00:00+00:00
29.8,63,1005.6,11.2,0,2025-04-30 16:00:00+00:00
29.5,63,1005.9,12.2,0,2025-04-30 17:00:00+00:00
29.1,65,1005.8,11.9,0,2025-04-30 18:00:00+00:00
28.8,66,1005.6,12.1,0,2025-04-30 19:00:00+00:00
28.4,68,1005.1,12.0,0,2025-04-30 20:00:00+00:00
28.2,70,1004.7,12.3,0,2025-04-30 21:00:00+00:00
27.9,71,1004.4,12.4,0,2025-04-30 22:00:00+00:00
27.9,71,1004.3,13.5,0,2025-04-30 23:00:00+00:00
27.9,72,1004.4,13.9,0,2025-05-01 00:00:00+00:00
27.7,78,1004.6,13.5,0,2025-05-01 01:00:00+00:00
28.1,78,1005.1,12.1,0,2025-05-01 02:00:00+00:00
29.6,73,1005.7,12.9,0,2025-05-01 03:00:00+00:00
31.1,63,1006.0,15.5,0,2025-05-01 04:00:00+00:00
32.2,57,1006.5,17.3,0,2025-05-01 05:00:00+00:00
32.8,54,1006.6,18.3,0,2025-05-01 06:00:00+00:00
33.2,53,1006.5,19.7,0,2025-05-01 07:00:00+00:00
33.6,50,1006.0,20.5,0,2025-05-01 08:00:00+00:00
33.2,54,1005.3,20.4,0,2025-05-01 09:00:00+00:00
32.6,57,1004.7,20.4,0,2025-05-01 10:00:00+00:00
32.3,60,1004.9,17.6,0,2025-05-01 11:00:00+00:00
31.7,59,1005.0,16.7,2,2025-05-01 12:00:00+00:00
31.4,59,1004.8,12.7,0,2025-05-01 13:00:00+00:00
30.1,67,1004.9,11.4,0,2025-05-01 14:00:00+00:00
29.4,71,1005.5,10.4,0,2025-05-01 15:00:00+00:00
29.3,71,1006.4,11.1,0,2025-05-01 16:00:00+00:00
29.1,70,1006.9,13.6,0,2025-05-01 17:00:00+00:00
28.8,72,1006.7,12.4,5,2025-05-01 18:00:00+00:00
28.5,75,1006.1,13.1,0,2025-05-01 19:00:00+00:00
28.2,77,1005.6,13.9,0,2025-05-01 20:00:00+00:00
28.1,78,1005.1,13.5,0,2025-05-01 21:00:00+00:00
27.9,79,1004.8,13.7,2,2025-05-01 22:00:00+00:00
27.8,79,1004.8,13.5,11,2025-05-01 23:00:00+00:00
27.7,78,1005.0,13.5,0,2025-05-02 00:00:00+00:00
27.8,78,1004.8,13.4,1,2025-05-02 01:00:00+00:00
28.3,78,1005.2,11.8,1,2025-05-02 02:00:00+00:00
29.5,73,1006.0,14.8,0,2025-05-02 03:00:00+00:00
30.8,66,1006.5,16.8,0,2025-05-02 04:00:00+00:00
31.7,60,1006.8,18.2,0,2025-05-02 05:00:00+00:00
32.4,57,1006.6,19.1,1,2025-05-02 06:00:00+00:00
32.9,56,1006.2,19.8,4,2025-05-02 07:00:00+00:00
33.2,54,1005.7,19.6,0,2025-05-02 08:00:00+00:00
33.2,56,1004.8,19.7,0,2025-05-02 09:00:00+00:00
32.8,58,1004.1,18.6,0,2025-05-02 10:00:00+00:00
32.4,61,1003.8,16.7,11,2025-05-02 11:00:00+00:00
31.5,64,1003.4,16.1,51,2025-05-02 12:00:00+00:00
30.3,71,1003.4,15.2,94,2025-05-02 13:00:00+00:00
29.4,77,1003.8,11.2,100,2025-05-02 14:00:00+00:00
29.1,79,1004.4,8.8,93,2025-05-02 15:00:00+00:00
28.8,81,1004.7,9.0,0,2025-05-02 16:00:00+00:00
28.6,81,1004.9,9.2,0,2025-05-02 17:00:00+00:00
28.4,80,1005.0,11.4,0,2025-05-02 18:00:00+00:00
28.2,80,1004.5,11.7,0,2025-05-02 19:00:00+00:00
28.0,81,1003.9,10.4,0,2025-05-02 20:00:00+00:00
27.8,82,1003.8,10.0,0,2025-05-02 21:00:00+00:00
27.5,84,1003.5,11.2,12,2025-05-02 22:00:00+00:00
27.3,87,1003.3,11.2,0,2025-05-02 23:00:00+00:00
27.2,87,1003.4,11.9,0,2025-05-03 00:00:00+00:00
27.5,89,1003.7,10.3,0,2025-05-03 01:00:00+00:00
27.9,88,1004.2,8.8,0,2025-05-03 02:00:00+00:00
29.3,78,1004.7,10.2,0,2025-05-03 03:00:00+00:00
30.9,69,1005.0,12.1,0,2025-05-03 04:00:00+00:00
32.2,61,1005.0,13.8,0,2025-05-03 05:00:00+00:00
33.4,55,1004.9,15.1,0,2025-05-03 06:00:00+00:00
34.0,52,1004.4,17.0,0,2025-05-03 07:00:00+00:00
34.4,48,1003.4,18.1,0,2025-05-03 08:00:00+00:00
34.1,50,1002.6,18.2,5,2025-05-03 09:00:00+00:00
33.6,54,1001.9,16.1,17,2025-05-03 10:00:00+00:00
33.1,54,1001.8,15.6,42,2025-05-03 11:00:00+00:00
32.1,59,1001.7,16.8,23,2025-05-03 12:00:00+00:00
30.8,63,1001.8,11.3,26,2025-05-03 13:00:00+00:00
29.4,73,1001.8,10.3,18,2025-05-03 14:00:00+00:00
28.9,78,1002.4,10.5,0,2025-05-03 15:00:00+00:00
28.7,80,1002.6,10.3,0,2025-05-03 16:00:00+00:00
28.5,81,1003.0,7.6,3,2025-05-03 17:00:00+00:00
28.3,81,1003.2,6.2,4,2025-05-03 18:00:00+00:00
28.0,82,1003.2,1.3,0,2025-05-03 19:00:00+00:00
27.7,83,1002.5,3.0,0,2025-05-03 20:00:00+00:00
27.5,84,1002.1,5.0,13,2025-05-03 21:00:00+00:00
27.4,84,1002.1,6.1,39,2025-05-03 22:00:00+00:00
27.3,84,1001.7,10.3,15,2025-05-03 23:00:00+00:00
27.5,81,1002.0,12.6,18,2025-05-04 00:00:00+00:00
27.7,81,1002.4,13.0,2,2025-05-04 01:00:00+00:00
28.5,75,1002.5,11.2,27,2025-05-04 02:00:00+00:00
30.3,64,1002.9,12.5,4,2025-05-04 03:00:00+00:00
32.0,54,1003.4,14.8,39,2025-05-04 04:00:00+00:00
32.8,52,1003.5,13.8,14,2025-05-04 05:00:00+00:00
33.5,51,1003.5,15.0,1,2025-05-04 06:00:00+00:00
33.5,54,1002.7,16.1,0,2025-05-04 07:00:00+00:00
33.3,58,1002.0,17.1,0,2025-05-04 08:00:00+00:00
33.1,58,1001.1,18.0,0,2025-05-04 09:00:00+00:00
32.6,61,1000.2,17.4,12,2025-05-04 10:00:00+00:00
31.7,66,999.8,17.1,3,2025-05-04 11:00:00+00:00
31.3,68,999.6,13.7,22,2025-05-04 12:00:00+00:00
30.0,71,999.7,11.6,0,2025-05-04 13:00:00+00:00
29.3,76,1000.1,10.8,1,2025-05-04 14:00:00+00:00
29.1,78,1000.4,8.8,0,2025-05-04 15:00:00+00:00
29.0,79,1001.2,5.7,0,2025-05-04 16:00:00+00:00
28.8,80,1001.7,6.9,0,2025-05-04 17:00:00+00:00
28.6,80,1001.5,8.9,0,2025-05-04 18:00:00+00:00
28.3,83,1001.5,7.6,0,2025-05-04 19:00:00+00:00
28.0,84,1001.1,6.2,0,2025-05-04 20:00:00+00:00
27.9,84,1000.5,7.9,0,2025-05-04 21:00:00+00:00
27.8,85,1000.2,9.1,0,2025-05-04 22:00:00+00:00
27.7,85,1000.3,9.6,5,2025-05-04 23:00:00+00:00
27.6,87,1000.4,7.3,23,2025-05-05 00:00:00+00:00
26.4,74,1002.3,4.4,1,2025-05-05 01:00:00+00:00
26.9,67,1002.9,3.0,18,2025-05-05 02:00:00+00:00
28.5,57,1003.3,3.2,10,2025-05-05 03:00:00+00:00
30.0,54,1003.5,5.1,0,2025-05-05 04:00:00+00:00
31.0,52,1003.5,7.6,0,2025-05-05 05:00:00+00:00
31.7,53,1003.4,9.2,0,2025-05-05 06:00:00+00:00
32.3,51,1003.0,10.0,0,2025-05-05 07:00:00+00:00
33.0,46,1002.2,11.7,0,2025-05-05 08:00:00+00:00
32.7,50,1001.2,13.4,2,2025-05-05 09:00:00+00:00
32.0,61,1000.7,12.7,51,2025-05-05 10:00:00+00:00
31.8,65,1000.5,10.7,22,2025-05-05 11:00:00+00:00
31.4,69,1000.4,10.1,60,2025-05-05 12:00:00+00:00
32.1,52,1001.2,8.0,7,2025-05-05 13:00:00+00:00
30.6,63,1001.4,6.5,9,2025-05-05 14:00:00+00:00
29.6,78,1001.8,5.7,23,2025-05-05 15:00:00+00:00
29.1,85,1002.6,3.9,4,2025-05-05 16:00:00+00:00
28.9,84,1003.7,2.2,2,2025-05-05 17:00:00+00:00
28.7,85,1004.3,3.6,1,2025-05-05 18:00:00+00:00
28.5,86,1004.3,1.3,0,2025-05-05 19:00:00+00:00
28.3,87,1003.8,1.7,0,2025-05-05 20:00:00+00:00
27.9,89,1003.5,6.3,3,2025-05-05 21:00:00+00:00
27.4,89,1003.6,6.7,17,2025-05-05 22:00:00+00:00
27.2,86,1003.4,6.1,0,2025-05-05 23:00:00+00:00
27.4,77,1003.7,6.1,0,2025-05-06 00:00:00+00:00
27.3,95,1004.1,6.0,1,2025-05-06 01:00:00+00:00
27.8,84,1004.3,6.7,4,2025-05-06 02:00:00+00:00
29.1,76,1004.8,6.1,2,2025-05-06 03:00:00+00:00
30.2,67,1005.3,7.2,5,2025-05-06 04:00:00+00:00
31.3,59,1005.5,8.5,0,2025-05-06 05:00:00+00:00
32.0,54,1005.8,10.3,1,2025-05-06 06:00:00+00:00
32.4,54,1005.2,12.1,0,2025-05-06 07:00:00+00:00
32.6,56,1004.2,13.0,5,2025-05-06 08:00:00+00:00
32.8,54,1003.2,13.0,27,2025-05-06 09:00:00+00:00
32.4,57,1002.3,13.0,13,2025-05-06 10:00:00+00:00
31.5,64,1001.7,12.3,23,2025-05-06 11:00:00+00:00
30.7,68,1001.4,10.9,12,2025-05-06 12:00:00+00:00
31.2,66,1001.2,8.3,24,2025-05-06 13:00:00+00:00
29.6,81,1001.9,11.1,3,2025-05-06 14:00:00+00:00
28.8,85,1002.6,9.2,3,2025-05-06 15:00:00+00:00
28.7,86,1003.0,10.2,9,2025-05-06 16:00:00+00:00
28.5,86,1003.1,10.5,1,2025-05-06 17:00:00+00:00
28.5,86,1003.6,9.6,10,2025-05-06 18:00:00+00:00
28.3,87,1003.6,8.2,25,2025-05-06 19:00:00+00:00
28.0,88,1003.1,7.0,28,2025-05-06 20:00:00+00:00
27.8,88,1002.8,4.1,24,2025-05-06 21:00:00+00:00
27.7,88,1002.8,1.9,25,2025-05-06 22:00:00+00:00
27.6,88,1002.9,2.4,29,2025-05-06 23:00:00+00:00
27.4,89,1003.2,3.4,15,2025-05-07 00:00:00+00:00
27.3,92,1003.2,2.2,0,2025-05-07 01:00:00+00:00
27.8,88,1003.4,1.9,0,2025-05-07 02:00:00+00:00
29.2,77,1004.1,0.7,0,2025-05-07 03:00:00+00:00
30.7,68,1004.2,2.5,0,2025-05-07 04:00:00+00:00
32.4,60,1004.0,4.8,0,2025-05-07 05:00:00+00:00
33.3,59,1003.5,9.2,0,2025-05-07 06:00:00+00:00
33.5,55,1003.2,12.4,0,2025-05-07 07:00:00+00:00
33.5,51,1002.6,12.9,58,2025-05-07 08:00:00+00:00
32.2,63,1002.0,14.8,14,2025-05-07 09:00:00+00:00
32.2,61,1001.2,14.9,11,2025-05-07 10:00:00+00:00
31.5,66,1000.8,14.8,10,2025-05-07 11:00:00+00:00
30.9,71,1000.7,14.3,12,2025-05-07 12:00:00+00:00
30.2,70,1000.8,12.1,14,2025-05-07 13:00:00+00:00
29.3,77,1001.2,10.8,3,2025-05-07 14:00:00+00:00
28.8,80,1001.7,7.7,0,2025-05-07 15:00:00+00:00
28.5,83,1002.6,7.2,3,2025-05-07 16:00:00+00:00
28.3,84,1002.9,7.6,6,2025-05-07 17:00:00+00:00
28.1,85,1003.0,6.9,3,2025-05-07 18:00:00+00:00
27.9,87,1002.7,6.4,18,2025-05-07 19:00:00+00:00
27.7,88,1001.9,6.2,27,2025-05-07 20:00:00+00:00
27.6,88,1001.9,4.7,25,2025-05-07 21:00:00+00:00
27.4,90,1001.9,3.1,20,2025-05-07 22:00:00+00:00
27.3,90,1001.8,4.0,22,2025-05-07 23:00:00+00:00
27.2,92,1002.4,4.7,21,2025-05-08 00:00:00+00:00
27.2,91,1003.0,3.7,39,2025-05-08 01:00:00+00:00
27.7,88,1003.8,3.6,15,2025-05-08 02:00:00+00:00
28.8,80,1004.3,2.4,10,2025-05-08 03:00:00+00:00
30.2,70,1004.8,4.5,7,2025-05-08 04:00:00+00:00
31.3,64,1005.1,8.3,7,2025-05-08 05:00:00+00:00
31.6,64,1005.1,11.9,4,2025-05-08 06:00:00+00:00
31.8,61,1004.8,12.1,1,2025-05-08 07:00:00+00:00
32.0,60,1004.2,12.0,0,2025-05-08 08:00:00+00:00
32.2,60,1003.6,11.7,0,2025-05-08 09:00:00+00:00
32.2,60,1003.5,8.6,1,2025-05-08 10:00:00+00:00
31.8,63,1002.9,10.0,2,2025-05-08 11:00:00+00:00
31.2,66,1003.0,8.2,1,2025-05-08 12:00:00+00:00
30.6,69,1002.2,11.1,1,2025-05-08 13:00:00+00:00
29.8,74,1003.0,7.3,0,2025-05-08 14:00:00+00:00
29.7,75,1004.0,6.0,0,2025-05-08 15:00:00+00:00
29.4,77,1004.8,6.8,0,2025-05-08 16:00:00+00:00
29.2,79,1005.4,7.3,3,2025-05-08 17:00:00+00:00
29.0,80,1005.4,8.0,8,2025-05-08 18:00:00+00:00
28.7,82,1004.9,9.5,7,2025-05-08 19:00:00+00:00
28.4,84,1004.3,8.0,13,2025-05-08 20:00:00+00:00
28.1,85,1003.7,8.1,26,2025-05-08 21:00:00+00:00
27.9,86,1003.8,5.8,24,2025-05-08 22:00:00+00:00
27.6,88,1003.9,5.8,8,2025-05-08 23:00:00+00:00
27.4,90,1004.4,5.1,17,2025-05-09 00:00:00+00:00
27.3,82,1005.4,3.4,25,2025-05-09 01:00:00+00:00
27.7,78,1006.5,3.3,37,2025-05-09 02:00:00+00:00
28.6,73,1007.2,2.4,7,2025-05-09 03:00:00+00:00
30.1,65,1007.5,3.7,6,2025-05-09 04:00:00+00:00
31.3,59,1007.5,7.3,1,2025-05-09 05:00:00+00:00
31.9,57,1007.5,10.3,0,2025-05-09 06:00:00+00:00
32.4,54,1007.1,10.9,0,2025-05-09 07:00:00+00:00
32.4,58,1006.5,12.3,0,2025-05-09 08:00:00+00:00
32.3,60,1005.6,13.0,0,2025-05-09 09:00:00+00:00
31.9,61,1004.9,13.6,0,2025-05-09 10:00:00+00:00
31.5,65,1005.4,10.0,4,2025-05-09 11:00:00+00:00
32.1,61,1005.4,9.1,14,2025-05-09 12:00:00+00:00
31.3,64,1005.0,11.9,5,2025-05-09 13:00:00+00:00
30.2,71,1005.2,10.2,3,2025-05-09 14:00:00+00:00
29.7,74,1006.2,7.5,1,2025-05-09 15:00:00+00:00
29.6,76,1007.0,8.9,0,2025-05-09 16:00:00+00:00
29.3,77,1007.3,10.1,1,2025-05-09 17:00:00+00:00
29.1,78,1007.7,8.4,8,2025-05-09 18:00:00+00:00
28.7,80,1007.0,6.8,3,2025-05-09 19:00:00+00:00
28.3,83,1006.1,7.8,10,2025-05-09 20:00:00+00:00
28.1,84,1005.3,8.5,12,2025-05-09 21:00:00+00:00
27.8,86,1005.1,10.1,17,2025-05-09 22:00:00+00:00
27.6,87,1005.4,9.1,18,2025-05-09 23:00:00+00:00
27.4,88,1005.9,7.4,56,2025-05-10 00:00:00+00:00
27.0,80,1006.2,6.5,0,2025-05-10 01:00:00+00:00
27.5,76,1006.9,6.2,0,2025-05-10 02:00:00+00:00
29.0,69,1007.4,8.2,0,2025-05-10 03:00:00+00:00
30.9,59,1007.8,8.5,0,2025-05-10 04:00:00+00:00
32.7,50,1007.9,9.6,0,2025-05-10 05:00:00+00:00
33.6,50,1007.9,11.5,0,2025-05-10 06:00:00+00:00
34.0,50,1007.5,13.1,0,2025-05-10 07:00:00+00:00
33.8,52,1007.0,15.2,0,2025-05-10 08:00:00+00:00
33.4,53,1006.0,16.3,0,2025-05-10 09:00:00+00:00
32.7,56,1005.4,13.9,0,2025-05-10 10:00:00+00:00
32.8,53,1005.2,13.6,0,2025-05-10 11:00:00+00:00
31.9,59,1004.5,17.2,1,2025-05-10 12:00:00+00:00
30.5,67,1004.9,13.2,1,2025-05-10 13:00:00+00:00
29.2,77,1005.4,13.7,1,2025-05-10 14:00:00+00:00
28.8,81,1006.3,13.2,5,2025-05-10 15:00:00+00:00
28.6,81,1006.7,11.5,10,2025-05-10 16:00:00+00:00
28.5,82,1007.0,11.8,27,2025-05-10 17:00:00+00:00
28.4,81,1006.9,12.7,34,2025-05-10 18:00:00+00:00
28.3,81,1006.5,13.4,31,2025-05-10 19:00:00+00:00
28.0,83,1006.2,14.3,36,2025-05-10 20:00:00+00:00
27.8,83,1005.6,11.4,42,2025-05-10 21:00:00+00:00
27.7,83,1005.6,10.5,33,2025-05-10 22:00:00+00:00
27.6,84,1005.4,9.0,0,2025-05-10 23:00:00+00:00
27.3,86,1005.5,9.6,0,2025-05-11 00:00:00+00:00
27.4,88,1005.8,8.6,0,2025-05-11 01:00:00+00:00
28.0,86,1006.0,8.6,2,2025-05-11 02:00:00+00:00
29.4,78,1006.4,9.2,0,2025-05-11 03:00:00+00:00
30.8,70,1006.8,10.8,0,2025-05-11 04:00:00+00:00
31.7,66,1006.9,13.1,0,2025-05-11 05:00:00+00:00
32.2,64,1006.7,15.0,6,2025-05-11 06:00:00+00:00
32.5,63,1006.1,15.7,6,2025-05-11 07:00:00+00:00
32.5,62,1005.2,16.7,4,2025-05-11 08:00:00+00:00
32.2,64,1004.2,17.3,7,2025-05-11 09:00:00+00:00
32.0,64,1003.4,18.0,6,2025-05-11 10:00:00+00:00
31.6,65,1003.3,14.5,15,2025-05-11 11:00:00+00:00
31.5,65,1003.2,11.4,7,2025-05-11 12:00:00+00:00
30.5,74,1003.0,13.3,29,2025-05-11 13:00:00+00:00
29.3,81,1002.7,15.0,5,2025-05-11 14:00:00+00:00
28.7,85,1003.5,13.7,17,2025-05-11 15:00:00+00:00
28.8,83,1004.5,14.0,77,2025-05-11 16:00:00+00:00
28.7,83,1005.5,14.4,35,2025-05-11 17:00:00+00:00
28.6,84,1005.6,12.7,30,2025-05-11 18:00:00+00:00
28.3,86,1004.9,12.1,19,2025-05-11 19:00:00+00:00
28.0,86,1004.3,12.2,27,2025-05-11 20:00:00+00:00
27.8,86,1003.9,10.2,36,2025-05-11 21:00:00+00:00
27.7,86,1003.4,10.0,14,2025-05-11 22:00:00+00:00
27.5,88,1003.3,10.0,21,2025-05-11 23:00:00+00:00
27.4,89,1003.6,9.7,15,2025-05-12 00:00:00+00:00
27.9,87,1003.8,11.6,27,2025-05-12 01:00:00+00:00
28.4,83,1004.3,12.6,12,2025-05-12 02:00:00+00:00
29.5,75,1005.1,12.8,20,2025-05-12 03:00:00+00:00
30.6,68,1005.4,14.5,100,2025-05-12 04:00:00+00:00
31.4,65,1005.2,16.2,87,2025-05-12 05:00:00+00:00
31.7,65,1004.9,17.8,100,2025-05-12 06:00:00+00:00
32.1,64,1004.3,18.5,99,2025-05-12 07:00:00+00:00
32.0,65,1003.7,18.1,99,2025-05-12 08:00:00+00:00
31.8,65,1003.1,18.1,100,2025-05-12 09:00:00+00:00
31.4,68,1002.2,18.1,100,2025-05-12 10:00:00+00:00
31.4,67,1002.2,16.7,100,2025-05-12 11:00:00+00:00
31.0,68,1002.0,15.5,15,2025-05-12 12:00:00+00:00
29.6,73,1001.7,17.0,11,2025-05-12 13:00:00+00:00
28.9,76,1002.1,13.2,1,2025-05-12 14:00:00+00:00
28.7,79,1003.0,12.2,14,2025-05-12 15:00:00+00:00
28.4,79,1003.5,12.7,5,2025-05-12 16:00:00+00:00
28.2,82,1004.0,10.8,13,2025-05-12 17:00:00+00:00
28.1,84,1004.4,10.0,1,2025-05-12 18:00:00+00:00
27.7,86,1004.2,9.1,0,2025-05-12 19:00:00+00:00
27.5,88,1003.7,8.8,0,2025-05-12 20:00:00+00:00
27.2,90,1003.0,8.7,0,2025-05-12 21:00:00+00:00
27.0,91,1002.8,9.4,4,2025-05-12 22:00:00+00:00
26.9,92,1002.9,8.2,1,2025-05-12 23:00:00+00:00
26.8,92,1003.2,9.7,2,2025-05-13 00:00:00+00:00
27.4,91,1003.4,11.0,13,2025-05-13 01:00:00+00:00
28.0,87,1004.0,12.7,19,2025-05-13 02:00:00+00:00
29.2,78,1004.8,13.5,28,2025-05-13 03:00:00+00:00
30.4,70,1005.5,14.4,35,2025-05-13 04:00:00+00:00
31.4,64,1005.6,15.6,68,2025-05-13 05:00:00+00:00
32.0,62,1005.4,16.3,75,2025-05-13 06:00:00+00:00
32.6,60,1004.8,16.5,54,2025-05-13 07:00:00+00:00
32.7,62,1004.1,16.9,55,2025-05-13 08:00:00+00:00
32.4,64,1003.2,17.3,19,2025-05-13 09:00:00+00:00
32.2,64,1002.5,16.0,5,2025-05-13 10:00:00+00:00
32.0,62,1002.5,15.1,1,2025-05-13 11:00:00+00:00
31.5,67,1002.5,13.8,22,2025-05-13 12:00:00+00:00
30.3,71,1002.7,12.8,5,2025-05-13 13:00:00+00:00
29.5,76,1002.7,11.5,1,2025-05-13 14:00:00+00:00
28.9,82,1003.1,12.2,10,2025-05-13 15:00:00+00:00
28.8,82,1003.8,11.4,12,2025-05-13 16:00:00+00:00
28.7,82,1004.3,10.9,21,2025-05-13 17:00:00+00:00
28.5,85,1004.1,10.7,1,2025-05-13 18:00:00+00:00
28.2,88,1003.8,11.8,0,2025-05-13 19:00:00+00:00
28.0,89,1003.6,8.4,2,2025-05-13 20:00:00+00:00
27.8,91,1003.3,7.6,3,2025-05-13 21:00:00+00:00
27.5,92,1003.1,7.4,0,2025-05-13 22:00:00+00:00
27.3,93,1003.1,8.0,0,2025-05-13 23:00:00+00:00
27.3,93,1003.3,7.5,0,2025-05-14 00:00:00+00:00
27.9,90,1003.2,8.5,0,2025-05-14 01:00:00+00:00
28.6,87,1003.8,7.6,0,2025-05-14 02:00:00+00:00
30.1,77,1004.2,9.4,0,2025-05-14 03:00:00+00:00
31.6,69,1004.7,9.5,0,2025-05-14 04:00:00+00:00
33.0,62,1004.7,10.2,0,2025-05-14 05:00:00+00:00
33.8,59,1004.6,12.0,0,2025-05-14 06:00:00+00:00
34.3,58,1004.2,13.4,0,2025-05-14 07:00:00+00:00
34.5,57,1003.7,14.9,0,2025-05-14 08:00:00+00:00
34.1,57,1002.8,15.5,0,2025-05-14 09:00:00+00:00
34.0,56,1002.6,11.6,0,2025-05-14 10:00:00+00:00
33.5,59,1001.9,14.7,0,2025-05-14 11:00:00+00:00
32.5,65,1001.9,13.0,1,2025-05-14 12:00:00+00:00
30.8,69,1002.2,13.3,0,2025-05-14 13:00:00+00:00
30.0,76,1002.6,12.6,0,2025-05-14 14:00:00+00:00
29.5,80,1003.2,11.5,0,2025-05-14 15:00:00+00:00
29.4,81,1003.6,12.8,0,2025-05-14 16:00:00+00:00
29.1,83,1004.2,9.2,4,2025-05-14 17:00:00+00:00
28.9,85,1004.6,7.3,0,2025-05-14 18:00:00+00:00
28.6,88,1004.3,8.4,0,2025-05-14 19:00:00+00:00
28.3,89,1003.9,7.3,0,2025-05-14 20:00:00+00:00
28.1,90,1003.6,7.1,0,2025-05-14 21:00:00+00:00
27.9,90,1003.3,7.8,0,2025-05-14 22:00:00+00:00
27.7,91,1003.3,6.7,0,2025-05-14 23:00:00+00:00
27.6,91,1003.1,8.5,0,2025-05-15 00:00:00+00:00
28.3,88,1003.3,8.1,0,2025-05-15 01:00:00+00:00
29.0,83,1003.8,6.7,0,2025-05-15 02:00:00+00:00
30.4,74,1004.3,8.2,0,2025-05-15 03:00:00+00:00
31.7,67,1004.6,9.8,0,2025-05-15 04:00:00+00:00
32.9,62,1004.6,10.5,0,2025-05-15 05:00:00+00:00
33.6,60,1004.5,12.3,0,2025-05-15 06:00:00+00:00
33.7,60,1004.1,14.1,0,2025-05-15 07:00:00+00:00
33.5,61,1003.7,15.6,0,2025-05-15 08:00:00+00:00
33.3,62,1002.9,16.2,0,2025-05-15 09:00:00+00:00
33.0,63,1002.1,16.1,0,2025-05-15 10:00:00+00:00
32.6,64,1001.7,14.8,0,2025-05-15 11:00:00+00:00
32.1,66,1001.9,10.5,0,2025-05-15 12:00:00+00:00
31.4,67,1002.2,10.4,0,2025-05-15 13:00:00+00:00
30.5,71,1002.4,10.8,0,2025-05-15 14:00:00+00:00
29.9,78,1002.7,10.6,0,2025-05-15 15:00:00+00:00
29.6,82,1003.2,10.2,0,2025-05-15 16:00:00+00:00
29.3,84,1003.6,9.9,0,2025-05-15 17:00:00+00:00
29.1,86,1004.1,7.7,0,2025-05-15 18:00:00+00:00
28.8,89,1003.8,7.1,0,2025-05-15 19:00:00+00:00
28.5,90,1003.4,5.4,0,2025-05-15 20:00:00+00:00
28.3,91,1003.0,4.5,0,2025-05-15 21:00:00+00:00
28.1,92,1002.6,6.7,0,2025-05-15 22:00:00+00:00
28.0,92,1002.5,7.0,0,2025-05-15 23:00:00+00:00
27.8,92,1002.4,8.1,0,2025-05-16 00:00:00+00:00
28.3,92,1002.7,8.7,2,2025-05-16 01:00:00+00:00
29.0,87,1003.3,10.3,9,2025-05-16 02:00:00+00:00
29.9,81,1003.8,10.7,6,2025-05-16 03:00:00+00:00
30.8,75,1004.4,12.7,2,2025-05-16 04:00:00+00:00
31.6,71,1004.1,13.8,1,2025-05-16 05:00:00+00:00
32.2,68,1004.0,14.5,4,2025-05-16 06:00:00+00:00
32.5,66,1003.7,14.8,6,2025-05-16 07:00:00+00:00
32.8,64,1003.2,14.8,8,2025-05-16 08:00:00+00:00
32.8,64,1002.5,14.9,0,2025-05-16 09:00:00+00:00
32.5,68,1001.9,13.6,2,2025-05-16 10:00:00+00:00
32.2,68,1001.3,13.4,2,2025-05-16 11:00:00+00:00
31.6,72,1001.1,12.9,0,2025-05-16 12:00:00+00:00
30.5,76,1001.8,12.5,1,2025-05-16 13:00:00+00:00
29.9,80,1002.1,10.5,7,2025-05-16 14:00:00+00:00
29.7,81,1002.4,11.7,13,2025-05-16 15:00:00+00:00
29.4,81,1002.7,13.0,3,2025-05-16 16:00:00+00:00
29.4,81,1003.1,14.8,31,2025-05-16 17:00:00+00:00
29.2,82,1003.4,11.9,34,2025-05-16 18:00:00+00:00
29.0,82,1003.4,10.9,25,2025-05-16 19:00:00+00:00
28.7,86,1002.9,9.6,17,2025-05-16 20:00:00+00:00
28.4,87,1002.2,9.3,25,2025-05-16 21:00:00+00:00
28.3,87,1002.0,9.7,28,2025-05-16 22:00:00+00:00
28.2,86,1001.8,10.3,21,2025-05-16 23:00:00+00:00
28.1,86,1002.2,8.0,17,2025-05-17 00:00:00+00:00
28.4,85,1002.7,7.2,26,2025-05-17 01:00:00+00:00
28.9,81,1003.3,8.9,23,2025-05-17 02:00:00+00:00
29.7,76,1003.7,10.6,17,2025-05-17 03:00:00+00:00
30.6,71,1003.8,12.8,18,2025-05-17 04:00:00+00:00
31.3,67,1003.9,14.6,30,2025-05-17 05:00:00+00:00
31.9,64,1003.9,15.7,7,2025-05-17 06:00:00+00:00
32.3,63,1003.6,15.8,19,2025-05-17 07:00:00+00:00
32.4,64,1003.2,15.9,23,2025-05-17 08:00:00+00:00
32.5,62,1002.5,16.2,37,2025-05-17 09:00:00+00:00
32.4,62,1001.8,15.4,50,2025-05-17 10:00:00+00:00
32.0,64,1001.4,13.7,25,2025-05-17 11:00:00+00:00
31.5,67,1001.2,13.1,15,2025-05-17 12:00:00+00:00
30.5,73,1001.9,11.1,21,2025-05-17 13:00:00+00:00
30.0,75,1002.0,11.4,14,2025-05-17 14:00:00+00:00
29.7,76,1002.4,11.5,23,2025-05-17 15:00:00+00:00
29.8,76,1002.6,13.0,19,2025-05-17 16:00:00+00:00
29.6,77,1003.1,13.0,14,2025-05-17 17:00:00+00:00
29.5,77,1003.4,10.1,25,2025-05-17 18:00:00+00:00
29.4,78,1003.3,9.6,23,2025-05-17 19:00:00+00:00
29.1,80,1003.0,9.3,20,2025-05-17 20:00:00+00:00
28.8,81,1002.5,8.2,16,2025-05-17 21:00:00+00:00
28.5,82,1002.5,6.9,12,2025-05-17 22:00:00+00:00
28.3,83,1003.0,5.4,47,2025-05-17 23:00:00+00:00
28.1,84,1002.9,4.2,39,2025-05-18 00:00:00+00:00
28.6,81,1003.7,5.1,26,2025-05-18 01:00:00+00:00
28.9,79,1004.0,4.3,5,2025-05-18 02:00:00+00:00
29.9,73,1004.5,6.9,4,2025-05-18 03:00:00+00:00
30.8,69,1004.7,9.7,2,2025-05-18 04:00:00+00:00
31.5,65,1004.6,11.5,0,2025-05-18 05:00:00+00:00
32.1,63,1004.5,12.8,0,2025-05-18 06:00:00+00:00
32.4,64,1004.3,12.9,3,2025-05-18 07:00:00+00:00
32.7,62,1003.6,13.4,19,2025-05-18 08:00:00+00:00
32.8,62,1002.8,13.7,14,2025-05-18 09:00:00+00:00
32.5,64,1002.1,14.7,13,2025-05-18 10:00:00+00:00
31.9,66,1001.4,15.4,2,2025-05-18 11:00:00+00:00
31.3,70,1001.1,14.5,2,2025-05-18 12:00:00+00:00
30.5,70,1001.7,14.2,0,2025-05-18 13:00:00+00:00
29.7,75,1001.9,12.1,3,2025-05-18 14:00:00+00:00
29.4,77,1002.4,11.5,16,2025-05-18 15:00:00+00:00
29.3,77,1003.2,8.1,22,2025-05-18 16:00:00+00:00
29.1,77,1003.2,11.0,3,2025-05-18 17:00:00+00:00
28.9,78,1003.6,9.8,8,2025-05-18 18:00:00+00:00
28.7,79,1003.4,8.1,26,2025-05-18 19:00:00+00:00
28.6,80,1003.0,8.4,19,2025-05-18 20:00:00+00:00
28.4,81,1002.8,8.8,23,2025-05-18 21:00:00+00:00
28.2,81,1002.4,9.4,26,2025-05-18 22:00:00+00:00
28.1,82,1002.3,9.8,16,2025-05-18 23:00:00+00:00
27.9,83,1002.3,8.6,12,2025-05-19 00:00:00+00:00
28.0,84,1002.5,8.1,11,2025-05-19 01:00:00+00:00
28.6,80,1003.0,8.2,16,2025-05-19 02:00:00+00:00
29.8,72,1003.7,10.1,20,2025-05-19 03:00:00+00:00
30.8,67,1004.2,11.6,27,2025-05-19 04:00:00+00:00
31.4,65,1004.3,13.6,40,2025-05-19 05:00:00+00:00
31.9,64,1004.3,14.7,22,2025-05-19 06:00:00+00:00
32.4,62,1004.0,15.3,9,2025-05-19 07:00:00+00:00
32.7,60,1003.3,16.2,9,2025-05-19 08:00:00+00:00
32.6,61,1002.6,16.7,37,2025-05-19 09:00:00+00:00
32.2,62,1001.8,16.1,10,2025-05-19 10:00:00+00:00
31.9,64,1001.2,15.7,3,2025-05-19 11:00:00+00:00
31.2,67,1000.8,15.1,13,2025-05-19 12:00:00+00:00
30.5,70,1001.4,12.5,4,2025-05-19 13:00:00+00:00
29.9,74,1001.2,12.4,13,2025-05-19 14:00:00+00:00
29.5,75,1001.4,13.9,6,2025-05-19 15:00:00+00:00
29.1,77,1002.9,12.2,41,2025-05-19 16:00:00+00:00
29.2,76,1003.4,13.0,37,2025-05-19 17:00:00+00:00
29.0,77,1003.6,12.6,42,2025-05-19 18:00:00+00:00
28.8,78,1003.5,11.9,15,2025-05-19 19:00:00+00:00
28.7,79,1003.0,10.8,2,2025-05-19 20:00:00+00:00
28.5,80,1002.8,11.1,18,2025-05-19 21:00:00+00:00
28.4,80,1002.3,11.6,30,2025-05-19 22:00:00+00:00
28.3,80,1002.2,11.1,26,2025-05-19 23:00:00+00:00
28.2,81,1002.5,11.3,26,2025-05-20 00:00:00+00:00
28.7,80,1002.6,11.4,17,2025-05-20 01:00:00+00:00
29.2,77,1003.2,13.9,20,2025-05-20 02:00:00+00:00
30.2,71,1003.6,14.2,15,2025-05-20 03:00:00+00:00
31.2,64,1003.7,14.7,14,2025-05-20 04:00:00+00:00
32.1,61,1003.7,15.4,26,2025-05-20 05:00:00+00:00
32.8,58,1003.4,16.5,42,2025-05-20 06:00:00+00:00
33.1,58,1003.1,17.2,28,2025-05-20 07:00:00+00:00
33.3,57,1002.5,17.1,22,2025-05-20 08:00:00+00:00
33.2,58,1001.7,16.8,48,2025-05-20 09:00:00+00:00
32.9,59,1001.0,16.4,25,2025-05-20 10:00:00+00:00
32.6,60,1000.4,16.1,19,2025-05-20 11:00:00+00:00
32.0,63,1000.1,15.5,6,2025-05-20 12:00:00+00:00
30.8,70,1000.5,13.1,5,2025-05-20 13:00:00+00:00
29.9,74,1000.3,12.6,11,2025-05-20 14:00:00+00:00
29.4,77,1000.6,11.6,22,2025-05-20 15:00:00+00:00
29.2,78,1001.4,12.6,37,2025-05-20 16:00:00+00:00
29.2,78,1001.9,13.0,27,2025-05-20 17:00:00+00:00
28.9,80,1002.3,13.4,49,2025-05-20 18:00:00+00:00
28.8,80,1002.3,12.6,34,2025-05-20 19:00:00+00:00
28.7,80,1002.0,12.8,38,2025-05-20 20:00:00+00:00
28.5,82,1001.9,12.4,66,2025-05-20 21:00:00+00:00
28.3,83,1001.8,11.9,53,2025-05-20 22:00:00+00:00
28.4,81,1001.8,12.2,2,2025-05-20 23:00:00+00:00
28.1,82,1002.0,11.6,6,2025-05-21 00:00:00+00:00
28.5,83,1002.2,12.7,25,2025-05-21 01:00:00+00:00
29.0,80,1002.7,13.8,33,2025-05-21 02:00:00+00:00
29.8,74,1003.1,14.0,49,2025-05-21 03:00:00+00:00
30.9,67,1003.6,14.9,43,2025-05-21 04:00:00+00:00
32.0,61,1003.6,15.0,55,2025-05-21 05:00:00+00:00
32.6,60,1003.4,15.6,52,2025-05-21 06:00:00+00:00
32.9,60,1003.0,16.0,36,2025-05-21 07:00:00+00:00
32.9,60,1002.4,16.3,14,2025-05-21 08:00:00+00:00
32.8,61,1001.5,15.9,5,2025-05-21 09:00:00+00:00
32.4,62,1000.8,15.5,2,2025-05-21 10:00:00+00:00
32.0,64,1000.4,14.8,0,2025-05-21 11:00:00+00:00
31.3,67,1000.2,14.6,5,2025-05-21 12:00:00+00:00
30.5,73,1000.6,14.1,46,2025-05-21 13:00:00+00:00
30.0,75,1000.7,13.3,30,2025-05-21 14:00:00+00:00
29.8,75,1001.0,13.4,57,2025-05-21 15:00:00+00:00
29.3,77,1001.6,14.5,52,2025-05-21 16:00:00+00:00
29.1,78,1002.1,13.6,16,2025-05-21 17:00:00+00:00
28.9,79,1002.8,13.9,32,2025-05-21 18:00:00+00:00
28.8,80,1002.7,14.1,51,2025-05-21 19:00:00+00:00
28.6,81,1002.3,13.5,29,2025-05-21 20:00:00+00:00
28.4,82,1001.7,11.6,19,2025-05-21 21:00:00+00:00
28.1,83,1001.6,11.1,24,2025-05-21 22:00:00+00:00
27.9,84,1001.4,10.9,26,2025-05-21 23:00:00+00:00
27.9,85,1001.5,10.8,20,2025-05-22 00:00:00+00:00
28.3,85,1001.3,10.4,25,2025-05-22 01:00:00+00:00
28.9,81,1001.9,13.0,26,2025-05-22 02:00:00+00:00
29.9,75,1002.1,13.9,15,2025-05-22 03:00:00+00:00
30.9,69,1002.2,14.3,26,2025-05-22 04:00:00+00:00
31.6,66,1002.2,15.7,49,2025-05-22 05:00:00+00:00
32.1,64,1001.9,16.9,43,2025-05-22 06:00:00+00:00
32.5,62,1001.7,17.3,8,2025-05-22 07:00:00+00:00
32.3,64,1001.3,17.3,21,2025-05-22 08:00:00+00:00
32.3,62,1000.4,16.9,15,2025-05-22 09:00:00+00:00
32.3,62,1000.0,16.5,1,2025-05-22 10:00:00+00:00
31.9,64,999.5,16.4,0,2025-05-22 11:00:00+00:00
31.1,68,999.3,15.7,2,2025-05-22 12:00:00+00:00
30.5,71,999.2,13.3,0,2025-05-22 13:00:00+00:00
29.7,77,999.2,12.1,6,2025-05-22 14:00:00+00:00
29.2,80,999.9,12.2,13,2025-05-22 15:00:00+00:00
29.0,81,1000.2,11.7,12,2025-05-22 16:00:00+00:00
28.7,83,1000.5,12.4,23,2025-05-22 17:00:00+00:00
28.5,84,1000.9,11.7,33,2025-05-22 18:00:00+00:00
28.4,84,1000.7,14.0,40,2025-05-22 19:00:00+00:00
28.3,85,1000.2,14.0,39,2025-05-22 20:00:00+00:00
28.1,85,999.8,12.5,41,2025-05-22 21:00:00+00:00
28.1,84,999.5,12.5,22,2025-05-22 22:00:00+00:00
28.0,84,999.3,12.4,8,2025-05-22 23:00:00+00:00
27.7,85,999.4,13.9,28,2025-05-23 00:00:00+00:00
28.0,87,1000.0,13.7,43,2025-05-23 01:00:00+00:00
28.7,82,1000.1,14.7,25,2025-05-23 02:00:00+00:00
30.0,71,1000.4,16.1,34,2025-05-23 03:00:00+00:00
31.0,67,1000.5,14.6,15,2025-05-23 04:00:00+00:00
32.3,62,1000.3,14.2,2,2025-05-23 05:00:00+00:00
33.1,59,999.7,15.5,9,2025-05-23 06:00:00+00:00
33.6,56,998.9,17.1,13,2025-05-23 07:00:00+00:00
33.8,55,998.0,16.9,1,2025-05-23 08:00:00+00:00
33.7,55,997.2,16.7,0,2025-05-23 09:00:00+00:00
33.0,59,996.6,16.9,0,2025-05-23 10:00:00+00:00
32.1,66,996.2,16.5,0,2025-05-23 11:00:00+00:00
31.3,69,995.8,16.7,0,2025-05-23 12:00:00+00:00
30.6,72,996.4,14.2,0,2025-05-23 13:00:00+00:00
29.7,78,996.8,13.8,0,2025-05-23 14:00:00+00:00
29.3,81,997.4,14.6,8,2025-05-23 15:00:00+00:00
29.0,83,998.0,15.5,20,2025-05-23 16:00:00+00:00
28.9,83,998.5,16.6,33,2025-05-23 17:00:00+00:00
28.9,83,999.3,15.7,38,2025-05-23 18:00:00+00:00
28.9,83,999.3,14.7,31,2025-05-23 19:00:00+00:00
28.7,83,998.9,14.0,57,2025-05-23 20:00:00+00:00
28.7,83,998.3,15.0,31,2025-05-23 21:00:00+00:00
28.5,83,998.1,14.8,77,2025-05-23 22:00:00+00:00
28.7,79,998.2,14.7,92,2025-05-23 23:00:00+00:00
28.8,78,998.4,15.0,54,2025-05-24 00:00:00+00:00
28.7,81,999.1,13.7,38,2025-05-24 01:00:00+00:00
29.3,76,999.4,14.8,26,2025-05-24 02:00:00+00:00
30.1,71,999.6,16.2,21,2025-05-24 03:00:00+00:00
31.2,65,999.8,16.0,31,2025-05-24 04:00:00+00:00
32.2,61,999.9,15.5,26,2025-05-24 05:00:00+00:00
32.9,58,999.7,16.2,25,2025-05-24 06:00:00+00:00
33.2,58,998.9,16.4,40,2025-05-24 07:00:00+00:00
33.1,60,998.4,17.1,7,2025-05-24 08:00:00+00:00
32.9,60,997.5,17.9,2,2025-05-24 09:00:00+00:00
32.7,62,996.8,18.3,1,2025-05-24 10:00:00+00:00
32.3,64,996.5,17.3,0,2025-05-24 11:00:00+00:00
31.9,66,996.6,15.3,2,2025-05-24 12:00:00+00:00
31.8,69,996.7,12.5,1,2025-05-24 13:00:00+00:00
30.3,78,997.0,13.4,10,2025-05-24 14:00:00+00:00
29.9,80,997.5,14.1,10,2025-05-24 15:00:00+00:00
29.7,82,997.7,15.1,18,2025-05-24 16:00:00+00:00
29.6,82,998.7,17.2,40,2025-05-24 17:00:00+00:00
29.6,82,999.3,15.5,35,2025-05-24 18:00:00+00:00
29.5,82,999.1,14.6,46,2025-05-24 19:00:00+00:00
29.2,85,998.6,13.1,23,2025-05-24 20:00:00+00:00
28.9,87,998.5,11.7,34,2025-05-24 21:00:00+00:00
28.8,87,998.6,12.2,26,2025-05-24 22:00:00+00:00
28.9,86,999.2,12.0,21,2025-05-24 23:00:00+00:00
28.8,84,999.6,11.8,18,2025-05-25 00:00:00+00:00
29.2,87,999.3,13.2,32,2025-05-25 01:00:00+00:00
29.6,83,1000.0,15.8,24,2025-05-25 02:00:00+00:00
30.6,76,1000.5,16.0,15,2025-05-25 03:00:00+00:00
31.8,68,1000.9,15.7,9,2025-05-25 04:00:00+00:00
33.0,62,1001.1,14.6,3,2025-05-25 05:00:00+00:00
33.8,59,1000.9,15.3,0,2025-05-25 06:00:00+00:00
33.9,60,1000.7,16.6,0,2025-05-25 07:00:00+00:00
33.9,60,1000.2,16.9,9,2025-05-25 08:00:00+00:00
33.8,60,999.5,17.4,3,2025-05-25 09:00:00+00:00
33.3,62,998.9,17.7,1,2025-05-25 10:00:00+00:00
32.8,65,998.6,17.5,0,2025-05-25 11:00:00+00:00
32.2,68,998.7,17.1,2,2025-05-25 12:00:00+00:00
31.3,72,998.7,16.7,1,2025-05-25 13:00:00+00:00
30.3,78,999.2,13.8,1,2025-05-25 14:00:00+00:00
30.1,79,999.7,11.2,5,2025-05-25 15:00:00+00:00
29.8,81,1000.2,11.9,10,2025-05-25 16:00:00+00:00
29.6,84,1000.9,13.5,42,2025-05-25 17:00:00+00:00
29.4,85,1001.5,12.4,14,2025-05-25 18:00:00+00:00
29.2,86,1001.4,12.1,39,2025-05-25 19:00:00+00:00
29.1,86,1001.2,13.7,32,2025-05-25 20:00:00+00:00
29.0,87,1001.1,14.2,28,2025-05-25 21:00:00+00:00
29.0,86,1001.1,13.6,47,2025-05-25 22:00:00+00:00
28.9,86,1001.3,12.8,25,2025-05-25 23:00:00+00:00
28.8,87,1001.7,12.4,74,2025-05-26 00:00:00+00:00
29.1,84,1001.9,12.7,8,2025-05-26 01:00:00+00:00
29.4,81,1002.2,13.0,3,2025-05-26 02:00:00+00:00
30.6,74,1002.4,13.4,0,2025-05-26 03:00:00+00:00
32.0,67,1002.5,13.8,3,2025-05-26 04:00:00+00:00
33.3,62,1002.2,13.7,11,2025-05-26 05:00:00+00:00
34.5,58,1001.9,14.3,8,2025-05-26 06:00:00+00:00
35.3,56,1001.3,14.9,1,2025-05-26 07:00:00+00:00
35.5,54,1000.5,16.4,0,2025-05-26 08:00:00+00:00
35.3,54,999.6,16.9,0,2025-05-26 09:00:00+00:00
34.5,57,998.8,17.2,0,2025-05-26 10:00:00+00:00
33.7,60,998.5,17.1,0,2025-05-26 11:00:00+00:00
32.9,63,997.9,16.6,0,2025-05-26 12:00:00+00:00
31.9,68,998.3,14.6,2,2025-05-26 13:00:00+00:00
30.5,79,998.2,14.5,1,2025-05-26 14:00:00+00:00
29.6,85,998.8,11.7,2,2025-05-26 15:00:00+00:00
29.4,87,999.4,14.4,28,2025-05-26 16:00:00+00:00
29.4,86,1000.1,13.4,27,2025-05-26 17:00:00+00:00
29.5,83,1000.5,14.5,51,2025-05-26 18:00:00+00:00
29.5,82,1000.2,15.4,98,2025-05-26 19:00:00+00:00
29.4,81,999.5,14.5,36,2025-05-26 20:00:00+00:00
29.0,85,999.1,13.9,41,2025-05-26 21:00:00+00:00
28.8,85,998.7,14.8,46,2025-05-26 22:00:00+00:00
28.8,86,998.9,16.2,39,2025-05-26 23:00:00+00:00
28.6,86,999.0,15.9,47,2025-05-27 00:00:00+00:00
28.9,84,999.1,15.4,7,2025-05-27 01:00:00+00:00
29.3,81,999.5,16.4,2,2025-05-27 02:00:00+00:00
30.4,74,999.7,16.6,1,2025-05-27 03:00:00+00:00
31.6,69,1000.1,15.7,2,2025-05-27 04:00:00+00:00
32.7,63,1000.0,15.1,0,2025-05-27 05:00:00+00:00
33.4,60,999.9,16.1,0,2025-05-27 06:00:00+00:00
33.9,58,999.5,16.2,0,2025-05-27 07:00:00+00:00
34.0,58,998.9,16.5,0,2025-05-27 08:00:00+00:00
33.7,60,998.0,17.8,0,2025-05-27 09:00:00+00:00
32.9,66,997.5,19.1,5,2025-05-27 10:00:00+00:00
32.2,68,997.0,19.1,8,2025-05-27 11:00:00+00:00
31.8,71,996.7,18.6,15,2025-05-27 12:00:00+00:00
31.3,75,997.0,16.1,17,2025-05-27 13:00:00+00:00
30.5,78,997.0,16.1,29,2025-05-27 14:00:00+00:00
30.0,80,997.5,16.0,38,2025-05-27 15:00:00+00:00
29.8,80,997.9,15.5,43,2025-05-27 16:00:00+00:00
29.6,80,998.2,15.3,59,2025-05-27 17:00:00+00:00
29.4,81,998.8,11.9,67,2025-05-27 18:00:00+00:00
29.4,82,998.9,11.2,40,2025-05-27 19:00:00+00:00
29.0,86,998.2,9.2,8,2025-05-27 20:00:00+00:00
28.6,89,997.7,10.5,9,2025-05-27 21:00:00+00:00
28.6,88,997.6,12.8,10,2025-05-27 22:00:00+00:00
28.5,88,997.4,13.1,5,2025-05-27 23:00:00+00:00
28.5,88,997.5,12.9,5,2025-05-28 00:00:00+00:00
28.8,92,997.8,12.5,26,2025-05-28 01:00:00+00:00
29.4,87,998.6,16.3,27,2025-05-28 02:00:00+00:00
30.4,80,999.0,17.3,28,2025-05-28 03:00:00+00:00
31.6,72,999.2,17.7,67,2025-05-28 04:00:00+00:00
32.8,66,999.2,16.6,72,2025-05-28 05:00:00+00:00
33.9,62,998.7,15.0,71,2025-05-28 06:00:00+00:00
34.5,61,998.1,14.1,46,2025-05-28 07:00:00+00:00
34.5,62,997.5,15.6,10,2025-05-28 08:00:00+00:00
34.1,65,996.5,16.0,23,2025-05-28 09:00:00+00:00
33.7,66,995.9,15.3,4,2025-05-28 10:00:00+00:00
33.0,68,995.3,14.6,0,2025-05-28 11:00:00+00:00
32.3,73,995.1,13.1,0,2025-05-28 12:00:00+00:00
30.8,79,995.9,12.9,4,2025-05-28 13:00:00+00:00
30.1,84,996.0,10.0,17,2025-05-28 14:00:00+00:00
29.7,86,995.7,12.5,11,2025-05-28 15:00:00+00:00
29.6,87,997.2,11.2,9,2025-05-28 16:00:00+00:00
29.5,86,997.5,8.1,0,2025-05-28 17:00:00+00:00
29.2,87,998.0,5.9,0,2025-05-28 18:00:00+00:00
28.9,90,997.4,8.1,0,2025-05-28 19:00:00+00:00
28.7,91,997.1,7.8,0,2025-05-28 20:00:00+00:00
28.5,92,996.2,9.0,0,2025-05-28 21:00:00+00:00
28.3,92,995.7,10.2,0,2025-05-28 22:00:00+00:00
28.3,91,995.7,11.6,0,2025-05-28 23:00:00+00:00
28.2,92,995.8,10.0,0,2025-05-29 00:00:00+00:00
29.0,92,996.6,6.3,72,2025-05-29 01:00:00+00:00
29.5,88,997.1,4.1,0,2025-05-29 02:00:00+00:00
30.7,81,997.2,0.9,0,2025-05-29 03:00:00+00:00
32.7,69,997.5,1.2,0,2025-05-29 04:00:00+00:00
34.9,59,997.2,4.5,0,2025-05-29 05:00:00+00:00
35.4,61,997.1,12.4,0,2025-05-29 06:00:00+00:00
35.5,62,996.4,12.8,0,2025-05-29 07:00:00+00:00
36.0,55,995.6,14.5,0,2025-05-29 08:00:00+00:00
36.6,48,994.9,15.1,0,2025-05-29 09:00:00+00:00
36.8,43,994.1,15.8,0,2025-05-29 10:00:00+00:00
36.1,44,993.6,15.9,0,2025-05-29 11:00:00+00:00
35.5,44,993.0,15.2,0,2025-05-29 12:00:00+00:00
34.1,50,993.5,11.1,0,2025-05-29 13:00:00+00:00
33.5,48,993.7,10.6,0,2025-05-29 14:00:00+00:00
32.6,50,993.9,14.4,0,2025-05-29 15:00:00+00:00
32.2,51,994.5,15.1,0,2025-05-29 16:00:00+00:00
32.8,45,995.0,16.9,0,2025-05-29 17:00:00+00:00
32.1,52,995.0,21.6,0,2025-05-29 18:00:00+00:00
31.5,59,994.8,20.3,0,2025-05-29 19:00:00+00:00
31.2,59,994.1,15.7,0,2025-05-29 20:00:00+00:00
30.5,65,994.1,19.7,0,2025-05-29 21:00:00+00:00
30.4,63,994.0,17.9,0,2025-05-29 22:00:00+00:00
30.4,60,994.0,17.0,0,2025-05-29 23:00:00+00:00
30.2,61,994.4,15.9,0,2025-05-30 00:00:00+00:00
30.0,73,994.9,18.5,0,2025-05-30 01:00:00+00:00
30.4,74,995.6,14.6,0,2025-05-30 02:00:00+00:00
31.1,75,996.1,13.7,0,2025-05-30 03:00:00+00:00
33.1,61,996.4,15.4,0,2025-05-30 04:00:00+00:00
35.5,43,996.3,17.5,0,2025-05-30 05:00:00+00:00
37.2,32,995.9,18.2,0,2025-05-30 06:00:00+00:00
38.3,25,995.4,20.9,0,2025-05-30 07:00:00+00:00
37.9,31,994.7,22.5,0,2025-05-30 08:00:00+00:00
36.6,44,994.1,24.7,0,2025-05-30 09:00:00+00:00
36.1,44,993.4,23.5,0,2025-05-30 10:00:00+00:00
35.1,51,993.0,21.2,0,2025-05-30 11:00:00+00:00
33.8,56,992.9,18.4,0,2025-05-30 12:00:00+00:00
32.5,60,993.7,19.2,0,2025-05-30 13:00:00+00:00
30.8,68,994.1,15.0,0,2025-05-30 14:00:00+00:00
30.3,74,994.6,15.6,0,2025-05-30 15:00:00+00:00
30.1,77,995.1,14.2,0,2025-05-30 16:00:00+00:00
29.8,78,995.7,15.8,0,2025-05-30 17:00:00+00:00
29.8,78,996.3,17.6,0,2025-05-30 18:00:00+00:00
29.5,82,996.2,18.7,0,2025-05-30 19:00:00+00:00
29.1,87,996.1,15.8,3,2025-05-30 20:00:00+00:00
28.9,89,996.0,17.0,7,2025-05-30 21:00:00+00:00
28.8,90,996.1,20.0,9,2025-05-30 22:00:00+00:00
28.7,91,996.3,18.5,3,2025-05-30 23:00:00+00:00
28.6,91,996.8,18.5,1,2025-05-31 00:00:00+00:00
28.8,90,997.9,17.2,2,2025-05-31 01:00:00+00:00
29.3,87,998.4,19.5,20,2025-05-31 02:00:00+00:00
30.2,82,999.1,17.9,4,2025-05-31 03:00:00+00:00
31.3,75,999.2,17.4,1,2025-05-31 04:00:00+00:00
32.9,64,999.0,17.8,0,2025-05-31 05:00:00+00:00
34.5,52,998.7,19.4,0,2025-05-31 06:00:00+00:00
35.5,45,998.1,21.1,0,2025-05-31 07:00:00+00:00
35.9,41,997.5,21.2,0,2025-05-31 08:00:00+00:00
36.3,37,996.7,20.9,0,2025-05-31 09:00:00+00:00
35.9,38,996.3,18.4,0,2025-05-31 10:00:00+00:00
34.4,54,996.1,17.7,0,2025-05-31 11:00:00+00:00
33.5,58,995.9,17.7,0,2025-05-31 12:00:00+00:00
32.2,69,995.9,17.7,8,2025-05-31 13:00:00+00:00
30.4,80,996.3,17.1,0,2025-05-31 14:00:00+00:00
29.7,85,997.0,18.2,0,2025-05-31 15:00:00+00:00
29.5,86,997.4,18.2,6,2025-05-31 16:00:00+00:00
29.4,86,997.9,16.0,4,2025-05-31 17:00:00+00:00
29.2,86,998.3,14.5,2,2025-05-31 18:00:00+00:00
29.4,81,998.2,14.8,1,2025-05-31 19:00:00+00:00
29.4,80,997.7,15.8,17,2025-05-31 20:00:00+00:00
29.3,79,997.2,15.8,54,2025-05-31 21:00:00+00:00
29.2,79,997.1,15.3,41,2025-05-31 22:00:00+00:00
29.3,78,996.7,16.2,42,2025-05-31 23:00:00+00:00
29.1,79,996.9,14.4,66,2025-06-01 00:00:00+00:00
28.7,89,998.2,13.4,0,2025-06-01 01:00:00+00:00
29.1,88,998.6,13.4,0,2025-06-01 02:00:00+00:00
30.4,79,998.8,15.6,0,2025-06-01 03:00:00+00:00
32.2,64,998.9,16.7,0,2025-06-01 04:00:00+00:00
33.7,55,998.7,15.3,67,2025-06-01 05:00:00+00:00
35.6,42,998.6,15.3,86,2025-06-01 06:00:00+00:00
36.5,36,998.0,16.6,85,2025-06-01 07:00:00+00:00
37.2,29,997.4,17.5,73,2025-06-01 08:00:00+00:00
37.7,24,996.8,18.6,25,2025-06-01 09:00:00+00:00
36.4,34,996.2,18.9,50,2025-06-01 10:00:00+00:00
34.7,53,995.7,19.8,66,2025-06-01 11:00:00+00:00
33.9,49,995.4,18.9,13,2025-06-01 12:00:00+00:00
32.9,58,995.5,15.3,0,2025-06-01 13:00:00+00:00
31.6,66,995.7,14.0,0,2025-06-01 14:00:00+00:00
30.8,74,996.1,12.2,18,2025-06-01 15:00:00+00:00
30.4,75,996.9,7.0,53,2025-06-01 16:00:00+00:00
29.9,79,997.5,11.8,51,2025-06-01 17:00:00+00:00
29.5,84,997.4,13.6,59,2025-06-01 18:00:00+00:00
29.3,85,997.1,15.9,22,2025-06-01 19:00:00+00:00
28.9,88,996.5,15.9,58,2025-06-01 20:00:00+00:00
28.9,86,996.0,15.1,66,2025-06-01 21:00:00+00:00
29.0,83,995.7,15.8,69,2025-06-01 22:00:00+00:00
28.9,84,995.8,14.7,78,2025-06-01 23:00:00+00:00
28.6,86,996.0,13.8,53,2025-06-02 00:00:00+00:00
29.3,82,996.5,12.7,46,2025-06-02 01:00:00+00:00
29.8,78,996.9,11.0,47,2025-06-02 02:00:00+00:00
30.8,73,997.3,12.7,63,2025-06-02 03:00:00+00:00
32.0,66,997.6,13.4,73,2025-06-02 04:00:00+00:00
32.8,62,997.5,15.3,59,2025-06-02 05:00:00+00:00
33.3,60,997.3,16.5,64,2025-06-02 06:00:00+00:00
33.8,57,996.8,16.8,10,2025-06-02 07:00:00+00:00
33.6,59,996.4,18.0,77,2025-06-02 08:00:00+00:00
33.3,61,995.9,18.4,83,2025-06-02 09:00:00+00:00
32.9,63,995.7,18.5,91,2025-06-02 10:00:00+00:00
32.4,67,995.5,17.6,40,2025-06-02 11:00:00+00:00
31.6,72,995.2,17.2,18,2025-06-02 12:00:00+00:00
30.8,77,995.8,16.0,4,2025-06-02 13:00:00+00:00
29.7,84,996.0,15.5,3,2025-06-02 14:00:00+00:00
29.5,85,996.9,15.1,15,2025-06-02 15:00:00+00:00
29.3,84,997.6,15.1,40,2025-06-02 16:00:00+00:00
29.1,83,998.0,16.2,61,2025-06-02 17:00:00+00:00
29.1,80,998.4,16.0,76,2025-06-02 18:00:00+00:00
29.0,80,998.4,16.6,73,2025-06-02 19:00:00+00:00
28.7,82,997.7,17.5,68,2025-06-02 20:00:00+00:00
28.4,85,997.2,15.0,45,2025-06-02 21:00:00+00:00
28.1,87,997.2,14.9,12,2025-06-02 22:00:00+00:00
28.1,87,997.3,15.3,5,2025-06-02 23:00:00+00:00
28.0,88,997.7,14.8,2,2025-06-03 00:00:00+00:00
28.3,89,998.2,13.8,22,2025-06-03 01:00:00+00:00
28.8,86,998.9,14.9,17,2025-06-03 02:00:00+00:00
29.6,80,999.3,15.8,18,2025-06-03 03:00:00+00:00
30.5,74,999.5,16.2,27,2025-06-03 04:00:00+00:00
31.3,68,999.6,16.7,61,2025-06-03 05:00:00+00:00
31.7,67,999.5,17.3,79,2025-06-03 06:00:00+00:00
32.0,67,999.3,18.4,74,2025-06-03 07:00:00+00:00
32.2,67,998.7,18.0,86,2025-06-03 08:00:00+00:00
32.2,67,997.9,17.7,67,2025-06-03 09:00:00+00:00
32.0,68,997.4,17.3,87,2025-06-03 10:00:00+00:00
31.7,70,997.2,16.3,4,2025-06-03 11:00:00+00:00
31.2,72,996.9,15.1,0,2025-06-03 12:00:00+00:00
30.4,77,997.4,14.9,1,2025-06-03 13:00:00+00:00
29.6,82,997.9,15.5,1,2025-06-03 14:00:00+00:00
29.0,87,998.3,15.0,1,2025-06-03 15:00:00+00:00
28.9,88,999.3,15.9,17,2025-06-03 16:00:00+00:00
28.8,89,999.9,15.3,20,2025-06-03 17:00:00+00:00
28.6,90,1000.1,14.2,28,2025-06-03 18:00:00+00:00
28.5,90,1000.0,11.5,40,2025-06-03 19:00:00+00:00
28.2,92,999.7,10.6,34,2025-06-03 20:00:00+00:00
28.0,91,999.3,10.7,48,2025-06-03 21:00:00+00:00
28.0,90,999.2,11.7,30,2025-06-03 22:00:00+00:00
28.0,89,999.2,12.9,29,2025-06-03 23:00:00+00:00
28.0,89,999.6,13.7,20,2025-06-04 00:00:00+00:00
28.6,81,999.9,12.2,7,2025-06-04 01:00:00+00:00
29.1,77,1000.3,14.6,34,2025-06-04 02:00:00+00:00
29.8,72,1001.2,15.8,37,2025-06-04 03:00:00+00:00
30.7,68,1002.1,15.1,22,2025-06-04 04:00:00+00:00
31.6,62,1002.5,16.4,54,2025-06-04 05:00:00+00:00
31.8,62,1002.6,18.1,58,2025-06-04 06:00:00+00:00
32.0,62,1002.2,18.5,45,2025-06-04 07:00:00+00:00
32.4,59,1001.8,18.7,51,2025-06-04 08:00:00+00:00
32.5,59,1001.1,18.9,65,2025-06-04 09:00:00+00:00
32.6,59,1000.8,18.6,63,2025-06-04 10:00:00+00:00
32.2,61,1000.4,18.8,56,2025-06-04 11:00:00+00:00
31.7,63,1000.3,18.4,54,2025-06-04 12:00:00+00:00
30.9,68,1001.0,15.5,6,2025-06-04 13:00:00+00:00
30.4,70,1001.6,15.8,49,2025-06-04 14:00:00+00:00
30.0,74,1002.2,14.9,48,2025-06-04 15:00:00+00:00
29.6,77,1003.0,15.8,28,2025-06-04 16:00:00+00:00
29.3,78,1003.5,15.2,31,2025-06-04 17:00:00+00:00
29.1,80,1003.7,14.4,34,2025-06-04 18:00:00+00:00
29.0,81,1003.8,11.9,36,2025-06-04 19:00:00+00:00
28.6,83,1003.3,11.2,14,2025-06-04 20:00:00+00:00
28.5,82,1003.1,10.6,37,2025-06-04 21:00:00+00:00
28.5,81,1002.9,11.0,35,2025-06-04 22:00:00+00:00
28.4,80,1003.0,11.1,28,2025-06-04 23:00:00+00:00
28.3,80,1003.6,10.7,13,2025-06-05 00:00:00+00:00
28.6,78,1004.2,10.8,20,2025-06-05 01:00:00+00:00
29.0,73,1005.0,12.1,26,2025-06-05 02:00:00+00:00
29.8,68,1005.8,12.6,15,2025-06-05 03:00:00+00:00
30.6,64,1006.3,13.7,55,2025-06-05 04:00:00+00:00
31.3,60,1006.6,14.8,96,2025-06-05 05:00:00+00:00
31.6,59,1006.6,14.8,76,2025-06-05 06:00:00+00:00
32.4,57,1006.4,14.9,31,2025-06-05 07:00:00+00:00
32.6,56,1005.9,14.9,8,2025-06-05 08:00:00+00:00
32.7,56,1005.4,15.4,4,2025-06-05 09:00:00+00:00
32.6,56,1004.9,15.3,4,2025-06-05 10:00:00+00:00
32.2,59,1004.5,14.7,4,2025-06-05 11:00:00+00:00
31.7,61,1004.3,13.7,3,2025-06-05 12:00:00+00:00
31.2,66,1004.7,12.5,6,2025-06-05 13:00:00+00:00
30.5,70,1005.2,12.4,12,2025-06-05 14:00:00+00:00
30.1,71,1005.9,11.9,8,2025-06-05 15:00:00+00:00
29.9,73,1006.5,11.5,13,2025-06-05 16:00:00+00:00
29.5,77,1007.0,10.8,54,2025-06-05 17:00:00+00:00
29.3,80,1007.2,11.9,14,2025-06-05 18:00:00+00:00
29.1,80,1007.1,11.5,19,2025-06-05 19:00:00+00:00
28.8,81,1006.9,10.3,21,2025-06-05 20:00:00+00:00
28.7,80,1006.4,9.9,36,2025-06-05 21:00:00+00:00
28.6,79,1006.2,11.0,22,2025-06-05 22:00:00+00:00
28.6,78,1006.3,11.7,21,2025-06-05 23:00:00+00:00
28.4,78,1006.5,11.7,7,2025-06-06 00:00:00+00:00
28.5,80,1006.7,10.9,26,2025-06-06 01:00:00+00:00
29.2,76,1007.5,12.3,24,2025-06-06 02:00:00+00:00
30.3,69,1007.9,13.7,32,2025-06-06 03:00:00+00:00
31.3,63,1008.5,14.5,100,2025-06-06 04:00:00+00:00
31.8,60,1008.5,14.5,86,2025-06-06 05:00:00+00:00
32.6,56,1008.4,15.4,60,2025-06-06 06:00:00+00:00
33.2,52,1008.1,16.0,89,2025-06-06 07:00:00+00:00
33.2,54,1007.8,16.3,43,2025-06-06 08:00:00+00:00
33.1,54,1007.0,16.8,29,2025-06-06 09:00:00+00:00
32.7,56,1006.4,17.2,1,2025-06-06 10:00:00+00:00
32.2,59,1006.1,17.9,0,2025-06-06 11:00:00+00:00
31.4,62,1005.8,17.5,0,2025-06-06 12:00:00+00:00
30.9,62,1006.2,17.1,0,2025-06-06 13:00:00+00:00
30.2,67,1006.2,16.4,0,2025-06-06 14:00:00+00:00
29.7,69,1006.7,15.7,0,2025-06-06 15:00:00+00:00
29.4,70,1007.3,15.2,0,2025-06-06 16:00:00+00:00
29.3,72,1007.6,14.6,0,2025-06-06 17:00:00+00:00
28.9,75,1007.5,14.2,2,2025-06-06 18:00:00+00:00
28.6,77,1007.1,13.7,5,2025-06-06 19:00:00+00:00
28.3,79,1006.7,13.2,14,2025-06-06 20:00:00+00:00
28.0,81,1006.2,13.2,25,2025-06-06 21:00:00+00:00
28.0,81,1005.8,14.1,41,2025-06-06 22:00:00+00:00
28.0,80,1005.9,14.6,23,2025-06-06 23:00:00+00:00
27.9,80,1005.9,15.3,20,2025-06-07 00:00:00+00:00
28.1,81,1006.6,14.9,18,2025-06-07 01:00:00+00:00
28.6,78,1007.2,16.4,14,2025-06-07 02:00:00+00:00
29.6,71,1007.8,17.3,27,2025-06-07 03:00:00+00:00
30.6,65,1008.1,17.8,18,2025-06-07 04:00:00+00:00
31.5,61,1008.1,18.0,3,2025-06-07 05:00:00+00:00
32.2,58,1007.8,18.6,0,2025-06-07 06:00:00+00:00
32.5,58,1007.6,19.1,0,2025-06-07 07:00:00+00:00
32.6,57,1007.0,19.7,0,2025-06-07 08:00:00+00:00
32.5,59,1006.1,20.0,0,2025-06-07 09:00:00+00:00
32.2,60,1005.6,20.6,0,2025-06-07 10:00:00+00:00
31.7,62,1005.3,20.5,0,2025-06-07 11:00:00+00:00
31.1,65,1004.9,20.0,0,2025-06-07 12:00:00+00:00
30.7,68,1005.2,18.8,1,2025-06-07 13:00:00+00:00
29.9,71,1005.3,17.9,3,2025-06-07 14:00:00+00:00
29.5,74,1005.7,17.4,7,2025-06-07 15:00:00+00:00
29.2,75,1006.1,16.5,10,2025-06-07 16:00:00+00:00
29.0,76,1006.4,15.4,4,2025-06-07 17:00:00+00:00
28.7,78,1006.5,14.7,5,2025-06-07 18:00:00+00:00
28.5,80,1006.3,14.9,17,2025-06-07 19:00:00+00:00
28.4,81,1005.9,14.2,38,2025-06-07 20:00:00+00:00
28.3,80,1005.5,14.8,45,2025-06-07 21:00:00+00:00
28.3,80,1005.4,14.0,23,2025-06-07 22:00:00+00:00
28.2,79,1005.5,13.7,11,2025-06-07 23:00:00+00:00
28.1,78,1005.6,13.8,4,2025-06-08 00:00:00+00:00
28.3,78,1006.0,14.5,1,2025-06-08 01:00:00+00:00
28.8,75,1006.4,15.6,5,2025-06-08 02:00:00+00:00
29.6,71,1006.9,15.8,4,2025-06-08 03:00:00+00:00
30.6,66,1007.3,16.3,7,2025-06-08 04:00:00+00:00
31.5,61,1007.2,17.2,17,2025-06-08 05:00:00+00:00
32.0,60,1007.1,17.3,20,2025-06-08 06:00:00+00:00
32.4,58,1006.9,17.6,6,2025-06-08 07:00:00+00:00
32.5,58,1006.2,18.3,12,2025-06-08 08:00:00+00:00
32.3,59,1005.5,19.2,21,2025-06-08 09:00:00+00:00
32.1,60,1004.9,20.1,3,2025-06-08 10:00:00+00:00
31.7,61,1004.5,19.9,2,2025-06-08 11:00:00+00:00
31.2,66,1004.2,18.9,2,2025-06-08 12:00:00+00:00
30.6,69,1004.6,18.3,2,2025-06-08 13:00:00+00:00
29.9,73,1005.0,17.0,13,2025-06-08 14:00:00+00:00
29.6,75,1005.5,15.9,14,2025-06-08 15:00:00+00:00
29.4,76,1006.2,15.9,19,2025-06-08 16:00:00+00:00
29.2,76,1006.5,16.2,18,2025-06-08 17:00:00+00:00
29.1,76,1006.5,15.8,32,2025-06-08 18:00:00+00:00
29.0,76,1006.1,15.9,29,2025-06-08 19:00:00+00:00
28.7,78,1005.8,15.3,19,2025-06-08 20:00:00+00:00
28.5,79,1005.3,14.8,22,2025-06-08 21:00:00+00:00
28.4,78,1004.9,15.0,2,2025-06-08 22:00:00+00:00
28.2,78,1005.0,14.8,15,2025-06-08 23:00:00+00:00
28.1,78,1005.1,14.1,31,2025-06-09 00:00:00+00:00
28.4,76,1005.5,13.2,19,2025-06-09 01:00:00+00:00
28.8,73,1006.0,14.7,8,2025-06-09 02:00:00+00:00
29.6,69,1006.5,15.5,2,2025-06-09 03:00:00+00:00
30.6,64,1006.7,16.2,1,2025-06-09 04:00:00+00:00
31.3,62,1006.6,17.4,15,2025-06-09 05:00:00+00:00
32.0,60,1006.5,18.2,13,2025-06-09 06:00:00+00:00
32.4,57,1006.0,18.7,5,2025-06-09 07:00:00+00:00
32.4,58,1005.3,19.6,19,2025-06-09 08:00:00+00:00
32.2,60,1004.4,20.5,28,2025-06-09 09:00:00+00:00
31.9,62,1003.7,20.8,11,2025-06-09 10:00:00+00:00
31.6,63,1003.3,20.6,20,2025-06-09 11:00:00+00:00
31.1,65,1003.0,19.7,13,2025-06-09 12:00:00+00:00
30.7,67,1003.6,17.5,3,2025-06-09 13:00:00+00:00
30.0,70,1003.7,17.6,15,2025-06-09 14:00:00+00:00
29.6,73,1004.1,17.4,9,2025-06-09 15:00:00+00:00
29.4,74,1004.3,16.7,17,2025-06-09 16:00:00+00:00
29.3,74,1004.7,16.6,16,2025-06-09 17:00:00+00:00
28.9,76,1004.7,15.9,27,2025-06-09 18:00:00+00:00
28.8,77,1004.2,15.6,16,2025-06-09 19:00:00+00:00
28.6,78,1003.6,15.1,23,2025-06-09 20:00:00+00:00
28.5,78,1003.0,15.3,33,2025-06-09 21:00:00+00:00
28.6,76,1002.9,16.2,40,2025-06-09 22:00:00+00:00
28.5,76,1002.9,16.0,13,2025-06-09 23:00:00+00:00
28.4,76,1003.1,15.2,16,2025-06-10 00:00:00+00:00
28.9,78,1003.2,14.8,31,2025-06-10 01:00:00+00:00
29.6,73,1003.6,16.3,17,2025-06-10 02:00:00+00:00
30.5,67,1004.0,18.1,19,2025-06-10 03:00:00+00:00
31.3,63,1004.2,19.1,22,2025-06-10 04:00:00+00:00
32.0,59,1003.9,19.8,22,2025-06-10 05:00:00+00:00
32.5,57,1003.8,20.0,39,2025-06-10 06:00:00+00:00
33.1,54,1003.4,20.6,36,2025-06-10 07:00:00+00:00
33.1,53,1002.8,21.7,41,2025-06-10 08:00:00+00:00
32.6,56,1002.0,21.1,20,2025-06-10 09:00:00+00:00
32.3,59,1001.3,20.7,28,2025-06-10 10:00:00+00:00
31.8,61,1001.0,20.7,18,2025-06-10 11:00:00+00:00
31.1,65,1000.8,19.4,22,2025-06-10 12:00:00+00:00
30.6,66,1001.5,17.3,2,2025-06-10 13:00:00+00:00
30.0,69,1001.8,18.4,43,2025-06-10 14:00:00+00:00
29.7,71,1002.1,18.0,20,2025-06-10 15:00:00+00:00
29.8,70,1002.7,16.1,37,2025-06-10 16:00:00+00:00
29.5,73,1003.1,16.3,21,2025-06-10 17:00:00+00:00
29.3,75,1003.4,16.1,35,2025-06-10 18:00:00+00:00
29.2,77,1003.1,16.1,43,2025-06-10 19:00:00+00:00
29.0,78,1002.5,15.0,33,2025-06-10 20:00:00+00:00
28.8,79,1001.8,14.9,33,2025-06-10 21:00:00+00:00
28.7,79,1001.6,15.3,26,2025-06-10 22:00:00+00:00
28.6,79,1001.6,15.2,22,2025-06-10 23:00:00+00:00
28.5,79,1001.9,13.8,17,2025-06-11 00:00:00+00:00
29.0,79,1002.0,14.1,15,2025-06-11 01:00:00+00:00
29.5,75,1002.7,15.5,20,2025-06-11 02:00:00+00:00
30.5,69,1003.3,16.9,43,2025-06-11 03:00:00+00:00
31.3,64,1003.1,19.0,54,2025-06-11 04:00:00+00:00
32.0,60,1003.1,18.8,51,2025-06-11 05:00:00+00:00
32.5,59,1003.1,18.7,94,2025-06-11 06:00:00+00:00
32.3,61,1002.9,19.9,100,2025-06-11 07:00:00+00:00
32.2,61,1002.6,19.7,73,2025-06-11 08:00:00+00:00
32.9,59,1001.6,20.9,100,2025-06-11 09:00:00+00:00
32.6,60,1000.8,20.7,43,2025-06-11 10:00:00+00:00
32.3,60,1000.3,19.8,43,2025-06-11 11:00:00+00:00
31.8,65,1000.1,18.4,8,2025-06-11 12:00:00+00:00
30.9,69,1000.5,16.1,0,2025-06-11 13:00:00+00:00
30.0,75,1000.6,13.7,0,2025-06-11 14:00:00+00:00
29.5,79,1000.8,12.1,1,2025-06-11 15:00:00+00:00
29.2,81,1001.5,14.9,54,2025-06-11 16:00:00+00:00
29.3,81,1002.2,15.3,40,2025-06-11 17:00:00+00:00
29.1,83,1002.5,14.5,39,2025-06-11 18:00:00+00:00
29.0,84,1002.1,14.3,12,2025-06-11 19:00:00+00:00
28.7,86,1001.6,13.9,81,2025-06-11 20:00:00+00:00
28.5,86,1001.2,14.1,74,2025-06-11 21:00:00+00:00
28.5,86,1001.0,14.7,89,2025-06-11 22:00:00+00:00
28.5,85,1001.0,16.6,44,2025-06-11 23:00:00+00:00
28.6,83,1001.0,16.7,95,2025-06-12 00:00:00+00:00
28.5,85,1001.3,15.0,100,2025-06-12 01:00:00+00:00
28.9,83,1001.5,14.4,19,2025-06-12 02:00:00+00:00
30.1,75,1002.0,18.6,67,2025-06-12 03:00:00+00:00
31.2,67,1001.9,20.0,93,2025-06-12 04:00:00+00:00
32.0,63,1001.7,18.8,49,2025-06-12 05:00:00+00:00
32.5,62,1001.5,18.4,47,2025-06-12 06:00:00+00:00
32.7,62,1001.0,18.1,21,2025-06-12 07:00:00+00:00
32.8,63,1000.4,18.7,11,2025-06-12 08:00:00+00:00
33.0,63,999.4,18.9,5,2025-06-12 09:00:00+00:00
32.6,65,998.6,19.7,0,2025-06-12 10:00:00+00:00
31.9,68,998.4,17.3,6,2025-06-12 11:00:00+00:00
31.5,72,997.8,16.8,1,2025-06-12 12:00:00+00:00
30.7,78,998.2,15.6,1,2025-06-12 13:00:00+00:00
29.8,83,998.3,13.6,19,2025-06-12 14:00:00+00:00
29.7,82,999.4,13.7,45,2025-06-12 15:00:00+00:00
29.7,83,999.8,12.1,62,2025-06-12 16:00:00+00:00
29.6,83,1000.1,8.2,2,2025-06-12 17:00:00+00:00
28.9,88,1000.4,9.9,34,2025-06-12 18:00:00+00:00
28.8,88,1000.3,11.5,39,2025-06-12 19:00:00+00:00
28.6,89,1000.0,11.9,23,2025-06-12 20:00:00+00:00
28.5,89,999.6,11.7,26,2025-06-12 21:00:00+00:00
28.3,91,999.5,11.6,31,2025-06-12 22:00:00+00:00
28.2,90,999.4,11.0,36,2025-06-12 23:00:00+00:00
28.2,90,999.5,9.4,57,2025-06-13 00:00:00+00:00
28.3,93,999.6,10.1,42,2025-06-13 01:00:00+00:00
29.1,87,1000.2,11.1,19,2025-06-13 02:00:00+00:00
30.1,80,1000.5,12.8,22,2025-06-13 03:00:00+00:00
31.2,74,1000.5,12.7,10,2025-06-13 04:00:00+00:00
32.4,69,1000.3,14.4,15,2025-06-13 05:00:00+00:00
33.4,65,999.7,14.7,4,2025-06-13 06:00:00+00:00
34.6,59,998.9,14.9,1,2025-06-13 07:00:00+00:00
35.4,55,998.1,14.5,0,2025-06-13 08:00:00+00:00
35.2,58,997.3,14.7,0,2025-06-13 09:00:00+00:00
34.1,64,996.7,14.5,0,2025-06-13 10:00:00+00:00
32.6,73,996.1,14.9,4,2025-06-13 11:00:00+00:00
31.5,78,996.1,15.7,0,2025-06-13 12:00:00+00:00
30.8,82,996.7,17.4,2,2025-06-13 13:00:00+00:00
30.0,86,996.7,19.1,17,2025-06-13 14:00:00+00:00
30.1,86,997.8,15.4,39,2025-06-13 15:00:00+00:00
29.9,88,997.9,13.7,32,2025-06-13 16:00:00+00:00
29.9,88,998.5,12.3,89,2025-06-13 17:00:00+00:00
29.5,89,999.0,9.6,100,2025-06-13 18:00:00+00:00
29.2,91,998.5,11.4,88,2025-06-13 19:00:00+00:00
28.9,93,998.3,10.9,32,2025-06-13 20:00:00+00:00
28.7,93,998.2,10.9,42,2025-06-13 21:00:00+00:00
28.8,92,997.8,11.3,15,2025-06-13 22:00:00+00:00
28.6,93,997.4,10.5,17,2025-06-13 23:00:00+00:00
28.4,94,997.4,10.4,22,2025-06-14 00:00:00+00:00
28.7,93,997.7,10.0,7,2025-06-14 01:00:00+00:00
29.1,89,997.9,6.6,5,2025-06-14 02:00:00+00:00
30.1,82,998.2,6.6,14,2025-06-14 03:00:00+00:00
31.3,75,998.1,7.4,100,2025-06-14 04:00:00+00:00
32.1,72,998.1,9.7,96,2025-06-14 05:00:00+00:00
32.2,73,997.7,11.9,16,2025-06-14 06:00:00+00:00
32.5,70,997.4,14.5,9,2025-06-14 07:00:00+00:00
32.8,70,996.6,14.5,7,2025-06-14 08:00:00+00:00
32.7,70,995.8,14.8,7,2025-06-14 09:00:00+00:00
32.5,72,995.2,14.2,5,2025-06-14 10:00:00+00:00
32.3,72,994.6,13.3,0,2025-06-14 11:00:00+00:00
31.8,73,994.1,9.7,1,2025-06-14 12:00:00+00:00
31.3,78,994.7,8.2,0,2025-06-14 13:00:00+00:00
30.6,79,995.2,7.9,0,2025-06-14 14:00:00+00:00
29.7,85,995.7,10.8,4,2025-06-14 15:00:00+00:00
29.4,89,996.2,14.1,7,2025-06-14 16:00:00+00:00
29.2,90,996.9,15.0,29,2025-06-14 17:00:00+00:00
29.2,88,997.4,11.8,21,2025-06-14 18:00:00+00:00
28.8,92,997.1,11.2,24,2025-06-14 19:00:00+00:00
28.6,92,996.8,8.3,33,2025-06-14 20:00:00+00:00
28.5,91,996.1,6.9,22,2025-06-14 21:00:00+00:00
28.2,93,995.4,3.8,29,2025-06-14 22:00:00+00:00
27.9,95,995.5,3.2,30,2025-06-14 23:00:00+00:00
27.8,94,995.7,1.0,11,2025-06-15 00:00:00+00:00
28.1,95,996.5,4.3,40,2025-06-15 01:00:00+00:00
28.5,91,996.6,5.2,26,2025-06-15 02:00:00+00:00
29.7,82,996.9,7.9,33,2025-06-15 03:00:00+00:00
30.7,75,996.8,9.0,18,2025-06-15 04:00:00+00:00
31.5,71,996.6,9.8,16,2025-06-15 05:00:00+00:00
32.1,67,996.2,10.7,12,2025-06-15 06:00:00+00:00
32.8,62,996.0,10.5,4,2025-06-15 07:00:00+00:00
33.4,58,995.2,12.1,0,2025-06-15 08:00:00+00:00
32.9,62,994.7,13.0,0,2025-06-15 09:00:00+00:00
32.8,67,994.3,11.2,0,2025-06-15 10:00:00+00:00
32.3,69,993.8,10.0,0,2025-06-15 11:00:00+00:00
32.0,69,993.6,9.2,1,2025-06-15 12:00:00+00:00
31.4,75,993.9,11.0,8,2025-06-15 13:00:00+00:00
30.7,77,994.8,10.5,6,2025-06-15 14:00:00+00:00
30.1,82,995.2,10.5,6,2025-06-15 15:00:00+00:00
29.9,84,995.6,11.2,2,2025-06-15 16:00:00+00:00
29.7,85,996.1,9.9,25,2025-06-15 17:00:00+00:00
29.5,87,996.3,7.7,60,2025-06-15 18:00:00+00:00
29.4,87,996.5,4.8,94,2025-06-15 19:00:00+00:00
29.4,87,996.6,6.0,9,2025-06-15 20:00:00+00:00
29.2,87,996.0,6.5,26,2025-06-15 21:00:00+00:00
29.1,88,995.9,6.1,17,2025-06-15 22:00:00+00:00
28.9,89,995.8,5.1,80,2025-06-15 23:00:00+00:00
28.9,89,995.9,5.3,100,2025-06-16 00:00:00+00:00
29.0,90,996.2,6.5,4,2025-06-16 01:00:00+00:00
29.6,85,996.1,7.9,14,2025-06-16 02:00:00+00:00
31.2,73,996.2,6.0,7,2025-06-16 03:00:00+00:00
33.6,59,996.1,4.6,2,2025-06-16 04:00:00+00:00
35.9,47,995.8,3.6,27,2025-06-16 05:00:00+00:00
37.4,40,995.7,4.7,35,2025-06-16 06:00:00+00:00
38.0,42,995.2,9.6,43,2025-06-16 07:00:00+00:00
36.8,50,994.8,12.7,63,2025-06-16 08:00:00+00:00
35.4,54,994.2,15.8,89,2025-06-16 09:00:00+00:00
34.9,57,994.8,9.8,100,2025-06-16 10:00:00+00:00
32.5,72,994.6,14.5,100,2025-06-16 11:00:00+00:00
32.1,73,994.2,10.3,100,2025-06-16 12:00:00+00:00
31.8,74,994.0,9.0,100,2025-06-16 13:00:00+00:00
31.1,80,994.7,8.6,100,2025-06-16 14:00:00+00:00
30.6,84,995.1,5.2,100,2025-06-16 15:00:00+00:00
30.3,89,995.4,5.6,100,2025-06-16 16:00:00+00:00
30.1,92,996.1,5.7,100,2025-06-16 17:00:00+00:00
29.9,92,996.7,7.6,100,2025-06-16 18:00:00+00:00
29.8,91,996.7,9.1,99,2025-06-16 19:00:00+00:00
29.6,91,996.6,8.3,100,2025-06-16 20:00:00+00:00
29.4,91,996.0,8.7,100,2025-06-16 21:00:00+00:00
29.3,91,995.9,7.7,100,2025-06-16 22:00:00+00:00
29.2,90,996.0,6.0,100,2025-06-16 23:00:00+00:00
29.1,91,996.1,7.0,100,2025-06-17 00:00:00+00:00
29.3,86,996.1,7.4,71,2025-06-17 01:00:00+00:00
29.8,85,996.7,6.9,53,2025-06-17 02:00:00+00:00
31.3,78,997.0,8.5,91,2025-06-17 03:00:00+00:00
33.3,67,997.4,7.6,84,2025-06-17 04:00:00+00:00
34.7,59,997.4,7.9,91,2025-06-17 05:00:00+00:00
35.9,53,997.1,11.4,53,2025-06-17 06:00:00+00:00
35.7,56,996.7,15.1,75,2025-06-17 07:00:00+00:00
35.2,57,996.3,15.2,96,2025-06-17 08:00:00+00:00
35.8,54,995.6,15.4,51,2025-06-17 09:00:00+00:00
36.1,50,995.0,15.9,42,2025-06-17 10:00:00+00:00
35.5,51,994.7,14.7,59,2025-06-17 11:00:00+00:00
34.5,55,994.9,13.4,36,2025-06-17 12:00:00+00:00
32.5,64,995.7,9.1,96,2025-06-17 13:00:00+00:00
31.0,81,996.0,11.7,90,2025-06-17 14:00:00+00:00
30.0,86,996.7,12.8,75,2025-06-17 15:00:00+00:00
29.8,88,997.2,14.3,89,2025-06-17 16:00:00+00:00
29.6,87,997.7,16.4,80,2025-06-17 17:00:00+00:00
29.4,87,998.1,15.8,100,2025-06-17 18:00:00+00:00
29.4,85,998.2,14.6,100,2025-06-17 19:00:00+00:00
29.3,84,997.9,15.4,100,2025-06-17 20:00:00+00:00
29.0,84,997.4,14.2,98,2025-06-17 21:00:00+00:00
28.8,86,997.2,14.6,100,2025-06-17 22:00:00+00:00
28.5,88,997.5,15.5,100,2025-06-17 23:00:00+00:00
28.3,89,997.8,15.1,98,2025-06-18 00:00:00+00:00
28.9,88,997.7,13.7,100,2025-06-18 01:00:00+00:00
29.4,85,998.2,14.6,100,2025-06-18 02:00:00+00:00
30.2,80,998.7,15.9,100,2025-06-18 03:00:00+00:00
31.2,74,998.8,16.9,100,2025-06-18 04:00:00+00:00
32.1,69,998.7,17.6,100,2025-06-18 05:00:00+00:00
32.7,66,998.6,17.3,98,2025-06-18 06:00:00+00:00
33.3,62,998.0,17.8,94,2025-06-18 07:00:00+00:00
33.5,61,997.5,18.5,93,2025-06-18 08:00:00+00:00
33.3,63,996.9,19.6,94,2025-06-18 09:00:00+00:00
32.9,65,996.5,20.7,90,2025-06-18 10:00:00+00:00
32.2,66,996.1,21.1,52,2025-06-18 11:00:00+00:00
31.5,69,996.0,21.0,61,2025-06-18 12:00:00+00:00
31.1,73,996.5,22.0,48,2025-06-18 13:00:00+00:00
30.2,81,996.8,20.2,31,2025-06-18 14:00:00+00:00
29.7,83,997.0,21.9,26,2025-06-18 15:00:00+00:00
29.7,84,997.6,20.0,34,2025-06-18 16:00:00+00:00
29.4,85,998.3,18.4,31,2025-06-18 17:00:00+00:00
29.2,86,998.0,18.0,22,2025-06-18 18:00:00+00:00
29.1,85,997.5,17.0,58,2025-06-18 19:00:00+00:00
28.9,86,997.1,17.4,32,2025-06-18 20:00:00+00:00
28.8,86,996.5,17.0,36,2025-06-18 21:00:00+00:00
28.9,85,996.4,16.7,47,2025-06-18 22:00:00+00:00
28.8,84,996.4,17.8,28,2025-06-18 23:00:00+00:00
28.8,84,996.7,18.6,33,2025-06-19 00:00:00+00:00
29.2,81,996.4,19.5,46,2025-06-19 01:00:00+00:00
29.5,79,996.6,22.8,99,2025-06-19 02:00:00+00:00
30.5,72,996.8,25.1,97,2025-06-19 03:00:00+00:00
31.2,67,997.0,25.7,100,2025-06-19 04:00:00+00:00
31.7,65,996.9,26.6,100,2025-06-19 05:00:00+00:00
32.0,64,996.8,26.8,85,2025-06-19 06:00:00+00:00
32.2,64,996.6,26.1,99,2025-06-19 07:00:00+00:00
32.4,63,996.2,26.5,100,2025-06-19 08:00:00+00:00
32.0,66,995.8,25.8,85,2025-06-19 09:00:00+00:00
31.9,67,995.2,24.2,100,2025-06-19 10:00:00+00:00
31.8,66,994.6,24.1,81,2025-06-19 11:00:00+00:00
31.3,69,994.4,24.1,47,2025-06-19 12:00:00+00:00
31.0,73,994.7,20.4,57,2025-06-19 13:00:00+00:00
30.2,78,995.2,18.6,70,2025-06-19 14:00:00+00:00
29.7,82,995.9,18.3,32,2025-06-19 15:00:00+00:00
29.5,84,996.6,17.1,58,2025-06-19 16:00:00+00:00
29.3,85,997.0,18.4,73,2025-06-19 17:00:00+00:00
29.3,85,997.4,17.5,100,2025-06-19 18:00:00+00:00
29.1,84,997.2,16.0,100,2025-06-19 19:00:00+00:00
29.0,85,996.8,15.8,100,2025-06-19 20:00:00+00:00
28.8,86,996.2,16.5,99,2025-06-19 21:00:00+00:00
28.9,84,996.1,15.5,49,2025-06-19 22:00:00+00:00
28.8,85,996.1,15.5,33,2025-06-19 23:00:00+00:00
28.7,86,996.2,15.8,38,2025-06-20 00:00:00+00:00
29.2,86,996.3,18.0,44,2025-06-20 01:00:00+00:00
29.4,85,996.8,21.6,36,2025-06-20 02:00:00+00:00
30.2,80,997.3,23.6,60,2025-06-20 03:00:00+00:00
30.9,76,997.6,21.6,98,2025-06-20 04:00:00+00:00
31.3,74,997.8,22.8,100,2025-06-20 05:00:00+00:00
31.5,73,997.9,22.0,100,2025-06-20 06:00:00+00:00
31.1,75,997.7,22.4,100,2025-06-20 07:00:00+00:00
30.9,77,997.4,22.5,100,2025-06-20 08:00:00+00:00
31.1,77,996.9,22.3,100,2025-06-20 09:00:00+00:00
31.3,75,996.5,21.1,64,2025-06-20 10:00:00+00:00
31.2,75,996.3,21.3,63,2025-06-20 11:00:00+00:00
30.8,76,996.2,19.9,28,2025-06-20 12:00:00+00:00
30.8,80,996.4,17.1,90,2025-06-20 13:00:00+00:00
30.2,85,997.0,14.7,71,2025-06-20 14:00:00+00:00
29.5,90,997.5,13.9,69,2025-06-20 15:00:00+00:00
29.6,89,998.2,14.5,100,2025-06-20 16:00:00+00:00
29.4,90,999.1,16.3,99,2025-06-20 17:00:00+00:00
29.3,90,999.0,16.4,100,2025-06-20 18:00:00+00:00
29.2,90,999.0,14.8,100,2025-06-20 19:00:00+00:00
29.1,90,998.6,13.4,99,2025-06-20 20:00:00+00:00
28.8,91,998.0,14.4,93,2025-06-20 21:00:00+00:00
28.8,90,997.8,14.6,87,2025-06-20 22:00:00+00:00
28.8,89,997.6,13.6,81,2025-06-20 23:00:00+00:00
28.7,89,997.9,14.3,95,2025-06-21 00:00:00+00:00
29.5,88,998.0,14.3,100,2025-06-21 01:00:00+00:00
29.8,83,998.3,16.1,100,2025-06-21 02:00:00+00:00
30.0,82,998.9,18.4,100,2025-06-21 03:00:00+00:00
30.5,79,999.4,18.1,99,2025-06-21 04:00:00+00:00
31.2,75,999.8,19.8,100,2025-06-21 05:00:00+00:00
31.2,76,999.4,21.4,87,2025-06-21 06:00:00+00:00
31.8,73,998.9,22.3,100,2025-06-21 07:00:00+00:00
31.7,74,998.6,22.0,100,2025-06-21 08:00:00+00:00
31.4,75,998.3,22.1,100,2025-06-21 09:00:00+00:00
31.6,74,997.9,22.2,100,2025-06-21 10:00:00+00:00
31.2,75,997.5,22.2,87,2025-06-21 11:00:00+00:00
30.6,78,997.2,20.9,51,2025-06-21 12:00:00+00:00
30.6,82,997.4,17.1,100,2025-06-21 13:00:00+00:00
30.1,84,997.9,15.3,100,2025-06-21 14:00:00+00:00
29.7,88,998.6,14.4,100,2025-06-21 15:00:00+00:00
29.3,89,999.1,13.9,98,2025-06-21 16:00:00+00:00
29.3,88,999.6,12.7,100,2025-06-21 17:00:00+00:00
29.2,88,999.6,12.8,100,2025-06-21 18:00:00+00:00
29.1,88,999.3,12.6,100,2025-06-21 19:00:00+00:00
28.9,90,998.7,13.2,100,2025-06-21 20:00:00+00:00
28.8,90,998.3,12.6,100,2025-06-21 21:00:00+00:00
28.8,89,997.8,12.5,100,2025-06-21 22:00:00+00:00
28.8,89,997.7,13.6,100,2025-06-21 23:00:00+00:00
28.7,89,997.5,15.9,100,2025-06-22 00:00:00+00:00
29.3,86,997.7,11.1,100,2025-06-22 01:00:00+00:00
29.2,87,997.9,11.8,99,2025-06-22 02:00:00+00:00
30.2,80,998.3,15.6,100,2025-06-22 03:00:00+00:00
30.7,75,998.4,15.5,100,2025-06-22 04:00:00+00:00
30.7,74,998.9,15.5,100,2025-06-22 05:00:00+00:00
30.7,74,998.6,16.9,99,2025-06-22 06:00:00+00:00
30.9,74,997.7,17.3,100,2025-06-22 07:00:00+00:00
32.1,69,997.1,18.0,100,2025-06-22 08:00:00+00:00
31.8,70,996.3,18.2,100,2025-06-22 09:00:00+00:00
31.4,73,995.9,18.8,100,2025-06-22 10:00:00+00:00
31.1,74,995.3,18.6,100,2025-06-22 11:00:00+00:00
30.2,78,995.1,19.2,100,2025-06-22 12:00:00+00:00
30.1,79,995.0,14.5,100,2025-06-22 13:00:00+00:00
29.8,80,995.3,13.5,100,2025-06-22 14:00:00+00:00
29.7,82,996.1,13.6,100,2025-06-22 15:00:00+00:00
29.4,84,996.9,12.4,100,2025-06-22 16:00:00+00:00
29.1,85,997.6,11.6,100,2025-06-22 17:00:00+00:00
29.1,85,997.4,9.6,100,2025-06-22 18:00:00+00:00
29.0,85,997.3,8.3,100,2025-06-22 19:00:00+00:00
28.8,86,996.8,8.9,100,2025-06-22 20:00:00+00:00
28.6,87,996.3,9.5,99,2025-06-22 21:00:00+00:00
28.6,88,996.4,10.1,100,2025-06-22 22:00:00+00:00
28.5,88,996.3,9.8,100,2025-06-22 23:00:00+00:00
28.5,88,996.4,9.9,83,2025-06-23 00:00:00+00:00
29.0,88,996.0,11.5,10,2025-06-23 01:00:00+00:00
29.6,82,996.4,11.8,51,2025-06-23 02:00:00+00:00
30.6,74,996.8,15.6,54,2025-06-23 03:00:00+00:00
31.2,71,997.2,17.9,93,2025-06-23 04:00:00+00:00
31.4,71,997.2,18.1,99,2025-06-23 05:00:00+00:00
32.0,70,996.9,17.9,100,2025-06-23 06:00:00+00:00
31.9,71,996.4,17.4,100,2025-06-23 07:00:00+00:00
32.2,70,995.8,16.5,71,2025-06-23 08:00:00+00:00
32.5,68,995.1,16.4,75,2025-06-23 09:00:00+00:00
32.3,69,994.5,17.3,29,2025-06-23 10:00:00+00:00
31.7,71,994.0,17.3,100,2025-06-23 11:00:00+00:00
31.3,71,993.8,17.9,60,2025-06-23 12:00:00+00:00
30.6,81,994.1,14.7,100,2025-06-23 13:00:00+00:00
30.2,84,994.4,13.1,100,2025-06-23 14:00:00+00:00
29.6,87,995.2,12.7,100,2025-06-23 15:00:00+00:00
29.5,86,995.9,9.5,100,2025-06-23 16:00:00+00:00
29.3,87,996.1,9.0,100,2025-06-23 17:00:00+00:00
29.2,88,995.9,9.3,100,2025-06-23 18:00:00+00:00
29.0,89,995.6,9.5,100,2025-06-23 19:00:00+00:00
28.9,90,995.3,9.9,100,2025-06-23 20:00:00+00:00
28.7,90,994.7,9.5,100,2025-06-23 21:00:00+00:00
28.6,90,994.5,9.6,100,2025-06-23 22:00:00+00:00
28.5,91,994.2,8.9,100,2025-06-23 23:00:00+00:00
28.3,91,994.3,9.3,90,2025-06-24 00:00:00+00:00
28.9,90,994.6,10.3,97,2025-06-24 01:00:00+00:00
29.5,84,995.0,10.7,100,2025-06-24 02:00:00+00:00
30.2,78,995.3,11.0,68,2025-06-24 03:00:00+00:00
30.9,74,995.6,12.9,66,2025-06-24 04:00:00+00:00
31.3,71,995.8,13.2,61,2025-06-24 05:00:00+00:00
32.0,68,995.6,14.1,95,2025-06-24 06:00:00+00:00
32.2,67,995.1,14.7,68,2025-06-24 07:00:00+00:00
32.7,65,994.6,14.4,46,2025-06-24 08:00:00+00:00
32.8,65,994.0,15.2,52,2025-06-24 09:00:00+00:00
32.4,66,993.4,16.4,76,2025-06-24 10:00:00+00:00
31.8,69,993.0,17.1,40,2025-06-24 11:00:00+00:00
31.3,71,992.8,17.2,33,2025-06-24 12:00:00+00:00
30.7,76,993.2,16.4,35,2025-06-24 13:00:00+00:00
30.4,78,993.7,13.4,63,2025-06-24 14:00:00+00:00
29.9,83,994.6,10.9,21,2025-06-24 15:00:00+00:00
29.7,85,995.1,11.1,24,2025-06-24 16:00:00+00:00
29.5,85,995.7,9.6,5,2025-06-24 17:00:00+00:00
29.3,87,995.8,9.3,16,2025-06-24 18:00:00+00:00
29.1,88,995.6,6.4,68,2025-06-24 19:00:00+00:00
28.9,88,995.2,5.3,94,2025-06-24 20:00:00+00:00
28.7,89,994.7,5.5,72,2025-06-24 21:00:00+00:00
28.6,89,994.7,3.7,99,2025-06-24 22:00:00+00:00
28.4,89,994.5,3.5,100,2025-06-24 23:00:00+00:00
28.4,88,994.7,2.9,100,2025-06-25 00:00:00+00:00
28.7,88,994.9,5.4,100,2025-06-25 01:00:00+00:00
29.3,82,995.2,7.4,81,2025-06-25 02:00:00+00:00
30.1,76,995.4,9.6,60,2025-06-25 03:00:00+00:00
30.7,73,996.2,10.3,100,2025-06-25 04:00:00+00:00
30.5,74,996.5,11.0,99,2025-06-25 05:00:00+00:00
30.9,72,996.4,11.0,83,2025-06-25 06:00:00+00:00
30.8,72,996.0,10.8,61,2025-06-25 07:00:00+00:00
32.1,67,995.5,11.5,27,2025-06-25 08:00:00+00:00
32.2,65,994.8,13.0,67,2025-06-25 09:00:00+00:00
32.0,65,994.1,13.9,93,2025-06-25 10:00:00+00:00
31.4,69,994.0,12.6,100,2025-06-25 11:00:00+00:00
31.1,72,993.8,13.2,100,2025-06-25 12:00:00+00:00
30.1,76,994.6,13.7,99,2025-06-25 13:00:00+00:00
29.7,79,994.9,10.0,100,2025-06-25 14:00:00+00:00
29.6,80,995.7,11.4,100,2025-06-25 15:00:00+00:00
29.6,80,996.4,12.4,55,2025-06-25 16:00:00+00:00
29.6,81,996.8,11.6,19,2025-06-25 17:00:00+00:00
29.4,84,997.0,9.7,99,2025-06-25 18:00:00+00:00
29.3,85,997.2,7.2,37,2025-06-25 19:00:00+00:00
29.1,87,997.1,5.2,97,2025-06-25 20:00:00+00:00
28.9,89,996.6,3.9,87,2025-06-25 21:00:00+00:00
28.8,90,996.4,1.5,93,2025-06-25 22:00:00+00:00
28.7,90,996.4,2.5,35,2025-06-25 23:00:00+00:00
28.6,91,996.2,1.1,9,2025-06-26 00:00:00+00:00
28.9,95,996.8,1.9,77,2025-06-26 01:00:00+00:00
29.3,91,997.0,1.3,42,2025-06-26 02:00:00+00:00
30.3,83,998.0,1.5,87,2025-06-26 03:00:00+00:00
31.6,71,998.0,1.8,60,2025-06-26 04:00:00+00:00
33.2,64,998.2,5.2,100,2025-06-26 05:00:00+00:00
33.4,64,998.2,10.3,100,2025-06-26 06:00:00+00:00
33.7,55,997.9,12.6,100,2025-06-26 07:00:00+00:00
34.2,45,997.5,10.8,100,2025-06-26 08:00:00+00:00
33.9,51,996.8,10.6,100,2025-06-26 09:00:00+00:00
32.6,62,996.0,10.1,100,2025-06-26 10:00:00+00:00
32.8,63,995.5,10.0,100,2025-06-26 11:00:00+00:00
32.5,67,995.4,11.9,100,2025-06-26 12:00:00+00:00
31.4,76,995.3,10.2,99,2025-06-26 13:00:00+00:00
30.6,84,996.1,10.9,100,2025-06-26 14:00:00+00:00
30.2,87,996.2,10.9,99,2025-06-26 15:00:00+00:00
30.2,86,997.2,9.0,100,2025-06-26 16:00:00+00:00
30.2,86,998.2,7.0,100,2025-06-26 17:00:00+00:00
29.9,88,998.2,6.2,100,2025-06-26 18:00:00+00:00
29.7,88,998.2,5.7,100,2025-06-26 19:00:00+00:00
29.6,89,997.7,6.9,100,2025-06-26 20:00:00+00:00
29.6,88,997.4,7.0,100,2025-06-26 21:00:00+00:00
29.4,89,996.8,6.8,100,2025-06-26 22:00:00+00:00
29.3,88,996.7,7.8,100,2025-06-26 23:00:00+00:00
29.2,88,996.2,8.8,100,2025-06-27 00:00:00+00:00
28.8,89,996.5,6.5,100,2025-06-27 01:00:00+00:00
28.8,90,997.0,8.0,100,2025-06-27 02:00:00+00:00
29.8,83,997.2,8.6,100,2025-06-27 03:00:00+00:00
31.4,73,997.3,7.6,100,2025-06-27 04:00:00+00:00
32.8,64,997.4,6.5,100,2025-06-27 05:00:00+00:00
34.6,55,996.7,4.6,83,2025-06-27 06:00:00+00:00
35.9,51,996.5,4.1,96,2025-06-27 07:00:00+00:00
35.3,56,996.0,11.0,100,2025-06-27 08:00:00+00:00
29.4,80,996.9,9.0,100,2025-06-27 09:00:00+00:00
27.0,92,996.6,7.6,100,2025-06-27 10:00:00+00:00
27.6,90,995.2,6.6,100,2025-06-27 11:00:00+00:00
27.8,93,995.0,6.6,100,2025-06-27 12:00:00+00:00
29.2,85,995.9,9.6,100,2025-06-27 13:00:00+00:00
28.6,84,996.2,11.3,100,2025-06-27 14:00:00+00:00
27.8,87,996.8,12.5,100,2025-06-27 15:00:00+00:00
27.7,88,997.6,10.0,100,2025-06-27 16:00:00+00:00
27.7,88,997.8,9.8,100,2025-06-27 17:00:00+00:00
27.8,89,997.5,10.6,100,2025-06-27 18:00:00+00:00
27.9,91,997.6,9.1,100,2025-06-27 19:00:00+00:00
27.9,94,996.9,9.9,97,2025-06-27 20:00:00+00:00
27.9,94,996.0,10.6,100,2025-06-27 21:00:00+00:00
27.4,94,996.2,9.3,100,2025-06-27 22:00:00+00:00
27.0,97,996.2,11.8,100,2025-06-27 23:00:00+00:00
26.8,97,996.7,13.2,100,2025-06-28 00:00:00+00:00
26.7,98,996.4,7.2,100,2025-06-28 01:00:00+00:00
26.8,95,996.8,7.2,100,2025-06-28 02:00:00+00:00
27.2,93,996.7,8.0,100,2025-06-28 03:00:00+00:00
28.4,87,997.0,11.1,100,2025-06-28 04:00:00+00:00
28.8,84,997.4,11.6,100,2025-06-28 05:00:00+00:00
28.5,87,997.2,7.9,100,2025-06-28 06:00:00+00:00
28.4,88,996.9,7.5,100,2025-06-28 07:00:00+00:00
29.6,80,996.4,14.8,100,2025-06-28 08:00:00+00:00
28.5,83,995.5,13.8,98,2025-06-28 09:00:00+00:00
29.2,79,995.1,15.5,100,2025-06-28 10:00:00+00:00
28.2,83,994.6,16.5,99,2025-06-28 11:00:00+00:00
28.3,83,994.7,14.8,100,2025-06-28 12:00:00+00:00
28.5,83,995.7,13.9,100,2025-06-28 13:00:00+00:00
28.2,85,996.1,12.0,100,2025-06-28 14:00:00+00:00
28.0,86,996.4,11.8,100,2025-06-28 15:00:00+00:00
27.9,88,996.8,10.8,100,2025-06-28 16:00:00+00:00
27.9,88,997.5,9.7,100,2025-06-28 17:00:00+00:00
27.6,89,997.6,12.7,100,2025-06-28 18:00:00+00:00
27.7,88,997.4,14.9,98,2025-06-28 19:00:00+00:00
27.7,88,996.7,15.4,81,2025-06-28 20:00:00+00:00
27.5,90,996.3,15.3,91,2025-06-28 21:00:00+00:00
27.2,90,996.2,15.7,100,2025-06-28 22:00:00+00:00
27.3,89,996.1,14.8,98,2025-06-28 23:00:00+00:00
27.5,88,996.1,13.2,99,2025-06-29 00:00:00+00:00
27.8,91,995.8,8.1,33,2025-06-29 01:00:00+00:00
28.2,89,996.1,8.3,48,2025-06-29 02:00:00+00:00
28.9,85,996.5,10.1,36,2025-06-29 03:00:00+00:00
29.3,82,996.7,11.7,49,2025-06-29 04:00:00+00:00
29.6,81,996.3,9.4,71,2025-06-29 05:00:00+00:00
30.2,79,996.5,11.1,100,2025-06-29 06:00:00+00:00
30.0,80,996.5,14.4,100,2025-06-29 07:00:00+00:00
30.3,79,995.8,16.3,38,2025-06-29 08:00:00+00:00
30.2,79,995.5,16.9,28,2025-06-29 09:00:00+00:00
30.3,78,995.0,15.1,20,2025-06-29 10:00:00+00:00
29.9,79,994.3,16.7,52,2025-06-29 11:00:00+00:00
29.5,81,994.0,17.1,30,2025-06-29 12:00:00+00:00
30.1,79,994.0,10.1,69,2025-06-29 13:00:00+00:00
29.5,83,994.3,8.0,100,2025-06-29 14:00:00+00:00
29.1,86,994.9,6.7,99,2025-06-29 15:00:00+00:00
29.0,87,995.8,6.6,17,2025-06-29 16:00:00+00:00
28.9,88,996.3,6.7,99,2025-06-29 17:00:00+00:00
28.7,88,996.5,7.8,41,2025-06-29 18:00:00+00:00
28.3,92,996.5,11.0,92,2025-06-29 19:00:00+00:00
28.3,92,996.1,10.3,86,2025-06-29 20:00:00+00:00
28.3,90,995.3,11.4,84,2025-06-29 21:00:00+00:00
28.4,91,995.2,10.5,100,2025-06-29 22:00:00+00:00
28.5,90,994.9,10.2,99,2025-06-29 23:00:00+00:00
28.5,90,995.2,10.7,97,2025-06-30 00:00:00+00:00
29.2,84,995.2,11.9,100,2025-06-30 01:00:00+00:00
29.6,83,995.8,12.6,72,2025-06-30 02:00:00+00:00
30.2,77,996.4,20.1,62,2025-06-30 03:00:00+00:00
30.4,79,997.1,22.1,79,2025-06-30 04:00:00+00:00
30.8,75,997.2,21.9,69,2025-06-30 05:00:00+00:00
31.1,75,997.4,21.3,54,2025-06-30 06:00:00+00:00
31.4,74,997.1,21.0,37,2025-06-30 07:00:00+00:00
31.6,72,996.5,20.5,51,2025-06-30 08:00:00+00:00
31.4,71,996.0,20.9,63,2025-06-30 09:00:00+00:00
31.2,71,995.5,20.1,39,2025-06-30 10:00:00+00:00
30.8,72,995.2,20.6,65,2025-06-30 11:00:00+00:00
30.5,75,995.1,21.4,54,2025-06-30 12:00:00+00:00
30.5,79,995.2,18.5,100,2025-06-30 13:00:00+00:00
30.1,82,995.6,16.0,94,2025-06-30 14:00:00+00:00
29.7,84,996.2,15.4,88,2025-06-30 15:00:00+00:00
29.5,85,997.1,15.3,94,2025-06-30 16:00:00+00:00
29.2,86,997.6,14.9,94,2025-06-30 17:00:00+00:00
29.0,88,998.1,15.2,90,2025-06-30 18:00:00+00:00
28.9,88,997.8,15.1,70,2025-06-30 19:00:00+00:00
28.6,90,997.4,14.8,35,2025-06-30 20:00:00+00:00
28.4,91,997.1,13.4,38,2025-06-30 21:00:00+00:00
28.3,92,996.9,12.4,25,2025-06-30 22:00:00+00:00
28.3,92,996.9,11.5,19,2025-06-30 23:00:00+00:00
28.2,92,997.2,11.4,48,2025-07-01 00:00:00+00:00
29.0,87,996.7,12.7,30,2025-07-01 01:00:00+00:00
29.5,85,997.2,11.6,60,2025-07-01 02:00:00+00:00
30.0,79,997.8,15.2,66,2025-07-01 03:00:00+00:00
30.6,77,998.2,15.7,100,2025-07-01 04:00:00+00:00
31.5,73,998.3,14.2,99,2025-07-01 05:00:00+00:00
31.9,71,998.3,15.0,100,2025-07-01 06:00:00+00:00
32.0,70,997.9,16.2,100,2025-07-01 07:00:00+00:00
31.5,73,997.4,17.6,99,2025-07-01 08:00:00+00:00
31.0,75,996.7,17.7,95,2025-07-01 09:00:00+00:00
31.3,74,996.1,17.4,42,2025-07-01 10:00:00+00:00
30.9,75,995.8,17.6,42,2025-07-01 11:00:00+00:00
30.2,79,995.8,18.3,66,2025-07-01 12:00:00+00:00
30.3,76,996.5,14.3,41,2025-07-01 13:00:00+00:00
29.8,80,996.7,12.0,50,2025-07-01 14:00:00+00:00
29.4,82,997.4,11.4,96,2025-07-01 15:00:00+00:00
29.2,84,997.7,12.8,100,2025-07-01 16:00:00+00:00
29.0,86,998.1,13.1,99,2025-07-01 17:00:00+00:00
29.0,86,998.6,12.6,71,2025-07-01 18:00:00+00:00
28.6,88,998.4,13.0,99,2025-07-01 19:00:00+00:00
28.3,90,997.8,13.1,93,2025-07-01 20:00:00+00:00
28.2,91,997.4,13.2,100,2025-07-01 21:00:00+00:00
28.1,91,997.2,12.5,100,2025-07-01 22:00:00+00:00
28.0,91,997.4,11.2,99,2025-07-01 23:00:00+00:00
27.9,92,997.4,10.3,100,2025-07-02 00:00:00+00:00
28.7,88,997.2,10.3,76,2025-07-02 01:00:00+00:00
29.2,85,997.4,9.2,64,2025-07-02 02:00:00+00:00
30.1,76,997.9,12.1,36,2025-07-02 03:00:00+00:00
30.9,73,998.3,13.4,49,2025-07-02 04:00:00+00:00
31.4,70,998.5,14.4,74,2025-07-02 05:00:00+00:00
31.6,71,998.1,15.2,98,2025-07-02 06:00:00+00:00
31.6,73,997.7,15.0,93,2025-07-02 07:00:00+00:00
31.5,74,997.1,15.7,69,2025-07-02 08:00:00+00:00
31.5,74,996.3,16.3,96,2025-07-02 09:00:00+00:00
31.4,74,995.9,16.7,66,2025-07-02 10:00:00+00:00
30.9,76,995.5,16.8,67,2025-07-02 11:00:00+00:00
30.5,78,995.2,16.8,89,2025-07-02 12:00:00+00:00
30.4,77,995.7,14.8,98,2025-07-02 13:00:00+00:00
29.7,82,996.2,14.3,90,2025-07-02 14:00:00+00:00
29.5,84,996.9,12.7,25,2025-07-02 15:00:00+00:00
29.5,82,997.5,12.7,90,2025-07-02 16:00:00+00:00
29.2,83,997.6,13.0,100,2025-07-02 17:00:00+00:00
29.0,84,997.7,13.0,100,2025-07-02 18:00:00+00:00
28.8,85,997.8,10.7,95,2025-07-02 19:00:00+00:00
28.6,87,997.2,11.4,100,2025-07-02 20:00:00+00:00
28.2,88,996.8,10.9,100,2025-07-02 21:00:00+00:00
28.1,90,996.6,9.5,100,2025-07-02 22:00:00+00:00
28.2,90,996.6,10.1,100,2025-07-02 23:00:00+00:00
28.1,90,996.7,9.5,100,2025-07-03 00:00:00+00:00
29.1,85,997.0,8.8,100,2025-07-03 01:00:00+00:00
29.0,86,997.3,9.9,100,2025-07-03 02:00:00+00:00
29.3,84,998.0,7.1,100,2025-07-03 03:00:00+00:00
29.9,80,998.3,7.4,100,2025-07-03 04:00:00+00:00
30.7,75,997.8,9.9,100,2025-07-03 05:00:00+00:00
31.7,70,997.6,11.6,100,2025-07-03 06:00:00+00:00
32.5,66,997.3,10.5,99,2025-07-03 07:00:00+00:00
32.5,66,996.9,13.3,100,2025-07-03 08:00:00+00:00
31.5,72,996.5,13.5,100,2025-07-03 09:00:00+00:00
31.6,72,996.3,13.2,100,2025-07-03 10:00:00+00:00
31.3,74,996.0,13.5,100,2025-07-03 11:00:00+00:00
30.5,77,996.1,13.2,100,2025-07-03 12:00:00+00:00
30.6,78,996.1,10.7,100,2025-07-03 13:00:00+00:00
30.2,80,996.9,11.0,100,2025-07-03 14:00:00+00:00
29.9,82,997.5,9.5,100,2025-07-03 15:00:00+00:00
29.7,83,997.9,8.4,100,2025-07-03 16:00:00+00:00
29.6,84,998.5,8.3,100,2025-07-03 17:00:00+00:00
29.5,85,998.4,8.9,100,2025-07-03 18:00:00+00:00
29.3,86,998.5,8.2,100,2025-07-03 19:00:00+00:00
29.1,86,997.9,8.6,100,2025-07-03 20:00:00+00:00
29.0,87,997.1,9.2,100,2025-07-03 21:00:00+00:00
28.9,87,997.1,7.6,100,2025-07-03 22:00:00+00:00
28.9,87,997.4,8.9,100,2025-07-03 23:00:00+00:00
28.7,89,997.8,9.4,100,2025-07-04 00:00:00+00:00
29.1,85,998.2,6.4,100,2025-07-04 01:00:00+00:00
29.2,85,998.5,6.5,100,2025-07-04 02:00:00+00:00
29.7,81,998.8,5.6,100,2025-07-04 03:00:00+00:00
30.9,74,999.1,7.2,100,2025-07-04 04:00:00+00:00
31.6,70,999.0,8.7,100,2025-07-04 05:00:00+00:00
32.5,66,999.1,11.2,100,2025-07-04 06:00:00+00:00
33.1,63,998.5,11.5,100,2025-07-04 07:00:00+00:00
33.0,64,998.0,13.1,100,2025-07-04 08:00:00+00:00
32.1,71,997.5,14.9,100,2025-07-04 09:00:00+00:00
31.9,71,997.0,13.5,99,2025-07-04 10:00:00+00:00
31.8,72,996.9,15.1,100,2025-07-04 11:00:00+00:00
31.1,75,996.7,12.7,100,2025-07-04 12:00:00+00:00
31.1,74,996.4,11.1,100,2025-07-04 13:00:00+00:00
30.4,79,996.9,10.6,100,2025-07-04 14:00:00+00:00
30.0,81,997.5,9.5,100,2025-07-04 15:00:00+00:00
29.7,82,998.1,10.7,100,2025-07-04 16:00:00+00:00
29.5,83,998.5,10.3,100,2025-07-04 17:00:00+00:00
29.3,84,998.5,9.2,100,2025-07-04 18:00:00+00:00
29.3,84,998.4,10.3,100,2025-07-04 19:00:00+00:00
29.3,85,998.0,9.5,100,2025-07-04 20:00:00+00:00
29.1,87,997.6,9.1,100,2025-07-04 21:00:00+00:00
28.9,88,997.7,9.2,100,2025-07-04 22:00:00+00:00
28.8,89,997.7,10.0,100,2025-07-04 23:00:00+00:00
28.7,89,997.6,9.8,99,2025-07-05 00:00:00+00:00
29.4,84,997.8,8.7,100,2025-07-05 01:00:00+00:00
29.7,82,998.1,8.7,80,2025-07-05 02:00:00+00:00
30.7,76,998.3,9.7,66,2025-07-05 03:00:00+00:00
31.8,70,998.6,9.7,27,2025-07-05 04:00:00+00:00
32.9,64,998.6,9.7,100,2025-07-05 05:00:00+00:00
33.7,61,998.2,11.2,100,2025-07-05 06:00:00+00:00
33.8,61,997.7,13.0,94,2025-07-05 07:00:00+00:00
33.5,63,997.1,14.3,97,2025-07-05 08:00:00+00:00
33.5,63,996.5,14.9,98,2025-07-05 09:00:00+00:00
33.0,65,995.8,16.6,98,2025-07-05 10:00:00+00:00
32.5,67,995.6,16.2,100,2025-07-05 11:00:00+00:00
32.4,67,995.6,16.6,100,2025-07-05 12:00:00+00:00
31.3,72,995.5,13.4,77,2025-07-05 13:00:00+00:00
30.5,77,996.1,12.6,60,2025-07-05 14:00:00+00:00
30.2,79,996.6,11.7,13,2025-07-05 15:00:00+00:00
30.1,80,997.0,12.9,28,2025-07-05 16:00:00+00:00
30.0,80,997.5,13.5,50,2025-07-05 17:00:00+00:00
29.9,82,997.6,11.6,23,2025-07-05 18:00:00+00:00
29.6,84,997.6,9.9,21,2025-07-05 19:00:00+00:00
29.5,84,997.1,11.6,24,2025-07-05 20:00:00+00:00
29.2,85,996.3,12.8,35,2025-07-05 21:00:00+00:00
28.9,86,995.9,13.7,33,2025-07-05 22:00:00+00:00
28.8,87,996.0,14.9,23,2025-07-05 23:00:00+00:00
28.7,87,996.3,14.2,35,2025-07-06 00:00:00+00:00
29.8,80,995.8,12.2,36,2025-07-06 01:00:00+00:00
30.1,78,996.6,13.9,52,2025-07-06 02:00:00+00:00
30.5,75,997.2,17.7,79,2025-07-06 03:00:00+00:00
31.1,73,997.6,17.1,35,2025-07-06 04:00:00+00:00
31.8,70,997.8,16.8,100,2025-07-06 05:00:00+00:00
32.4,67,997.6,15.4,98,2025-07-06 06:00:00+00:00
32.3,67,997.1,16.3,99,2025-07-06 07:00:00+00:00
32.2,67,996.6,16.1,96,2025-07-06 08:00:00+00:00
32.4,66,995.6,17.8,92,2025-07-06 09:00:00+00:00
32.0,68,995.1,17.0,46,2025-07-06 10:00:00+00:00
32.2,66,994.7,17.5,100,2025-07-06 11:00:00+00:00
31.6,68,994.8,16.1,100,2025-07-06 12:00:00+00:00
31.2,72,994.7,12.5,42,2025-07-06 13:00:00+00:00
30.6,75,995.5,10.7,68,2025-07-06 14:00:00+00:00
30.2,78,995.9,9.7,99,2025-07-06 15:00:00+00:00
30.0,80,996.2,12.1,76,2025-07-06 16:00:00+00:00
29.6,83,996.6,13.1,54,2025-07-06 17:00:00+00:00
29.4,84,996.6,12.0,100,2025-07-06 18:00:00+00:00
29.3,85,996.8,10.6,73,2025-07-06 19:00:00+00:00
29.1,85,996.2,10.3,74,2025-07-06 20:00:00+00:00
29.0,85,995.5,9.2,99,2025-07-06 21:00:00+00:00
28.9,86,995.5,6.8,54,2025-07-06 22:00:00+00:00
28.7,87,995.8,6.3,46,2025-07-06 23:00:00+00:00
28.6,87,996.1,5.9,44,2025-07-07 00:00:00+00:00
29.1,85,995.9,3.8,100,2025-07-07 01:00:00+00:00
29.4,82,996.2,2.9,99,2025-07-07 02:00:00+00:00
29.9,77,996.7,4.0,98,2025-07-07 03:00:00+00:00
30.5,74,997.3,4.2,92,2025-07-07 04:00:00+00:00
31.5,68,997.4,5.1,100,2025-07-07 05:00:00+00:00
32.4,64,997.1,8.1,97,2025-07-07 06:00:00+00:00
33.1,63,996.6,10.0,100,2025-07-07 07:00:00+00:00
33.0,62,996.4,12.0,100,2025-07-07 08:00:00+00:00
32.6,64,995.9,13.3,100,2025-07-07 09:00:00+00:00
32.0,67,995.3,13.0,100,2025-07-07 10:00:00+00:00
31.9,69,994.8,13.3,100,2025-07-07 11:00:00+00:00
31.5,70,994.9,13.5,96,2025-07-07 12:00:00+00:00
30.7,75,995.5,13.3,57,2025-07-07 13:00:00+00:00
30.1,79,996.1,12.5,87,2025-07-07 14:00:00+00:00
29.9,79,996.9,11.1,83,2025-07-07 15:00:00+00:00
29.8,79,997.8,9.7,98,2025-07-07 16:00:00+00:00
29.8,79,998.4,8.5,94,2025-07-07 17:00:00+00:00
29.5,82,998.6,7.3,86,2025-07-07 18:00:00+00:00
29.2,83,998.0,8.8,84,2025-07-07 19:00:00+00:00
29.0,84,997.3,9.2,60,2025-07-07 20:00:00+00:00
28.9,85,996.8,8.3,30,2025-07-07 21:00:00+00:00
28.8,85,996.7,5.7,49,2025-07-07 22:00:00+00:00
28.7,87,996.8,4.6,51,2025-07-07 23:00:00+00:00
28.6,87,997.0,3.8,50,2025-07-08 00:00:00+00:00
29.1,83,997.7,0.9,100,2025-07-08 01:00:00+00:00
29.6,79,998.2,0.9,84,2025-07-08 02:00:00+00:00
30.3,74,998.6,1.8,99,2025-07-08 03:00:00+00:00
31.1,70,999.0,3.3,61,2025-07-08 04:00:00+00:00
32.1,65,999.1,6.5,37,2025-07-08 05:00:00+00:00
32.9,61,999.1,8.8,49,2025-07-08 06:00:00+00:00
33.4,58,998.7,11.0,16,2025-07-08 07:00:00+00:00
33.7,55,998.0,13.0,17,2025-07-08 08:00:00+00:00
33.0,60,997.2,14.2,12,2025-07-08 09:00:00+00:00
32.8,63,996.5,15.4,9,2025-07-08 10:00:00+00:00
32.3,66,996.1,17.0,1,2025-07-08 11:00:00+00:00
31.6,69,996.0,16.5,11,2025-07-08 12:00:00+00:00
31.3,75,996.4,14.2,20,2025-07-08 13:00:00+00:00
30.5,79,997.1,13.7,28,2025-07-08 14:00:00+00:00
30.3,79,997.8,12.3,54,2025-07-08 15:00:00+00:00
30.2,80,999.2,9.5,98,2025-07-08 16:00:00+00:00
30.1,80,999.9,9.9,100,2025-07-08 17:00:00+00:00
29.9,80,999.6,11.8,39,2025-07-08 18:00:00+00:00
29.7,80,999.1,12.9,41,2025-07-08 19:00:00+00:00
29.5,82,998.5,13.0,33,2025-07-08 20:00:00+00:00
29.2,83,997.9,11.5,25,2025-07-08 21:00:00+00:00
28.7,86,997.6,10.3,28,2025-07-08 22:00:00+00:00
28.6,87,997.5,9.4,35,2025-07-08 23:00:00+00:00
28.3,89,997.6,9.0,38,2025-07-09 00:00:00+00:00
29.0,87,997.6,3.5,52,2025-07-09 01:00:00+00:00
29.4,83,998.0,4.5,40,2025-07-09 02:00:00+00:00
30.3,77,998.4,6.6,13,2025-07-09 03:00:00+00:00
31.2,72,998.8,7.7,13,2025-07-09 04:00:00+00:00
32.0,68,999.0,9.2,52,2025-07-09 05:00:00+00:00
32.6,65,999.0,10.0,34,2025-07-09 06:00:00+00:00
32.7,65,998.7,12.2,40,2025-07-09 07:00:00+00:00
32.6,67,998.4,13.2,31,2025-07-09 08:00:00+00:00
32.2,69,997.8,14.7,27,2025-07-09 09:00:00+00:00
32.2,70,997.1,14.4,45,2025-07-09 10:00:00+00:00
31.6,73,996.6,14.4,21,2025-07-09 11:00:00+00:00
31.5,73,996.2,13.5,15,2025-07-09 12:00:00+00:00
30.7,78,996.7,13.2,3,2025-07-09 13:00:00+00:00
30.3,81,996.8,13.5,11,2025-07-09 14:00:00+00:00
30.1,81,997.7,13.4,22,2025-07-09 15:00:00+00:00
30.1,81,998.4,12.5,34,2025-07-09 16:00:00+00:00
29.9,82,999.2,11.7,80,2025-07-09 17:00:00+00:00
29.7,83,999.4,10.3,100,2025-07-09 18:00:00+00:00
29.4,84,999.1,12.1,98,2025-07-09 19:00:00+00:00
29.2,85,998.5,11.6,40,2025-07-09 20:00:00+00:00
29.0,86,997.8,11.0,34,2025-07-09 21:00:00+00:00
28.8,86,997.7,9.2,42,2025-07-09 22:00:00+00:00
28.6,87,998.0,7.9,31,2025-07-09 23:00:00+00:00
28.4,88,998.0,7.7,66,2025-07-10 00:00:00+00:00
29.2,83,998.4,7.0,84,2025-07-10 01:00:00+00:00
29.5,80,999.0,8.7,95,2025-07-10 02:00:00+00:00
30.0,77,999.4,9.2,95,2025-07-10 03:00:00+00:00
30.8,73,999.8,10.5,99,2025-07-10 04:00:00+00:00
31.3,71,999.9,10.6,100,2025-07-10 05:00:00+00:00
31.7,70,1000.1,12.1,100,2025-07-10 06:00:00+00:00
31.5,71,999.9,12.8,100,2025-07-10 07:00:00+00:00
32.0,67,999.3,13.4,96,2025-07-10 08:00:00+00:00
32.1,67,998.5,13.5,99,2025-07-10 09:00:00+00:00
32.3,66,997.8,12.2,77,2025-07-10 10:00:00+00:00
31.6,69,997.5,12.7,52,2025-07-10 11:00:00+00:00
31.1,71,997.1,11.0,45,2025-07-10 12:00:00+00:00
30.6,74,997.8,11.7,13,2025-07-10 13:00:00+00:00
30.1,77,998.4,11.1,81,2025-07-10 14:00:00+00:00
29.7,78,999.0,10.0,92,2025-07-10 15:00:00+00:00
29.7,78,1000.0,8.6,94,2025-07-10 16:00:00+00:00
29.7,78,1000.4,7.8,99,2025-07-10 17:00:00+00:00
29.6,79,1000.5,8.3,99,2025-07-10 18:00:00+00:00
29.4,80,1000.1,8.6,98,2025-07-10 19:00:00+00:00
29.3,80,999.7,9.5,98,2025-07-10 20:00:00+00:00
29.2,80,999.0,9.8,97,2025-07-10 21:00:00+00:00
28.9,82,998.7,9.7,99,2025-07-10 22:00:00+00:00
28.4,87,998.8,9.8,99,2025-07-10 23:00:00+00:00
28.3,88,999.2,8.1,99,2025-07-11 00:00:00+00:00
28.7,88,999.7,6.1,100,2025-07-11 01:00:00+00:00
29.1,86,1000.5,4.9,100,2025-07-11 02:00:00+00:00
30.0,80,1000.8,4.9,100,2025-07-11 03:00:00+00:00
31.1,73,1001.3,6.3,98,2025-07-11 04:00:00+00:00
32.2,67,1001.6,8.5,98,2025-07-11 05:00:00+00:00
32.8,64,1001.6,10.3,99,2025-07-11 06:00:00+00:00
32.5,66,1001.4,13.6,100,2025-07-11 07:00:00+00:00
32.4,67,1000.9,15.7,96,2025-07-11 08:00:00+00:00
32.3,66,1000.3,15.6,99,2025-07-11 09:00:00+00:00
32.1,66,999.6,16.0,100,2025-07-11 10:00:00+00:00
31.9,67,998.9,15.9,100,2025-07-11 11:00:00+00:00
31.3,69,998.7,15.7,99,2025-07-11 12:00:00+00:00
30.9,72,999.4,13.1,100,2025-07-11 13:00:00+00:00
30.2,76,999.9,11.5,99,2025-07-11 14:00:00+00:00
30.0,77,1000.5,12.2,92,2025-07-11 15:00:00+00:00
29.8,78,1001.0,12.9,84,2025-07-11 16:00:00+00:00
29.7,79,1001.6,13.4,95,2025-07-11 17:00:00+00:00
29.4,81,1002.2,13.6,95,2025-07-11 18:00:00+00:00
29.1,82,1001.9,13.0,20,2025-07-11 19:00:00+00:00
28.8,84,1001.7,12.3,32,2025-07-11 20:00:00+00:00
28.7,84,1000.8,12.9,53,2025-07-11 21:00:00+00:00
28.6,84,1000.8,11.8,90,2025-07-11 22:00:00+00:00
28.6,84,1000.7,10.5,24,2025-07-11 23:00:00+00:00
28.6,83,1000.9,10.6,24,2025-07-12 00:00:00+00:00
28.4,83,1001.7,9.9,24,2025-07-12 01:00:00+00:00
28.9,80,1002.0,9.9,24,2025-07-12 02:00:00+00:00
29.9,74,1002.1,11.2,14,2025-07-12 03:00:00+00:00
30.9,68,1002.0,12.5,23,2025-07-12 04:00:00+00:00
32.0,62,1002.1,13.6,100,2025-07-12 05:00:00+00:00
31.9,64,1002.1,14.0,100,2025-07-12 06:00:00+00:00
32.0,64,1002.0,13.5,98,2025-07-12 07:00:00+00:00
32.1,64,1001.5,14.4,100,2025-07-12 08:00:00+00:00
32.0,66,1001.0,15.7,99,2025-07-12 09:00:00+00:00
31.5,68,1000.6,16.1,86,2025-07-12 10:00:00+00:00
31.7,66,1000.2,14.9,86,2025-07-12 11:00:00+00:00
31.9,65,1000.1,13.6,94,2025-07-12 12:00:00+00:00
31.1,68,1000.9,12.9,95,2025-07-12 13:00:00+00:00
30.3,73,1001.2,11.4,3,2025-07-12 14:00:00+00:00
29.7,77,1001.5,12.6,5,2025-07-12 15:00:00+00:00
29.4,80,1002.1,14.2,14,2025-07-12 16:00:00+00:00
29.2,81,1002.7,14.5,19,2025-07-12 17:00:00+00:00
29.1,80,1002.7,14.6,20,2025-07-12 18:00:00+00:00
28.9,80,1002.5,14.1,27,2025-07-12 19:00:00+00:00
28.9,80,1002.2,13.3,29,2025-07-12 20:00:00+00:00
28.7,80,1001.8,13.3,48,2025-07-12 21:00:00+00:00
28.4,81,1001.3,14.9,44,2025-07-12 22:00:00+00:00
28.3,83,1001.5,11.8,43,2025-07-12 23:00:00+00:00
28.2,84,1001.7,11.0,41,2025-07-13 00:00:00+00:00
29.0,79,1001.7,10.3,35,2025-07-13 01:00:00+00:00
29.3,77,1002.2,12.7,32,2025-07-13 02:00:00+00:00
30.0,73,1002.3,14.6,68,2025-07-13 03:00:00+00:00
30.6,70,1002.4,16.1,100,2025-07-13 04:00:00+00:00
30.9,69,1002.4,17.2,100,2025-07-13 05:00:00+00:00
31.5,66,1002.2,16.3,100,2025-07-13 06:00:00+00:00
31.7,66,1001.8,16.5,100,2025-07-13 07:00:00+00:00
32.2,65,1000.9,16.7,100,2025-07-13 08:00:00+00:00
31.8,67,1000.0,17.0,100,2025-07-13 09:00:00+00:00
31.9,67,999.3,16.6,96,2025-07-13 10:00:00+00:00
31.0,71,998.9,17.7,78,2025-07-13 11:00:00+00:00
30.6,73,998.7,17.3,90,2025-07-13 12:00:00+00:00
30.2,72,998.9,17.2,98,2025-07-13 13:00:00+00:00
29.7,76,999.4,15.0,17,2025-07-13 14:00:00+00:00
29.4,78,999.6,15.9,33,2025-07-13 15:00:00+00:00
29.3,79,1000.1,16.3,17,2025-07-13 16:00:00+00:00
29.2,80,1000.7,16.7,48,2025-07-13 17:00:00+00:00
28.8,83,1000.8,16.6,29,2025-07-13 18:00:00+00:00
28.5,85,1000.6,14.4,18,2025-07-13 19:00:00+00:00
28.4,86,1000.4,13.8,27,2025-07-13 20:00:00+00:00
28.1,87,1000.1,14.1,25,2025-07-13 21:00:00+00:00
28.1,87,999.6,13.5,29,2025-07-13 22:00:00+00:00
28.1,87,999.3,13.3,16,2025-07-13 23:00:00+00:00
28.0,87,999.3,12.8,21,2025-07-14 00:00:00+00:00
28.5,87,999.0,13.3,60,2025-07-14 01:00:00+00:00
28.8,85,999.6,14.6,73,2025-07-14 02:00:00+00:00
29.5,80,999.7,16.6,96,2025-07-14 03:00:00+00:00
30.6,73,999.9,17.4,100,2025-07-14 04:00:00+00:00
31.2,70,999.9,18.2,100,2025-07-14 05:00:00+00:00
31.7,67,999.4,18.1,100,2025-07-14 06:00:00+00:00
32.1,66,998.9,17.9,100,2025-07-14 07:00:00+00:00
32.1,66,998.1,17.5,97,2025-07-14 08:00:00+00:00
32.3,66,997.4,18.0,99,2025-07-14 09:00:00+00:00
31.9,69,997.0,17.9,100,2025-07-14 10:00:00+00:00
31.1,72,996.9,17.2,72,2025-07-14 11:00:00+00:00
30.9,72,996.7,16.3,45,2025-07-14 12:00:00+00:00
30.5,75,997.3,17.4,70,2025-07-14 13:00:00+00:00
29.8,78,997.7,15.7,16,2025-07-14 14:00:00+00:00
29.6,78,998.5,16.4,31,2025-07-14 15:00:00+00:00
29.3,81,999.3,15.2,52,2025-07-14 16:00:00+00:00
29.1,80,1000.0,13.4,59,2025-07-14 17:00:00+00:00
28.9,81,1000.2,12.1,55,2025-07-14 18:00:00+00:00
28.6,83,999.8,14.3,48,2025-07-14 19:00:00+00:00
28.4,85,999.3,13.8,50,2025-07-14 20:00:00+00:00
28.1,87,998.9,11.4,86,2025-07-14 21:00:00+00:00
28.0,87,998.8,11.5,78,2025-07-14 22:00:00+00:00
27.9,87,998.7,12.1,97,2025-07-14 23:00:00+00:00
27.8,88,998.8,10.8,85,2025-07-15 00:00:00+00:00
28.6,83,999.0,8.6,95,2025-07-15 01:00:00+00:00
29.0,79,999.2,9.1,100,2025-07-15 02:00:00+00:00
29.8,73,999.5,9.9,100,2025-07-15 03:00:00+00:00
31.0,67,999.6,11.2,98,2025-07-15 04:00:00+00:00
31.7,63,999.8,12.4,100,2025-07-15 05:00:00+00:00
32.2,60,999.7,13.1,100,2025-07-15 06:00:00+00:00
32.2,60,999.6,13.8,100,2025-07-15 07:00:00+00:00
32.2,60,998.8,14.0,100,2025-07-15 08:00:00+00:00
31.9,63,998.1,15.0,100,2025-07-15 09:00:00+00:00
31.6,65,997.4,15.8,100,2025-07-15 10:00:00+00:00
31.5,65,996.7,15.7,96,2025-07-15 11:00:00+00:00
31.2,67,996.5,15.3,100,2025-07-15 12:00:00+00:00
30.3,70,997.6,12.6,100,2025-07-15 13:00:00+00:00
29.8,73,997.8,13.2,100,2025-07-15 14:00:00+00:00
29.1,78,998.5,14.5,90,2025-07-15 15:00:00+00:00
29.0,78,999.4,11.8,85,2025-07-15 16:00:00+00:00
28.9,79,1000.0,12.6,43,2025-07-15 17:00:00+00:00
28.8,80,1000.1,11.5,85,2025-07-15 18:00:00+00:00
28.6,80,1000.2,10.9,96,2025-07-15 19:00:00+00:00
28.4,81,999.9,10.7,97,2025-07-15 20:00:00+00:00
28.2,82,999.4,10.1,92,2025-07-15 21:00:00+00:00
28.0,83,999.0,9.3,100,2025-07-15 22:00:00+00:00
27.9,84,998.8,8.2,100,2025-07-15 23:00:00+00:00
27.7,85,999.1,8.1,99,2025-07-16 00:00:00+00:00
28.4,80,999.0,6.7,100,2025-07-16 01:00:00+00:00
28.8,77,999.4,8.7,100,2025-07-16 02:00:00+00:00
29.5,73,999.7,9.4,100,2025-07-16 03:00:00+00:00
30.2,69,1000.2,9.9,100,2025-07-16 04:00:00+00:00
30.9,65,1000.1,11.2,100,2025-07-16 05:00:00+00:00
31.5,63,1000.2,11.6,98,2025-07-16 06:00:00+00:00
32.1,60,999.9,13.6,70,2025-07-16 07:00:00+00:00
32.1,61,999.3,15.4,60,2025-07-16 08:00:00+00:00
32.0,62,998.6,16.3,48,2025-07-16 09:00:00+00:00
32.1,62,998.0,16.6,57,2025-07-16 10:00:00+00:00
31.8,64,997.5,16.5,86,2025-07-16 11:00:00+00:00
31.3,67,997.4,15.7,57,2025-07-16 12:00:00+00:00
30.6,69,998.2,13.3,4,2025-07-16 13:00:00+00:00
30.0,72,998.6,12.9,45,2025-07-16 14:00:00+00:00
29.5,76,999.5,11.7,35,2025-07-16 15:00:00+00:00
29.3,78,1000.0,11.5,4,2025-07-16 16:00:00+00:00
29.0,79,1000.5,11.1,29,2025-07-16 17:00:00+00:00
28.9,80,1000.5,12.1,22,2025-07-16 18:00:00+00:00
28.6,82,1000.6,12.6,27,2025-07-16 19:00:00+00:00
28.6,82,999.9,11.1,13,2025-07-16 20:00:00+00:00
28.4,82,999.4,10.8,25,2025-07-16 21:00:00+00:00
28.5,81,999.5,8.0,27,2025-07-16 22:00:00+00:00
28.3,81,999.5,6.3,30,2025-07-16 23:00:00+00:00
28.1,82,999.7,6.3,97,2025-07-17 00:00:00+00:00
28.8,82,999.7,8.4,100,2025-07-17 01:00:00+00:00
29.4,76,1000.5,10.2,97,2025-07-17 02:00:00+00:00
29.3,77,1001.2,12.9,63,2025-07-17 03:00:00+00:00
29.9,76,1001.3,13.0,36,2025-07-17 04:00:00+00:00
30.9,70,1001.5,12.9,32,2025-07-17 05:00:00+00:00
31.5,67,1001.3,13.0,99,2025-07-17 06:00:00+00:00
31.4,68,1001.3,13.3,94,2025-07-17 07:00:00+00:00
31.7,67,1000.8,14.6,97,2025-07-17 08:00:00+00:00
31.1,71,1000.2,16.5,100,2025-07-17 09:00:00+00:00
30.9,72,999.9,16.2,100,2025-07-17 10:00:00+00:00
30.8,72,999.2,15.8,99,2025-07-17 11:00:00+00:00
30.3,74,999.1,14.7,89,2025-07-17 12:00:00+00:00
30.1,75,999.8,12.3,95,2025-07-17 13:00:00+00:00
29.6,78,1000.3,11.9,81,2025-07-17 14:00:00+00:00
29.3,78,1000.6,11.4,100,2025-07-17 15:00:00+00:00
29.2,77,1001.0,12.0,100,2025-07-17 16:00:00+00:00
29.1,77,1001.5,12.4,100,2025-07-17 17:00:00+00:00
29.1,77,1001.5,12.0,100,2025-07-17 18:00:00+00:00
29.0,76,1001.5,11.5,100,2025-07-17 19:00:00+00:00
28.9,77,1001.5,9.6,99,2025-07-17 20:00:00+00:00
28.8,77,1001.1,9.7,100,2025-07-17 21:00:00+00:00
28.4,79,1000.8,10.2,100,2025-07-17 22:00:00+00:00
28.2,80,1001.1,9.0,100,2025-07-17 23:00:00+00:00
28.1,81,1001.3,7.6,86,2025-07-18 00:00:00+00:00
28.9,77,1001.5,5.9,100,2025-07-18 01:00:00+00:00
29.3,74,1001.9,6.1,100,2025-07-18 02:00:00+00:00
30.0,69,1002.0,7.9,71,2025-07-18 03:00:00+00:00
31.0,64,1002.3,9.1,33,2025-07-18 04:00:00+00:00
32.0,59,1002.6,9.5,100,2025-07-18 05:00:00+00:00
32.8,56,1002.4,10.7,97,2025-07-18 06:00:00+00:00
33.2,55,1001.8,12.3,95,2025-07-18 07:00:00+00:00
33.2,55,1001.2,14.0,88,2025-07-18 08:00:00+00:00
32.7,57,1000.4,14.7,100,2025-07-18 09:00:00+00:00
32.2,60,999.9,14.7,93,2025-07-18 10:00:00+00:00
31.8,62,999.7,14.0,100,2025-07-18 11:00:00+00:00
31.4,64,999.3,13.4,100,2025-07-18 12:00:00+00:00
31.1,66,999.7,12.7,100,2025-07-18 13:00:00+00:00
30.4,70,1000.1,11.9,100,2025-07-18 14:00:00+00:00
29.9,74,1000.3,11.3,90,2025-07-18 15:00:00+00:00
29.6,75,1000.7,11.4,100,2025-07-18 16:00:00+00:00
29.3,77,1000.8,11.5,100,2025-07-18 17:00:00+00:00
29.2,78,1000.7,12.4,100,2025-07-18 18:00:00+00:00
29.0,78,1000.3,14.1,100,2025-07-18 19:00:00+00:00
28.9,79,999.8,13.0,100,2025-07-18 20:00:00+00:00
28.9,78,998.9,13.7,83,2025-07-18 21:00:00+00:00
28.6,80,998.5,14.4,99,2025-07-18 22:00:00+00:00
28.4,83,998.6,13.4,100,2025-07-18 23:00:00+00:00
28.2,85,998.5,13.2,100,2025-07-19 00:00:00+00:00
29.0,80,998.7,12.8,100,2025-07-19 01:00:00+00:00
29.1,79,999.3,13.6,98,2025-07-19 02:00:00+00:00
29.6,75,999.7,15.0,83,2025-07-19 03:00:00+00:00
30.6,71,999.6,13.5,48,2025-07-19 04:00:00+00:00
31.8,65,999.3,14.6,33,2025-07-19 05:00:00+00:00
32.4,63,998.7,14.8,41,2025-07-19 06:00:00+00:00
32.8,62,998.0,16.2,78,2025-07-19 07:00:00+00:00
32.9,62,997.2,16.9,100,2025-07-19 08:00:00+00:00
33.0,61,996.4,16.9,50,2025-07-19 09:00:00+00:00
32.8,62,996.0,17.1,100,2025-07-19 10:00:00+00:00
31.3,68,995.6,16.9,100,2025-07-19 11:00:00+00:00
31.0,68,995.4,17.3,100,2025-07-19 12:00:00+00:00
30.2,72,995.9,18.0,100,2025-07-19 13:00:00+00:00
29.9,74,996.0,16.1,100,2025-07-19 14:00:00+00:00
29.6,76,995.9,18.3,100,2025-07-19 15:00:00+00:00
29.3,79,996.4,17.8,100,2025-07-19 16:00:00+00:00
29.0,80,997.9,16.1,100,2025-07-19 17:00:00+00:00
28.9,81,997.8,16.5,99,2025-07-19 18:00:00+00:00
28.7,82,997.7,14.7,99,2025-07-19 19:00:00+00:00
28.6,82,997.2,15.4,100,2025-07-19 20:00:00+00:00
28.4,84,996.5,15.2,100,2025-07-19 21:00:00+00:00
28.2,85,996.4,15.4,100,2025-07-19 22:00:00+00:00
28.1,86,996.5,13.6,100,2025-07-19 23:00:00+00:00
28.0,86,996.4,13.5,100,2025-07-20 00:00:00+00:00
28.6,84,996.5,10.6,100,2025-07-20 01:00:00+00:00
28.8,82,997.0,11.9,100,2025-07-20 02:00:00+00:00
29.1,80,997.0,13.2,100,2025-07-20 03:00:00+00:00
29.6,77,997.4,13.5,100,2025-07-20 04:00:00+00:00
30.1,73,997.4,13.7,100,2025-07-20 05:00:00+00:00
30.8,69,997.2,14.2,100,2025-07-20 06:00:00+00:00
31.2,67,996.8,13.5,93,2025-07-20 07:00:00+00:00
32.1,62,996.2,13.6,100,2025-07-20 08:00:00+00:00
31.9,63,995.5,13.4,100,2025-07-20 09:00:00+00:00
31.2,67,995.3,13.8,99,2025-07-20 10:00:00+00:00
31.4,66,995.1,13.0,100,2025-07-20 11:00:00+00:00
30.6,70,995.0,13.5,87,2025-07-20 12:00:00+00:00
30.4,73,995.4,12.0,97,2025-07-20 13:00:00+00:00
30.1,74,996.0,11.7,100,2025-07-20 14:00:00+00:00
29.8,76,996.3,12.9,94,2025-07-20 15:00:00+00:00
29.5,78,996.7,11.9,94,2025-07-20 16:00:00+00:00
29.4,79,997.4,11.7,86,2025-07-20 17:00:00+00:00
29.3,80,998.0,11.6,89,2025-07-20 18:00:00+00:00
29.1,82,998.1,11.6,85,2025-07-20 19:00:00+00:00
28.9,83,998.0,11.6,92,2025-07-20 20:00:00+00:00
28.5,86,997.5,11.8,97,2025-07-20 21:00:00+00:00
27.9,91,997.3,11.4,92,2025-07-20 22:00:00+00:00
27.6,93,997.6,10.4,64,2025-07-20 23:00:00+00:00
27.6,93,998.0,8.8,94,2025-07-21 00:00:00+00:00
28.9,81,997.6,9.7,97,2025-07-21 01:00:00+00:00
29.2,80,998.3,9.4,55,2025-07-21 02:00:00+00:00
29.9,74,998.5,9.8,60,2025-07-21 03:00:00+00:00
30.6,71,998.9,10.3,74,2025-07-21 04:00:00+00:00
31.1,68,999.2,10.6,90,2025-07-21 05:00:00+00:00
31.9,66,999.1,11.4,99,2025-07-21 06:00:00+00:00
32.0,66,998.5,12.9,99,2025-07-21 07:00:00+00:00
32.3,65,998.1,13.5,52,2025-07-21 08:00:00+00:00
32.0,66,997.6,16.1,27,2025-07-21 09:00:00+00:00
31.7,66,997.4,16.3,98,2025-07-21 10:00:00+00:00
31.6,66,997.4,15.1,96,2025-07-21 11:00:00+00:00
31.0,68,997.5,14.8,83,2025-07-21 12:00:00+00:00
30.6,72,997.9,11.7,100,2025-07-21 13:00:00+00:00
30.1,76,998.4,11.2,100,2025-07-21 14:00:00+00:00
29.7,78,998.8,10.9,83,2025-07-21 15:00:00+00:00
29.5,80,999.5,10.4,100,2025-07-21 16:00:00+00:00
29.4,81,1000.0,9.3,100,2025-07-21 17:00:00+00:00
29.2,82,1000.0,9.4,96,2025-07-21 18:00:00+00:00
29.1,82,1000.1,9.9,87,2025-07-21 19:00:00+00:00
29.0,83,999.8,10.2,100,2025-07-21 20:00:00+00:00
28.9,83,999.6,11.0,100,2025-07-21 21:00:00+00:00
28.5,85,999.5,11.1,100,2025-07-21 22:00:00+00:00
28.5,85,999.8,10.7,100,2025-07-21 23:00:00+00:00
28.4,85,1000.1,10.7,100,2025-07-22 00:00:00+00:00
29.0,83,999.7,10.5,100,2025-07-22 01:00:00+00:00
29.2,81,1000.4,10.6,100,2025-07-22 02:00:00+00:00
29.5,79,1000.7,10.9,99,2025-07-22 03:00:00+00:00
30.4,74,1001.0,11.8,100,2025-07-22 04:00:00+00:00
31.3,70,1000.9,12.7,100,2025-07-22 05:00:00+00:00
31.8,66,1000.5,13.5,95,2025-07-22 06:00:00+00:00
31.9,65,1000.0,13.6,9,2025-07-22 07:00:00+00:00
32.6,62,999.2,14.4,39,2025-07-22 08:00:00+00:00
32.6,62,998.4,15.4,27,2025-07-22 09:00:00+00:00
32.1,64,997.7,15.9,80,2025-07-22 10:00:00+00:00
31.7,66,997.2,16.6,97,2025-07-22 11:00:00+00:00
30.9,70,996.8,16.7,95,2025-07-22 12:00:00+00:00
30.9,69,997.4,14.2,70,2025-07-22 13:00:00+00:00
30.2,72,997.5,16.1,89,2025-07-22 14:00:00+00:00
29.7,76,998.0,16.2,24,2025-07-22 15:00:00+00:00
29.6,77,998.5,17.1,90,2025-07-22 16:00:00+00:00
29.5,76,999.0,17.5,84,2025-07-22 17:00:00+00:00
29.3,77,999.3,17.8,100,2025-07-22 18:00:00+00:00
28.6,82,999.3,17.9,100,2025-07-22 19:00:00+00:00
28.4,84,998.9,19.3,99,2025-07-22 20:00:00+00:00
28.4,84,998.3,18.0,100,2025-07-22 21:00:00+00:00
28.3,84,997.9,17.2,100,2025-07-22 22:00:00+00:00
28.2,84,997.5,16.9,96,2025-07-22 23:00:00+00:00
28.3,82,997.2,16.6,78,2025-07-23 00:00:00+00:00
28.8,79,997.1,15.0,26,2025-07-23 01:00:00+00:00
28.7,80,997.3,16.8,58,2025-07-23 02:00:00+00:00
29.5,74,997.6,19.0,93,2025-07-23 03:00:00+00:00
30.2,71,997.6,19.2,93,2025-07-23 04:00:00+00:00
30.6,71,997.8,19.1,100,2025-07-23 05:00:00+00:00
30.6,71,997.5,19.4,100,2025-07-23 06:00:00+00:00
30.3,73,996.9,19.7,100,2025-07-23 07:00:00+00:00
30.4,73,996.0,20.3,94,2025-07-23 08:00:00+00:00
30.6,73,995.1,20.4,96,2025-07-23 09:00:00+00:00
30.6,72,994.8,20.8,57,2025-07-23 10:00:00+00:00
30.8,71,994.1,21.5,90,2025-07-23 11:00:00+00:00
30.2,73,993.6,20.7,47,2025-07-23 12:00:00+00:00
30.0,74,994.1,19.5,74,2025-07-23 13:00:00+00:00
29.5,78,994.6,18.4,83,2025-07-23 14:00:00+00:00
29.1,80,994.8,18.1,94,2025-07-23 15:00:00+00:00
28.9,82,995.5,16.9,89,2025-07-23 16:00:00+00:00
28.8,83,996.4,16.1,79,2025-07-23 17:00:00+00:00
28.5,85,996.5,15.9,46,2025-07-23 18:00:00+00:00
28.4,85,996.2,16.3,42,2025-07-23 19:00:00+00:00
28.0,87,995.9,15.4,36,2025-07-23 20:00:00+00:00
28.0,87,995.4,14.7,51,2025-07-23 21:00:00+00:00
27.8,88,994.9,14.5,49,2025-07-23 22:00:00+00:00
27.7,89,994.9,14.1,35,2025-07-23 23:00:00+00:00
27.8,88,995.0,13.8,39,2025-07-24 00:00:00+00:00
28.4,85,995.0,13.5,33,2025-07-24 01:00:00+00:00
28.8,82,995.5,12.6,6,2025-07-24 02:00:00+00:00
29.6,76,995.8,14.0,59,2025-07-24 03:00:00+00:00
30.2,73,996.4,15.2,80,2025-07-24 04:00:00+00:00
30.5,71,996.7,15.9,100,2025-07-24 05:00:00+00:00
30.9,69,996.4,16.6,99,2025-07-24 06:00:00+00:00
31.3,68,996.2,16.2,45,2025-07-24 07:00:00+00:00
32.1,64,995.4,15.9,51,2025-07-24 08:00:00+00:00
32.0,65,994.6,15.3,60,2025-07-24 09:00:00+00:00
31.6,67,993.9,15.4,28,2025-07-24 10:00:00+00:00
31.3,68,993.6,15.2,8,2025-07-24 11:00:00+00:00
30.8,69,993.4,13.8,97,2025-07-24 12:00:00+00:00
30.5,70,993.9,12.0,44,2025-07-24 13:00:00+00:00
30.1,74,994.3,12.8,51,2025-07-24 14:00:00+00:00
29.4,77,994.8,13.3,95,2025-07-24 15:00:00+00:00
29.2,78,995.4,13.4,88,2025-07-24 16:00:00+00:00
29.1,80,996.5,12.9,30,2025-07-24 17:00:00+00:00
28.7,82,996.7,13.4,17,2025-07-24 18:00:00+00:00
28.4,84,996.4,12.7,16,2025-07-24 19:00:00+00:00
28.2,86,996.1,11.0,20,2025-07-24 20:00:00+00:00
28.0,87,995.7,10.8,18,2025-07-24 21:00:00+00:00
27.7,88,995.3,9.7,21,2025-07-24 22:00:00+00:00
27.6,89,995.2,10.4,16,2025-07-24 23:00:00+00:00
27.6,89,995.6,10.1,16,2025-07-25 00:00:00+00:00
28.1,88,995.4,8.5,32,2025-07-25 01:00:00+00:00
28.5,85,995.9,9.4,35,2025-07-25 02:00:00+00:00
29.4,79,996.1,11.3,41,2025-07-25 03:00:00+00:00
30.4,73,996.5,12.4,72,2025-07-25 04:00:00+00:00
31.0,69,997.0,13.5,91,2025-07-25 05:00:00+00:00
31.3,68,996.7,14.9,82,2025-07-25 06:00:00+00:00
31.7,66,996.6,15.1,56,2025-07-25 07:00:00+00:00
32.1,64,996.1,14.4,41,2025-07-25 08:00:00+00:00
32.1,64,995.4,15.0,56,2025-07-25 09:00:00+00:00
31.7,67,995.0,15.6,51,2025-07-25 10:00:00+00:00
31.5,67,994.5,16.0,32,2025-07-25 11:00:00+00:00
30.8,70,994.3,16.0,44,2025-07-25 12:00:00+00:00
30.3,72,995.1,13.6,11,2025-07-25 13:00:00+00:00
30.0,73,995.3,14.5,46,2025-07-25 14:00:00+00:00
29.5,78,995.6,15.3,26,2025-07-25 15:00:00+00:00
29.2,79,996.6,14.3,6,2025-07-25 16:00:00+00:00
29.1,80,997.5,12.0,37,2025-07-25 17:00:00+00:00
29.1,79,997.4,14.0,12,2025-07-25 18:00:00+00:00
28.6,82,997.3,15.1,23,2025-07-25 19:00:00+00:00
28.4,84,997.3,13.5,23,2025-07-25 20:00:00+00:00
28.2,85,996.8,13.0,30,2025-07-25 21:00:00+00:00
27.9,87,996.6,12.6,61,2025-07-25 22:00:00+00:00
27.7,88,996.5,11.2,37,2025-07-25 23:00:00+00:00
27.6,89,996.6,10.9,36,2025-07-26 00:00:00+00:00
28.7,80,996.5,9.9,30,2025-07-26 01:00:00+00:00
28.9,80,997.0,10.7,13,2025-07-26 02:00:00+00:00
29.8,75,997.2,13.1,32,2025-07-26 03:00:00+00:00
30.8,70,997.3,15.3,99,2025-07-26 04:00:00+00:00
31.3,68,997.3,15.8,66,2025-07-26 05:00:00+00:00
31.9,66,997.5,16.8,99,2025-07-26 06:00:00+00:00
31.5,68,997.3,18.1,100,2025-07-26 07:00:00+00:00
31.8,67,996.8,18.9,58,2025-07-26 08:00:00+00:00
32.0,66,995.9,18.6,78,2025-07-26 09:00:00+00:00
31.5,68,995.4,18.9,92,2025-07-26 10:00:00+00:00
31.0,70,995.1,17.4,62,2025-07-26 11:00:00+00:00
31.1,69,994.8,18.4,96,2025-07-26 12:00:00+00:00
29.9,71,996.1,17.1,37,2025-07-26 13:00:00+00:00
29.2,73,996.1,16.8,13,2025-07-26 14:00:00+00:00
28.8,77,996.7,16.8,91,2025-07-26 15:00:00+00:00
28.9,77,997.4,16.2,100,2025-07-26 16:00:00+00:00
28.8,77,997.8,15.1,100,2025-07-26 17:00:00+00:00
28.8,77,997.8,13.5,94,2025-07-26 18:00:00+00:00
28.6,78,997.7,14.8,100,2025-07-26 19:00:00+00:00
28.3,80,997.5,12.4,95,2025-07-26 20:00:00+00:00
28.1,82,996.9,12.7,100,2025-07-26 21:00:00+00:00
27.9,83,996.6,12.4,28,2025-07-26 22:00:00+00:00
27.8,83,996.5,12.6,56,2025-07-26 23:00:00+00:00
27.8,84,996.8,11.2,54,2025-07-27 00:00:00+00:00
28.5,80,996.7,12.1,96,2025-07-27 01:00:00+00:00
28.9,78,997.3,14.1,99,2025-07-27 02:00:00+00:00
29.6,74,997.3,17.4,100,2025-07-27 03:00:00+00:00
30.1,71,997.5,16.9,99,2025-07-27 04:00:00+00:00
31.0,66,997.4,16.5,100,2025-07-27 05:00:00+00:00
31.5,65,997.6,17.0,100,2025-07-27 06:00:00+00:00
31.4,65,997.4,16.7,100,2025-07-27 07:00:00+00:00
31.4,65,996.9,17.6,100,2025-07-27 08:00:00+00:00
30.5,70,996.5,19.4,100,2025-07-27 09:00:00+00:00
30.4,71,996.0,18.9,69,2025-07-27 10:00:00+00:00
30.7,68,995.8,18.9,100,2025-07-27 11:00:00+00:00
29.9,72,995.9,18.7,95,2025-07-27 12:00:00+00:00
29.8,75,996.5,17.8,100,2025-07-27 13:00:00+00:00
29.1,79,997.0,15.8,100,2025-07-27 14:00:00+00:00
28.7,81,997.7,15.3,88,2025-07-27 15:00:00+00:00
28.6,81,998.1,13.2,100,2025-07-27 16:00:00+00:00
28.6,80,998.4,13.6,100,2025-07-27 17:00:00+00:00
28.5,79,998.4,13.5,100,2025-07-27 18:00:00+00:00
28.4,80,998.2,14.2,96,2025-07-27 19:00:00+00:00
28.0,83,998.1,14.9,97,2025-07-27 20:00:00+00:00
27.9,84,997.4,15.6,98,2025-07-27 21:00:00+00:00
28.0,82,997.0,14.5,100,2025-07-27 22:00:00+00:00
28.0,81,997.0,15.0,100,2025-07-27 23:00:00+00:00
27.9,82,997.2,15.3,100,2025-07-28 00:00:00+00:00
28.5,79,997.8,14.1,100,2025-07-28 01:00:00+00:00
28.5,78,998.2,16.1,100,2025-07-28 02:00:00+00:00
29.0,75,998.2,17.3,100,2025-07-28 03:00:00+00:00
29.9,69,998.5,19.4,100,2025-07-28 04:00:00+00:00
30.9,64,998.5,19.6,100,2025-07-28 05:00:00+00:00
30.6,67,998.3,19.7,100,2025-07-28 06:00:00+00:00
30.9,66,998.0,20.0,100,2025-07-28 07:00:00+00:00
31.4,64,997.6,20.7,100,2025-07-28 08:00:00+00:00
30.9,68,997.0,20.3,100,2025-07-28 09:00:00+00:00
31.1,66,996.6,20.2,100,2025-07-28 10:00:00+00:00
30.6,69,996.1,21.1,100,2025-07-28 11:00:00+00:00
30.0,73,996.1,20.7,94,2025-07-28 12:00:00+00:00
29.7,73,996.6,17.8,98,2025-07-28 13:00:00+00:00
29.2,77,997.2,17.6,100,2025-07-28 14:00:00+00:00
29.1,78,997.5,16.1,100,2025-07-28 15:00:00+00:00
28.9,80,998.5,14.1,100,2025-07-28 16:00:00+00:00
28.8,80,998.6,15.5,100,2025-07-28 17:00:00+00:00
28.5,82,998.9,16.2,100,2025-07-28 18:00:00+00:00
28.2,83,998.8,15.2,99,2025-07-28 19:00:00+00:00
28.1,84,998.6,15.8,100,2025-07-28 20:00:00+00:00
28.0,84,998.0,15.8,100,2025-07-28 21:00:00+00:00
27.9,84,997.8,16.2,99,2025-07-28 22:00:00+00:00
27.8,84,997.8,16.8,100,2025-07-28 23:00:00+00:00
27.8,84,997.8,16.8,100,2025-07-29 00:00:00+00:00
28.4,82,998.3,16.3,76,2025-07-29 01:00:00+00:00
28.6,81,998.3,19.2,88,2025-07-29 02:00:00+00:00
29.3,75,998.6,21.8,95,2025-07-29 03:00:00+00:00
30.0,71,998.6,22.7,100,2025-07-29 04:00:00+00:00
30.6,67,998.7,23.3,100,2025-07-29 05:00:00+00:00
31.0,65,998.7,24.1,100,2025-07-29 06:00:00+00:00
30.9,67,998.5,23.5,100,2025-07-29 07:00:00+00:00
31.3,64,997.9,24.2,100,2025-07-29 08:00:00+00:00
31.4,64,996.9,23.5,100,2025-07-29 09:00:00+00:00
31.1,66,996.4,23.6,100,2025-07-29 10:00:00+00:00
30.6,69,995.9,23.3,100,2025-07-29 11:00:00+00:00
30.2,71,995.9,23.0,99,2025-07-29 12:00:00+00:00
29.5,75,996.2,21.6,100,2025-07-29 13:00:00+00:00
28.9,77,996.4,20.4,100,2025-07-29 14:00:00+00:00
28.5,81,997.2,18.8,100,2025-07-29 15:00:00+00:00
28.2,83,997.8,19.1,100,2025-07-29 16:00:00+00:00
27.8,86,998.5,14.9,100,2025-07-29 17:00:00+00:00
27.9,85,998.7,14.3,100,2025-07-29 18:00:00+00:00
27.8,86,998.5,15.0,100,2025-07-29 19:00:00+00:00
27.7,87,997.7,14.8,100,2025-07-29 20:00:00+00:00
27.6,88,996.8,15.3,92,2025-07-29 21:00:00+00:00
27.6,87,996.5,16.1,64,2025-07-29 22:00:00+00:00
27.4,88,996.3,16.7,37,2025-07-29 23:00:00+00:00
27.4,87,996.2,16.6,30,2025-07-30 00:00:00+00:00
28.1,82,995.9,18.6,24,2025-07-30 01:00:00+00:00
28.3,80,996.5,19.5,51,2025-07-30 02:00:00+00:00
28.9,76,996.8,21.0,66,2025-07-30 03:00:00+00:00
29.8,72,997.2,20.4,100,2025-07-30 04:00:00+00:00
30.3,69,997.3,21.1,100,2025-07-30 05:00:00+00:00
30.2,70,997.2,21.0,100,2025-07-30 06:00:00+00:00
30.9,68,996.9,20.4,100,2025-07-30 07:00:00+00:00
31.1,67,996.4,19.7,100,2025-07-30 08:00:00+00:00
30.6,70,995.9,19.0,100,2025-07-30 09:00:00+00:00
30.2,72,995.6,18.2,100,2025-07-30 10:00:00+00:00
30.2,72,995.1,18.0,97,2025-07-30 11:00:00+00:00
29.7,74,994.8,19.5,100,2025-07-30 12:00:00+00:00
29.4,78,995.8,16.9,100,2025-07-30 13:00:00+00:00
28.9,80,996.1,15.7,100,2025-07-30 14:00:00+00:00
28.5,85,996.7,13.4,100,2025-07-30 15:00:00+00:00
28.2,87,997.8,13.0,100,2025-07-30 16:00:00+00:00
28.0,88,998.1,12.8,100,2025-07-30 17:00:00+00:00
27.7,89,998.2,12.3,100,2025-07-30 18:00:00+00:00
27.6,89,998.2,11.0,100,2025-07-30 19:00:00+00:00
27.4,90,997.3,11.3,100,2025-07-30 20:00:00+00:00
27.2,90,996.4,10.8,100,2025-07-30 21:00:00+00:00
27.2,89,996.2,9.9,100,2025-07-30 22:00:00+00:00
27.0,91,996.5,8.5,100,2025-07-30 23:00:00+00:00
26.9,91,997.0,8.4,100,2025-07-31 00:00:00+00:00
27.9,85,997.2,9.3,98,2025-07-31 01:00:00+00:00
28.2,82,997.7,11.3,85,2025-07-31 02:00:00+00:00
29.1,76,997.9,12.2,89,2025-07-31 03:00:00+00:00
29.8,72,998.3,13.7,99,2025-07-31 04:00:00+00:00
30.1,71,998.8,14.7,99,2025-07-31 05:00:00+00:00
30.3,70,998.8,14.5,97,2025-07-31 06:00:00+00:00
30.7,69,998.7,14.7,89,2025-07-31 07:00:00+00:00
30.7,68,998.2,15.1,49,2025-07-31 08:00:00+00:00
31.0,68,997.7,15.0,78,2025-07-31 09:00:00+00:00
30.6,70,997.6,15.1,51,2025-07-31 10:00:00+00:00
30.4,71,997.3,14.9,32,2025-07-31 11:00:00+00:00
29.9,73,997.3,15.1,65,2025-07-31 12:00:00+00:00
29.1,79,998.4,12.3,8,2025-07-31 13:00:00+00:00
28.7,80,998.7,8.0,43,2025-07-31 14:00:00+00:00
28.3,84,999.1,10.5,4,2025-07-31 15:00:00+00:00
28.0,86,999.7,11.1,15,2025-07-31 16:00:00+00:00
27.8,88,1000.1,11.5,39,2025-07-31 17:00:00+00:00
27.5,90,999.8,12.1,40,2025-07-31 18:00:00+00:00
27.3,91,999.5,10.6,30,2025-07-31 19:00:00+00:00
27.1,91,999.6,10.1,72,2025-07-31 20:00:00+00:00
27.0,91,999.2,11.4,46,2025-07-31 21:00:00+00:00
26.8,90,999.0,11.1,45,2025-07-31 22:00:00+00:00
26.7,90,999.1,10.3,37,2025-07-31 23:00:00+00:00
26.6,91,999.4,10.1,95,2025-08-01 00:00:00+00:00
27.0,92,999.1,11.0,75,2025-08-01 01:00:00+00:00
27.4,89,1000.0,13.3,23,2025-08-01 02:00:00+00:00
28.6,75,1000.5,14.2,47,2025-08-01 03:00:00+00:00
29.0,73,1000.8,13.9,99,2025-08-01 04:00:00+00:00
29.6,70,1001.0,16.4,88,2025-08-01 05:00:00+00:00
29.7,70,1001.2,18.2,65,2025-08-01 06:00:00+00:00
29.9,70,1001.3,19.3,38,2025-08-01 07:00:00+00:00
30.6,67,1000.7,17.9,53,2025-08-01 08:00:00+00:00
30.6,66,1000.0,17.2,44,2025-08-01 09:00:00+00:00
30.5,66,999.8,17.6,34,2025-08-01 10:00:00+00:00
30.0,68,999.4,17.2,44,2025-08-01 11:00:00+00:00
29.7,71,999.3,16.8,33,2025-08-01 12:00:00+00:00
29.1,77,999.9,16.1,83,2025-08-01 13:00:00+00:00
28.5,79,1000.3,13.8,52,2025-08-01 14:00:00+00:00
28.2,82,1000.9,14.1,89,2025-08-01 15:00:00+00:00
27.7,85,1001.6,13.4,100,2025-08-01 16:00:00+00:00
27.5,86,1001.8,13.0,87,2025-08-01 17:00:00+00:00
27.2,88,1001.8,13.3,26,2025-08-01 18:00:00+00:00
27.1,89,1001.6,13.8,11,2025-08-01 19:00:00+00:00
26.9,89,1001.1,12.5,31,2025-08-01 20:00:00+00:00
26.6,91,1000.4,12.6,33,2025-08-01 21:00:00+00:00
26.5,91,1000.2,12.7,73,2025-08-01 22:00:00+00:00
26.6,90,1000.2,12.3,100,2025-08-01 23:00:00+00:00
26.5,90,1000.2,13.9,99,2025-08-02 00:00:00+00:00
27.4,87,1000.6,13.7,100,2025-08-02 01:00:00+00:00
27.7,85,1001.2,14.6,100,2025-08-02 02:00:00+00:00
28.1,82,1001.5,18.0,100,2025-08-02 03:00:00+00:00
28.4,79,1001.9,19.3,99,2025-08-02 04:00:00+00:00
28.8,76,1001.9,19.6,100,2025-08-02 05:00:00+00:00
28.8,75,1002.2,18.3,100,2025-08-02 06:00:00+00:00
28.7,76,1002.1,17.0,97,2025-08-02 07:00:00+00:00
29.4,72,1001.2,18.2,71,2025-08-02 08:00:00+00:00
29.9,70,1000.3,19.6,100,2025-08-02 09:00:00+00:00
29.7,71,999.9,18.0,100,2025-08-02 10:00:00+00:00
29.5,72,999.6,18.0,63,2025-08-02 11:00:00+00:00
29.2,73,999.4,17.8,98,2025-08-02 12:00:00+00:00
28.9,76,1000.1,17.3,79,2025-08-02 13:00:00+00:00
28.5,79,1000.5,15.9,63,2025-08-02 14:00:00+00:00
28.0,83,1001.0,15.0,21,2025-08-02 15:00:00+00:00
27.8,84,1001.6,14.6,16,2025-08-02 16:00:00+00:00
27.6,85,1002.1,13.3,19,2025-08-02 17:00:00+00:00
27.5,85,1002.1,12.8,32,2025-08-02 18:00:00+00:00
27.1,87,1001.8,13.3,48,2025-08-02 19:00:00+00:00
27.0,88,1001.2,12.6,61,2025-08-02 20:00:00+00:00
26.8,89,1000.9,12.0,58,2025-08-02 21:00:00+00:00
26.8,88,1000.6,11.6,60,2025-08-02 22:00:00+00:00
26.7,89,1000.7,12.2,30,2025-08-02 23:00:00+00:00
26.5,90,1001.0,13.0,15,2025-08-03 00:00:00+00:00
27.4,87,1001.4,12.3,33,2025-08-03 01:00:00+00:00
27.6,85,1001.7,14.3,54,2025-08-03 02:00:00+00:00
28.3,80,1001.9,14.9,100,2025-08-03 03:00:00+00:00
28.9,76,1002.5,16.1,100,2025-08-03 04:00:00+00:00
29.2,74,1002.8,15.9,99,2025-08-03 05:00:00+00:00
29.5,73,1002.6,17.2,100,2025-08-03 06:00:00+00:00
29.7,72,1002.4,17.8,91,2025-08-03 07:00:00+00:00
30.0,71,1001.8,17.6,96,2025-08-03 08:00:00+00:00
30.2,70,1001.4,17.3,58,2025-08-03 09:00:00+00:00
30.2,70,1001.0,17.1,63,2025-08-03 10:00:00+00:00
29.9,71,1000.7,16.9,48,2025-08-03 11:00:00+00:00
29.6,72,1000.7,16.7,40,2025-08-03 12:00:00+00:00
29.2,75,1001.1,14.5,27,2025-08-03 13:00:00+00:00
28.3,80,1001.8,13.9,12,2025-08-03 14:00:00+00:00
27.9,83,1002.2,10.5,5,2025-08-03 15:00:00+00:00
27.7,85,1003.0,10.6,30,2025-08-03 16:00:00+00:00
27.6,84,1003.6,11.7,13,2025-08-03 17:00:00+00:00
27.4,86,1003.9,12.0,12,2025-08-03 18:00:00+00:00
27.3,86,1003.8,11.5,29,2025-08-03 19:00:00+00:00
27.0,87,1003.8,10.9,45,2025-08-03 20:00:00+00:00
26.7,89,1003.1,11.1,37,2025-08-03 21:00:00+00:00
26.6,90,1002.8,11.1,20,2025-08-03 22:00:00+00:00
26.5,90,1002.7,11.1,21,2025-08-03 23:00:00+00:00
26.3,90,1003.1,11.5,89,2025-08-04 00:00:00+00:00
26.9,91,1002.9,11.0,20,2025-08-04 01:00:00+00:00
27.2,88,1003.2,11.3,49,2025-08-04 02:00:00+00:00
27.9,83,1003.5,13.9,36,2025-08-04 03:00:00+00:00
29.0,76,1004.0,15.5,22,2025-08-04 04:00:00+00:00
29.8,70,1004.2,16.5,43,2025-08-04 05:00:00+00:00
30.2,68,1004.0,17.9,43,2025-08-04 06:00:00+00:00
30.5,66,1003.8,17.8,54,2025-08-04 07:00:00+00:00
30.6,66,1003.5,17.4,56,2025-08-04 08:00:00+00:00
30.7,66,1003.0,18.4,75,2025-08-04 09:00:00+00:00
30.4,68,1002.6,19.5,99,2025-08-04 10:00:00+00:00
29.7,71,1002.1,19.4,96,2025-08-04 11:00:00+00:00
29.5,72,1001.9,19.2,86,2025-08-04 12:00:00+00:00
28.7,76,1002.1,18.0,43,2025-08-04 13:00:00+00:00
28.1,80,1002.4,16.8,45,2025-08-04 14:00:00+00:00
28.0,81,1002.7,15.8,82,2025-08-04 15:00:00+00:00
27.8,83,1003.6,15.7,32,2025-08-04 16:00:00+00:00
27.5,85,1003.9,15.0,96,2025-08-04 17:00:00+00:00
27.3,86,1003.9,14.6,98,2025-08-04 18:00:00+00:00
27.0,87,1003.5,15.1,100,2025-08-04 19:00:00+00:00
26.8,88,1003.0,14.3,100,2025-08-04 20:00:00+00:00
26.6,89,1002.4,15.0,100,2025-08-04 21:00:00+00:00
26.6,89,1002.2,15.8,100,2025-08-04 22:00:00+00:00
26.5,89,1002.1,15.5,99,2025-08-04 23:00:00+00:00
26.3,90,1002.3,15.4,100,2025-08-05 00:00:00+00:00
27.1,88,1001.9,13.3,99,2025-08-05 01:00:00+00:00
27.3,86,1002.4,13.2,100,2025-08-05 02:00:00+00:00
28.1,79,1002.9,17.1,100,2025-08-05 03:00:00+00:00
28.6,76,1003.4,19.7,100,2025-08-05 04:00:00+00:00
29.4,73,1003.6,20.0,100,2025-08-05 05:00:00+00:00
29.7,70,1003.4,19.9,100,2025-08-05 06:00:00+00:00
30.1,68,1002.9,20.6,100,2025-08-05 07:00:00+00:00
29.8,70,1002.6,20.9,100,2025-08-05 08:00:00+00:00
29.5,71,1002.3,20.0,100,2025-08-05 09:00:00+00:00
29.3,72,1002.1,19.5,100,2025-08-05 10:00:00+00:00
29.2,72,1001.7,19.9,100,2025-08-05 11:00:00+00:00
28.9,73,1001.5,19.5,100,2025-08-05 12:00:00+00:00
28.4,77,1001.7,16.2,100,2025-08-05 13:00:00+00:00
28.0,80,1001.9,14.7,100,2025-08-05 14:00:00+00:00
27.8,81,1002.3,14.5,100,2025-08-05 15:00:00+00:00
27.5,83,1002.9,15.6,100,2025-08-05 16:00:00+00:00
27.3,84,1003.6,14.8,100,2025-08-05 17:00:00+00:00
27.2,85,1003.7,14.6,97,2025-08-05 18:00:00+00:00
26.7,88,1003.5,14.6,100,2025-08-05 19:00:00+00:00
26.7,88,1003.2,14.9,100,2025-08-05 20:00:00+00:00
26.4,89,1002.5,15.8,100,2025-08-05 21:00:00+00:00
26.3,89,1002.4,15.9,100,2025-08-05 22:00:00+00:00
26.3,89,1002.2,15.3,38,2025-08-05 23:00:00+00:00
26.2,90,1002.5,14.2,33,2025-08-06 00:00:00+00:00
27.0,88,1002.3,13.2,19,2025-08-06 01:00:00+00:00
27.3,84,1002.9,14.0,13,2025-08-06 02:00:00+00:00
28.1,76,1003.3,16.2,39,2025-08-06 03:00:00+00:00
28.8,72,1003.7,18.4,54,2025-08-06 04:00:00+00:00
29.2,71,1004.0,18.8,65,2025-08-06 05:00:00+00:00
29.3,71,1003.9,19.6,80,2025-08-06 06:00:00+00:00
29.8,69,1003.8,18.8,66,2025-08-06 07:00:00+00:00
30.0,68,1003.3,18.1,73,2025-08-06 08:00:00+00:00
30.1,68,1002.5,18.3,89,2025-08-06 09:00:00+00:00
29.5,72,1002.2,18.3,45,2025-08-06 10:00:00+00:00
29.6,71,1002.0,18.7,60,2025-08-06 11:00:00+00:00
29.0,74,1002.0,18.4,78,2025-08-06 12:00:00+00:00
28.6,76,1002.5,17.4,52,2025-08-06 13:00:00+00:00
28.1,79,1002.9,15.3,22,2025-08-06 14:00:00+00:00
27.6,83,1003.3,13.7,9,2025-08-06 15:00:00+00:00
27.3,84,1003.7,13.4,20,2025-08-06 16:00:00+00:00
27.1,86,1004.3,12.0,28,2025-08-06 17:00:00+00:00
27.0,86,1004.2,12.3,31,2025-08-06 18:00:00+00:00
26.7,88,1003.9,11.7,37,2025-08-06 19:00:00+00:00
26.6,89,1003.3,11.7,31,2025-08-06 20:00:00+00:00
26.4,90,1002.7,11.2,29,2025-08-06 21:00:00+00:00
26.3,90,1002.3,12.1,51,2025-08-06 22:00:00+00:00
26.1,91,1002.7,12.6,40,2025-08-06 23:00:00+00:00
26.2,91,1003.1,12.5,35,2025-08-07 00:00:00+00:00
26.8,92,1003.0,9.9,87,2025-08-07 01:00:00+00:00
27.2,88,1003.8,12.1,92,2025-08-07 02:00:00+00:00
27.8,83,1004.2,14.4,60,2025-08-07 03:00:00+00:00
28.7,76,1004.6,16.2,76,2025-08-07 04:00:00+00:00
29.2,73,1004.7,18.1,91,2025-08-07 05:00:00+00:00
29.4,72,1004.7,17.8,77,2025-08-07 06:00:00+00:00
29.6,72,1004.4,18.2,67,2025-08-07 07:00:00+00:00
30.1,70,1003.7,18.4,74,2025-08-07 08:00:00+00:00
30.2,69,1002.9,18.3,44,2025-08-07 09:00:00+00:00
30.0,70,1002.5,19.0,54,2025-08-07 10:00:00+00:00
29.7,72,1002.1,18.8,68,2025-08-07 11:00:00+00:00
29.3,73,1002.1,17.8,48,2025-08-07 12:00:00+00:00
29.1,73,1002.5,16.8,40,2025-08-07 13:00:00+00:00
28.0,80,1002.8,15.1,9,2025-08-07 14:00:00+00:00
27.8,81,1003.2,14.4,19,2025-08-07 15:00:00+00:00
27.7,81,1003.6,14.0,16,2025-08-07 16:00:00+00:00
27.4,82,1004.2,15.1,18,2025-08-07 17:00:00+00:00
27.3,83,1004.3,14.3,14,2025-08-07 18:00:00+00:00
26.9,85,1004.1,13.4,27,2025-08-07 19:00:00+00:00
26.8,86,1003.7,12.8,33,2025-08-07 20:00:00+00:00
26.6,86,1003.1,12.5,39,2025-08-07 21:00:00+00:00
26.2,89,1002.5,12.2,33,2025-08-07 22:00:00+00:00
26.3,89,1002.4,13.3,28,2025-08-07 23:00:00+00:00
26.2,88,1002.4,13.7,43,2025-08-08 00:00:00+00:00
26.8,85,1002.7,13.4,53,2025-08-08 01:00:00+00:00
27.1,83,1003.1,15.0,40,2025-08-08 02:00:00+00:00
27.7,80,1003.5,17.3,36,2025-08-08 03:00:00+00:00
28.6,74,1004.0,18.3,39,2025-08-08 04:00:00+00:00
29.5,69,1004.4,18.7,41,2025-08-08 05:00:00+00:00
30.1,66,1004.4,18.8,55,2025-08-08 06:00:00+00:00
30.1,67,1004.4,18.5,50,2025-08-08 07:00:00+00:00
30.6,64,1004.2,18.3,86,2025-08-08 08:00:00+00:00
30.7,63,1003.5,18.7,45,2025-08-08 09:00:00+00:00
30.3,65,1003.3,19.3,56,2025-08-08 10:00:00+00:00
29.5,70,1003.2,18.5,53,2025-08-08 11:00:00+00:00
29.3,71,1003.1,18.3,53,2025-08-08 12:00:00+00:00
29.4,69,1003.4,17.5,42,2025-08-08 13:00:00+00:00
28.8,74,1003.9,18.1,65,2025-08-08 14:00:00+00:00
28.2,77,1004.6,17.5,44,2025-08-08 15:00:00+00:00
27.9,79,1005.3,17.7,100,2025-08-08 16:00:00+00:00
27.6,81,1006.1,15.9,97,2025-08-08 17:00:00+00:00
27.3,82,1006.1,15.1,98,2025-08-08 18:00:00+00:00
27.1,84,1005.9,15.0,96,2025-08-08 19:00:00+00:00
26.9,85,1005.5,15.2,23,2025-08-08 20:00:00+00:00
26.7,86,1005.1,15.3,45,2025-08-08 21:00:00+00:00
26.7,86,1004.9,14.3,57,2025-08-08 22:00:00+00:00
26.6,87,1004.9,15.1,57,2025-08-08 23:00:00+00:00
26.5,87,1004.9,15.6,63,2025-08-09 00:00:00+00:00
27.1,83,1004.7,14.6,85,2025-08-09 01:00:00+00:00
27.1,84,1005.1,16.0,64,2025-08-09 02:00:00+00:00
27.8,79,1005.7,18.2,91,2025-08-09 03:00:00+00:00
28.6,74,1006.0,16.7,77,2025-08-09 04:00:00+00:00
29.6,69,1006.4,16.2,97,2025-08-09 05:00:00+00:00
30.1,67,1006.5,16.3,98,2025-08-09 06:00:00+00:00
30.2,68,1006.2,17.9,100,2025-08-09 07:00:00+00:00
30.1,69,1005.8,18.2,98,2025-08-09 08:00:00+00:00
30.6,66,1005.2,18.0,71,2025-08-09 09:00:00+00:00
30.3,68,1004.6,18.6,82,2025-08-09 10:00:00+00:00
29.6,70,1004.2,17.8,92,2025-08-09 11:00:00+00:00
29.3,72,1003.8,18.5,98,2025-08-09 12:00:00+00:00
28.8,74,1004.4,15.2,100,2025-08-09 13:00:00+00:00
28.0,79,1004.6,14.2,100,2025-08-09 14:00:00+00:00
27.7,83,1004.8,14.4,100,2025-08-09 15:00:00+00:00
27.5,85,1005.2,14.4,100,2025-08-09 16:00:00+00:00
27.1,87,1005.9,13.3,100,2025-08-09 17:00:00+00:00
27.0,88,1006.0,13.5,98,2025-08-09 18:00:00+00:00
26.8,88,1005.9,12.5,99,2025-08-09 19:00:00+00:00
26.7,89,1005.4,12.3,99,2025-08-09 20:00:00+00:00
26.5,90,1004.9,13.2,100,2025-08-09 21:00:00+00:00
26.3,91,1004.8,13.6,92,2025-08-09 22:00:00+00:00
26.3,91,1004.8,13.7,87,2025-08-09 23:00:00+00:00
26.3,90,1004.9,13.4,75,2025-08-10 00:00:00+00:00
26.9,85,1004.3,13.1,29,2025-08-10 01:00:00+00:00
27.0,84,1004.7,14.1,45,2025-08-10 02:00:00+00:00
27.6,80,1005.0,16.7,48,2025-08-10 03:00:00+00:00
28.6,74,1005.3,15.7,47,2025-08-10 04:00:00+00:00
29.6,69,1005.3,17.1,65,2025-08-10 05:00:00+00:00
29.8,68,1005.2,17.5,100,2025-08-10 06:00:00+00:00
29.9,68,1004.8,16.6,100,2025-08-10 07:00:00+00:00
30.1,67,1004.3,16.7,100,2025-08-10 08:00:00+00:00
30.0,68,1003.7,17.5,97,2025-08-10 09:00:00+00:00
29.7,71,1003.2,18.7,87,2025-08-10 10:00:00+00:00
29.3,72,1002.6,18.4,95,2025-08-10 11:00:00+00:00
29.1,72,1002.3,18.2,47,2025-08-10 12:00:00+00:00
28.7,72,1003.2,15.9,15,2025-08-10 13:00:00+00:00
28.1,76,1003.4,16.2,54,2025-08-10 14:00:00+00:00
27.6,81,1003.7,15.2,43,2025-08-10 15:00:00+00:00
27.5,81,1004.2,15.0,27,2025-08-10 16:00:00+00:00
27.1,84,1004.7,14.6,27,2025-08-10 17:00:00+00:00
26.8,86,1005.1,13.6,36,2025-08-10 18:00:00+00:00
26.8,86,1005.1,13.5,44,2025-08-10 19:00:00+00:00
26.5,87,1004.7,13.8,23,2025-08-10 20:00:00+00:00
26.4,88,1004.1,13.4,35,2025-08-10 21:00:00+00:00
26.3,88,1003.7,13.6,37,2025-08-10 22:00:00+00:00
26.2,89,1003.7,14.5,39,2025-08-10 23:00:00+00:00
26.3,88,1003.8,13.9,16,2025-08-11 00:00:00+00:00
26.7,87,1003.6,16.0,100,2025-08-11 01:00:00+00:00
26.8,87,1004.2,16.1,100,2025-08-11 02:00:00+00:00
27.4,81,1004.4,17.5,82,2025-08-11 03:00:00+00:00
28.5,74,1004.6,18.4,74,2025-08-11 04:00:00+00:00
29.0,72,1004.7,19.4,99,2025-08-11 05:00:00+00:00
29.3,72,1004.7,20.2,100,2025-08-11 06:00:00+00:00
28.7,75,1004.5,20.8,100,2025-08-11 07:00:00+00:00
28.8,74,1004.1,21.0,100,2025-08-11 08:00:00+00:00
28.6,75,1003.3,21.4,100,2025-08-11 09:00:00+00:00
28.8,73,1002.6,20.5,68,2025-08-11 10:00:00+00:00
28.9,73,1002.0,20.9,95,2025-08-11 11:00:00+00:00
28.5,75,1001.9,18.5,98,2025-08-11 12:00:00+00:00
28.4,76,1002.2,18.2,100,2025-08-11 13:00:00+00:00
28.0,79,1002.3,17.7,100,2025-08-11 14:00:00+00:00
27.5,81,1002.8,15.8,100,2025-08-11 15:00:00+00:00
27.5,80,1003.1,16.2,73,2025-08-11 16:00:00+00:00
27.5,80,1003.8,14.5,86,2025-08-11 17:00:00+00:00
27.3,80,1003.8,16.6,91,2025-08-11 18:00:00+00:00
27.1,81,1003.5,17.5,100,2025-08-11 19:00:00+00:00
27.0,81,1002.9,16.2,36,2025-08-11 20:00:00+00:00
26.7,82,1002.4,17.3,86,2025-08-11 21:00:00+00:00
26.8,81,1002.0,16.9,52,2025-08-11 22:00:00+00:00
26.7,82,1001.7,18.0,53,2025-08-11 23:00:00+00:00
26.9,80,1001.7,18.0,89,2025-08-12 00:00:00+00:00
27.4,77,1001.8,17.8,80,2025-08-12 01:00:00+00:00
27.4,79,1002.4,18.3,89,2025-08-12 02:00:00+00:00
27.6,79,1002.5,22.0,95,2025-08-12 03:00:00+00:00
28.4,74,1002.6,20.1,68,2025-08-12 04:00:00+00:00
29.4,68,1002.9,21.1,100,2025-08-12 05:00:00+00:00
29.4,69,1002.7,21.6,100,2025-08-12 06:00:00+00:00
29.5,70,1002.3,21.1,100,2025-08-12 07:00:00+00:00
29.5,70,1001.7,20.9,100,2025-08-12 08:00:00+00:00
29.4,71,1000.9,21.6,100,2025-08-12 09:00:00+00:00
29.3,71,1000.4,20.3,100,2025-08-12 10:00:00+00:00
28.9,73,999.6,20.7,96,2025-08-12 11:00:00+00:00
28.5,75,999.4,19.2,98,2025-08-12 12:00:00+00:00
28.4,76,999.8,16.2,100,2025-08-12 13:00:00+00:00
28.1,78,999.9,15.7,99,2025-08-12 14:00:00+00:00
27.7,81,1000.2,15.8,100,2025-08-12 15:00:00+00:00
27.5,82,1001.1,13.7,100,2025-08-12 16:00:00+00:00
27.3,84,1001.6,12.7,100,2025-08-12 17:00:00+00:00
27.3,85,1001.4,13.5,100,2025-08-12 18:00:00+00:00
27.0,86,1001.3,13.5,100,2025-08-12 19:00:00+00:00
26.6,88,1000.7,13.9,99,2025-08-12 20:00:00+00:00
26.4,90,1000.2,13.3,94,2025-08-12 21:00:00+00:00
26.4,89,999.9,13.2,100,2025-08-12 22:00:00+00:00
26.6,86,999.6,11.8,99,2025-08-12 23:00:00+00:00
26.6,86,999.5,11.9,100,2025-08-13 00:00:00+00:00
27.1,85,999.4,10.8,100,2025-08-13 01:00:00+00:00
27.3,84,999.8,10.6,100,2025-08-13 02:00:00+00:00
28.1,78,999.8,13.1,98,2025-08-13 03:00:00+00:00
29.0,73,1000.2,14.0,100,2025-08-13 04:00:00+00:00
29.3,73,1000.4,14.5,100,2025-08-13 05:00:00+00:00
29.3,74,1000.2,14.9,100,2025-08-13 06:00:00+00:00
29.6,74,999.8,16.4,100,2025-08-13 07:00:00+00:00
29.7,73,999.5,17.6,100,2025-08-13 08:00:00+00:00
29.5,74,999.0,15.9,100,2025-08-13 09:00:00+00:00
29.8,72,998.1,16.0,100,2025-08-13 10:00:00+00:00
29.3,74,997.6,14.8,99,2025-08-13 11:00:00+00:00
29.1,76,997.6,14.5,91,2025-08-13 12:00:00+00:00
28.8,78,998.4,12.4,95,2025-08-13 13:00:00+00:00
28.1,82,998.6,12.0,100,2025-08-13 14:00:00+00:00
27.8,84,999.3,11.1,100,2025-08-13 15:00:00+00:00
27.7,84,999.8,10.8,100,2025-08-13 16:00:00+00:00
27.6,85,1000.3,8.8,100,2025-08-13 17:00:00+00:00
27.4,86,1000.5,7.0,97,2025-08-13 18:00:00+00:00
27.2,88,1000.5,4.8,100,2025-08-13 19:00:00+00:00
27.0,90,1000.0,3.8,100,2025-08-13 20:00:00+00:00
26.9,90,999.6,3.4,98,2025-08-13 21:00:00+00:00
26.7,90,999.7,4.3,100,2025-08-13 22:00:00+00:00
26.8,90,999.7,4.5,97,2025-08-13 23:00:00+00:00
26.7,90,1000.0,4.3,100,2025-08-14 00:00:00+00:00
27.2,90,1000.0,2.5,100,2025-08-14 01:00:00+00:00
27.3,90,1000.6,3.4,100,2025-08-14 02:00:00+00:00
28.0,86,1000.9,5.0,98,2025-08-14 03:00:00+00:00
29.1,79,1001.3,7.5,100,2025-08-14 04:00:00+00:00
29.9,74,1001.7,8.9,61,2025-08-14 05:00:00+00:00
30.4,72,1001.7,10.0,94,2025-08-14 06:00:00+00:00
30.6,70,1001.2,9.6,92,2025-08-14 07:00:00+00:00
30.6,70,1000.6,10.7,98,2025-08-14 08:00:00+00:00
30.6,69,999.9,13.7,74,2025-08-14 09:00:00+00:00
30.2,72,999.6,13.3,99,2025-08-14 10:00:00+00:00
29.8,75,999.0,13.1,91,2025-08-14 11:00:00+00:00
29.4,77,998.7,12.8,100,2025-08-14 12:00:00+00:00
29.0,78,999.5,6.8,100,2025-08-14 13:00:00+00:00
28.7,80,999.9,7.7,99,2025-08-14 14:00:00+00:00
28.3,84,1000.4,7.7,100,2025-08-14 15:00:00+00:00
27.9,87,1001.0,6.0,99,2025-08-14 16:00:00+00:00
27.8,88,1001.5,4.9,100,2025-08-14 17:00:00+00:00
27.7,89,1001.6,5.6,100,2025-08-14 18:00:00+00:00
27.6,89,1001.5,4.4,100,2025-08-14 19:00:00+00:00
27.6,89,1001.3,2.0,100,2025-08-14 20:00:00+00:00
27.5,90,1000.7,1.5,100,2025-08-14 21:00:00+00:00
27.4,90,1000.5,1.3,100,2025-08-14 22:00:00+00:00
27.4,90,1000.7,2.2,100,2025-08-14 23:00:00+00:00
27.4,90,1001.0,1.1,100,2025-08-15 00:00:00+00:00
27.2,93,1001.2,3.5,100,2025-08-15 01:00:00+00:00
27.4,92,1001.8,3.8,97,2025-08-15 02:00:00+00:00
28.3,84,1002.0,3.6,89,2025-08-15 03:00:00+00:00
29.5,73,1002.1,3.5,83,2025-08-15 04:00:00+00:00
30.6,66,1002.3,3.7,80,2025-08-15 05:00:00+00:00
31.4,62,1002.1,6.4,45,2025-08-15 06:00:00+00:00
32.0,60,1001.6,8.7,35,2025-08-15 07:00:00+00:00
32.4,59,1001.0,8.9,58,2025-08-15 08:00:00+00:00
32.7,58,999.8,11.5,53,2025-08-15 09:00:00+00:00
31.9,63,998.8,13.4,35,2025-08-15 10:00:00+00:00
31.5,63,998.2,13.2,35,2025-08-15 11:00:00+00:00
30.3,72,998.6,12.7,51,2025-08-15 12:00:00+00:00
30.2,71,999.2,9.7,73,2025-08-15 13:00:00+00:00
29.5,75,999.6,8.5,93,2025-08-15 14:00:00+00:00
29.0,79,1000.2,8.3,94,2025-08-15 15:00:00+00:00
28.8,80,1000.5,6.1,97,2025-08-15 16:00:00+00:00
28.6,82,1000.7,5.4,95,2025-08-15 17:00:00+00:00
28.3,84,1000.8,3.9,100,2025-08-15 18:00:00+00:00
28.1,85,1000.5,2.9,97,2025-08-15 19:00:00+00:00
27.8,87,1000.1,3.4,84,2025-08-15 20:00:00+00:00
27.6,88,999.5,3.8,44,2025-08-15 21:00:00+00:00
27.4,89,999.5,3.7,54,2025-08-15 22:00:00+00:00
27.2,91,999.7,4.1,13,2025-08-15 23:00:00+00:00
27.1,92,1000.0,5.1,26,2025-08-16 00:00:00+00:00
27.4,92,999.9,5.8,97,2025-08-16 01:00:00+00:00
27.6,91,1000.1,6.7,53,2025-08-16 02:00:00+00:00
28.6,83,1000.5,5.2,100,2025-08-16 03:00:00+00:00
29.3,77,1000.8,4.6,100,2025-08-16 04:00:00+00:00
30.2,72,1001.0,3.4,100,2025-08-16 05:00:00+00:00
31.7,65,1000.5,4.2,55,2025-08-16 06:00:00+00:00
32.9,61,999.7,9.1,42,2025-08-16 07:00:00+00:00
32.8,63,999.0,12.7,69,2025-08-16 08:00:00+00:00
32.3,62,998.1,14.6,72,2025-08-16 09:00:00+00:00
32.1,61,997.0,13.5,67,2025-08-16 10:00:00+00:00
31.6,64,997.0,12.9,95,2025-08-16 11:00:00+00:00
30.6,71,997.4,13.0,100,2025-08-16 12:00:00+00:00
30.6,71,997.8,10.1,100,2025-08-16 13:00:00+00:00
29.6,78,998.4,9.8,88,2025-08-16 14:00:00+00:00
29.2,80,999.0,8.6,85,2025-08-16 15:00:00+00:00
29.0,81,999.6,7.5,79,2025-08-16 16:00:00+00:00
28.7,83,999.9,7.4,100,2025-08-16 17:00:00+00:00
28.5,84,1000.1,7.3,38,2025-08-16 18:00:00+00:00
28.2,85,999.9,7.9,95,2025-08-16 19:00:00+00:00
28.0,86,999.7,7.8,99,2025-08-16 20:00:00+00:00
27.8,88,999.1,9.3,100,2025-08-16 21:00:00+00:00
27.7,88,999.0,9.9,98,2025-08-16 22:00:00+00:00
27.6,88,999.2,8.9,88,2025-08-16 23:00:00+00:00
27.5,89,999.3,8.3,93,2025-08-17 00:00:00+00:00
27.6,91,998.5,7.5,5,2025-08-17 01:00:00+00:00
27.7,89,998.6,6.2,2,2025-08-17 02:00:00+00:00
28.8,82,999.0,4.6,8,2025-08-17 03:00:00+00:00
30.3,73,999.6,4.5,27,2025-08-17 04:00:00+00:00
31.5,66,999.8,5.8,79,2025-08-17 05:00:00+00:00
31.9,67,999.3,8.7,32,2025-08-17 06:00:00+00:00
32.7,64,998.8,9.7,43,2025-08-17 07:00:00+00:00
33.1,63,998.5,11.6,90,2025-08-17 08:00:00+00:00
32.3,65,997.6,13.1,98,2025-08-17 09:00:00+00:00
32.1,65,997.0,10.2,99,2025-08-17 10:00:00+00:00
32.6,64,996.9,10.9,99,2025-08-17 11:00:00+00:00
32.0,67,996.8,11.9,91,2025-08-17 12:00:00+00:00
31.7,68,997.2,11.2,92,2025-08-17 13:00:00+00:00
30.8,71,998.1,9.4,98,2025-08-17 14:00:00+00:00
30.3,72,998.6,7.7,86,2025-08-17 15:00:00+00:00
30.0,73,999.1,7.1,87,2025-08-17 16:00:00+00:00
29.5,77,1000.0,6.3,100,2025-08-17 17:00:00+00:00
29.2,80,1000.6,7.9,100,2025-08-17 18:00:00+00:00
28.9,83,1000.6,7.6,100,2025-08-17 19:00:00+00:00
28.6,86,999.9,8.4,100,2025-08-17 20:00:00+00:00
28.3,88,999.4,7.7,88,2025-08-17 21:00:00+00:00
28.1,89,999.1,8.0,23,2025-08-17 22:00:00+00:00
27.9,91,999.1,8.5,21,2025-08-17 23:00:00+00:00
27.8,91,999.5,8.4,100,2025-08-18 00:00:00+00:00
28.2,93,999.5,6.5,84,2025-08-18 01:00:00+00:00
28.5,90,999.5,6.7,77,2025-08-18 02:00:00+00:00
29.8,82,999.9,6.0,95,2025-08-18 03:00:00+00:00
32.0,69,1000.3,5.7,72,2025-08-18 04:00:00+00:00
34.3,59,1000.6,2.3,41,2025-08-18 05:00:00+00:00
35.4,54,1000.3,3.6,97,2025-08-18 06:00:00+00:00
35.4,55,999.7,7.9,98,2025-08-18 07:00:00+00:00
34.0,67,999.4,12.7,99,2025-08-18 08:00:00+00:00
31.9,75,998.8,4.9,82,2025-08-18 09:00:00+00:00
33.7,66,997.5,6.1,51,2025-08-18 10:00:00+00:00
32.3,72,997.4,10.6,27,2025-08-18 11:00:00+00:00
31.9,71,997.6,11.7,51,2025-08-18 12:00:00+00:00
31.6,71,998.8,9.6,16,2025-08-18 13:00:00+00:00
30.4,78,999.8,9.3,29,2025-08-18 14:00:00+00:00
29.8,82,1000.8,8.3,36,2025-08-18 15:00:00+00:00
28.4,86,1001.7,11.5,45,2025-08-18 16:00:00+00:00
28.2,88,1001.8,6.6,29,2025-08-18 17:00:00+00:00
28.1,89,1001.9,8.3,56,2025-08-18 18:00:00+00:00
27.9,89,1001.3,6.8,98,2025-08-18 19:00:00+00:00
27.9,89,1000.5,4.8,100,2025-08-18 20:00:00+00:00
27.6,89,999.9,7.1,100,2025-08-18 21:00:00+00:00
27.6,88,999.7,4.1,100,2025-08-18 22:00:00+00:00
27.7,88,1000.0,3.8,100,2025-08-18 23:00:00+00:00
27.0,92,1000.6,4.7,100,2025-08-19 00:00:00+00:00
27.7,93,999.3,7.8,100,2025-08-19 01:00:00+00:00
26.8,94,1001.3,10.4,100,2025-08-19 02:00:00+00:00
27.0,97,1000.7,7.1,100,2025-08-19 03:00:00+00:00
27.9,92,1001.7,5.0,99,2025-08-19 04:00:00+00:00
28.7,87,1002.0,10.2,98,2025-08-19 05:00:00+00:00
29.5,83,1001.5,7.6,94,2025-08-19 06:00:00+00:00
30.9,76,1000.6,8.6,100,2025-08-19 07:00:00+00:00
31.3,73,999.9,7.9,100,2025-08-19 08:00:00+00:00
32.2,70,998.8,4.9,96,2025-08-19 09:00:00+00:00
32.1,69,998.1,10.6,100,2025-08-19 10:00:00+00:00
31.3,74,997.7,8.5,100,2025-08-19 11:00:00+00:00
30.9,77,998.0,6.7,100,2025-08-19 12:00:00+00:00
28.1,88,998.9,7.1,100,2025-08-19 13:00:00+00:00
27.9,89,999.3,6.8,100,2025-08-19 14:00:00+00:00
27.7,91,999.3,6.9,100,2025-08-19 15:00:00+00:00
27.6,92,999.6,7.1,100,2025-08-19 16:00:00+00:00
27.6,92,1000.0,7.0,100,2025-08-19 17:00:00+00:00
27.5,91,999.6,8.8,100,2025-08-19 18:00:00+00:00
27.5,90,999.3,9.6,100,2025-08-19 19:00:00+00:00
27.4,92,998.6,10.6,100,2025-08-19 20:00:00+00:00
27.3,94,998.2,10.3,100,2025-08-19 21:00:00+00:00
26.6,97,998.5,9.7,100,2025-08-19 22:00:00+00:00
26.7,98,998.4,5.7,100,2025-08-19 23:00:00+00:00
26.3,97,999.2,4.8,100,2025-08-20 00:00:00+00:00
27.0,95,998.6,9.7,100,2025-08-20 01:00:00+00:00
27.1,94,999.0,6.6,100,2025-08-20 02:00:00+00:00
27.6,93,998.8,6.2,94,2025-08-20 03:00:00+00:00
29.0,89,998.9,2.8,91,2025-08-20 04:00:00+00:00
30.8,81,998.6,2.2,81,2025-08-20 05:00:00+00:00
33.0,71,998.5,0.6,96,2025-08-20 06:00:00+00:00
30.8,81,998.4,10.6,100,2025-08-20 07:00:00+00:00
29.5,85,997.7,12.2,99,2025-08-20 08:00:00+00:00
29.9,83,997.0,2.2,100,2025-08-20 09:00:00+00:00
30.4,81,997.1,3.9,100,2025-08-20 10:00:00+00:00
30.8,79,996.7,4.1,100,2025-08-20 11:00:00+00:00
30.6,80,997.1,3.1,100,2025-08-20 12:00:00+00:00
29.4,82,997.4,10.7,96,2025-08-20 13:00:00+00:00
28.9,85,998.0,7.4,100,2025-08-20 14:00:00+00:00
28.4,87,998.6,6.5,100,2025-08-20 15:00:00+00:00
28.1,88,999.1,5.1,100,2025-08-20 16:00:00+00:00
27.9,88,999.4,5.7,100,2025-08-20 17:00:00+00:00
27.9,89,999.9,1.7,100,2025-08-20 18:00:00+00:00
27.4,92,999.3,0.8,100,2025-08-20 19:00:00+00:00
27.4,91,999.3,1.9,100,2025-08-20 20:00:00+00:00
26.3,97,999.9,8.4,100,2025-08-20 21:00:00+00:00
26.4,95,998.9,7.6,100,2025-08-20 22:00:00+00:00
26.5,96,999.5,4.5,100,2025-08-20 23:00:00+00:00
26.5,95,999.1,8.4,100,2025-08-21 00:00:00+00:00
26.6,97,1000.0,5.6,95,2025-08-21 01:00:00+00:00
26.9,96,1000.7,5.7,72,2025-08-21 02:00:00+00:00
27.9,92,1001.1,4.4,23,2025-08-21 03:00:00+00:00
29.6,82,1001.5,2.0,27,2025-08-21 04:00:00+00:00
30.9,77,1001.7,0.9,81,2025-08-21 05:00:00+00:00
31.6,75,1001.6,4.0,96,2025-08-21 06:00:00+00:00
31.4,77,1001.1,5.8,98,2025-08-21 07:00:00+00:00
31.2,74,1000.3,11.3,99,2025-08-21 08:00:00+00:00
27.9,88,1000.3,7.1,100,2025-08-21 09:00:00+00:00
27.6,89,999.8,1.8,100,2025-08-21 10:00:00+00:00
27.9,88,999.7,2.7,100,2025-08-21 11:00:00+00:00
28.1,88,1000.1,2.4,100,2025-08-21 12:00:00+00:00
28.3,90,1000.1,6.8,100,2025-08-21 13:00:00+00:00
28.0,93,1001.0,4.5,100,2025-08-21 14:00:00+00:00
27.8,94,1001.6,3.4,100,2025-08-21 15:00:00+00:00
27.7,97,1001.9,2.5,100,2025-08-21 16:00:00+00:00
27.5,97,1002.0,4.5,100,2025-08-21 17:00:00+00:00
27.5,96,1001.9,6.0,100,2025-08-21 18:00:00+00:00
27.4,97,1001.8,6.8,100,2025-08-21 19:00:00+00:00
27.3,97,1001.7,8.1,100,2025-08-21 20:00:00+00:00
26.7,98,1001.1,11.2,100,2025-08-21 21:00:00+00:00
26.8,95,1001.0,12.1,93,2025-08-21 22:00:00+00:00
26.8,94,1001.0,11.1,100,2025-08-21 23:00:00+00:00
26.8,94,1001.0,10.8,100,2025-08-22 00:00:00+00:00
26.8,95,1000.8,8.9,100,2025-08-22 01:00:00+00:00
27.2,94,1001.4,9.4,97,2025-08-22 02:00:00+00:00
27.7,91,1001.8,9.5,94,2025-08-22 03:00:00+00:00
28.7,84,1002.2,9.6,96,2025-08-22 04:00:00+00:00
29.5,79,1002.0,10.5,96,2025-08-22 05:00:00+00:00
29.8,76,1001.9,12.0,100,2025-08-22 06:00:00+00:00
29.6,80,1001.4,13.3,100,2025-08-22 07:00:00+00:00
29.3,82,1000.7,14.8,100,2025-08-22 08:00:00+00:00
28.9,84,999.8,15.4,100,2025-08-22 09:00:00+00:00
28.8,83,999.2,16.1,100,2025-08-22 10:00:00+00:00
28.7,83,998.7,16.0,100,2025-08-22 11:00:00+00:00
28.8,82,998.6,16.8,100,2025-08-22 12:00:00+00:00
28.9,81,999.1,16.6,96,2025-08-22 13:00:00+00:00
28.2,86,999.2,14.5,84,2025-08-22 14:00:00+00:00
28.0,87,1000.0,14.5,93,2025-08-22 15:00:00+00:00
28.0,87,1000.4,14.1,70,2025-08-22 16:00:00+00:00
27.9,88,1000.6,13.4,15,2025-08-22 17:00:00+00:00
27.7,88,1000.6,14.3,95,2025-08-22 18:00:00+00:00
27.5,89,1000.5,15.7,66,2025-08-22 19:00:00+00:00
27.3,91,1000.1,15.8,55,2025-08-22 20:00:00+00:00
27.2,91,999.7,15.6,17,2025-08-22 21:00:00+00:00
27.0,92,999.4,16.8,25,2025-08-22 22:00:00+00:00
26.9,92,999.3,15.2,18,2025-08-22 23:00:00+00:00
27.0,91,999.5,15.2,46,2025-08-23 00:00:00+00:00
27.3,92,999.2,17.0,25,2025-08-23 01:00:00+00:00
27.5,90,999.4,16.9,37,2025-08-23 02:00:00+00:00
28.1,87,999.6,19.4,34,2025-08-23 03:00:00+00:00
29.0,81,1000.1,19.3,95,2025-08-23 04:00:00+00:00
29.4,77,1000.4,18.8,100,2025-08-23 05:00:00+00:00
29.5,78,1000.3,18.7,99,2025-08-23 06:00:00+00:00
29.6,78,1000.0,19.0,100,2025-08-23 07:00:00+00:00
29.9,77,999.3,18.2,100,2025-08-23 08:00:00+00:00
29.5,77,998.8,20.5,100,2025-08-23 09:00:00+00:00
29.4,78,998.2,20.0,90,2025-08-23 10:00:00+00:00
29.2,79,997.8,21.1,98,2025-08-23 11:00:00+00:00
28.7,81,997.9,19.7,70,2025-08-23 12:00:00+00:00
28.5,84,998.2,16.3,92,2025-08-23 13:00:00+00:00
28.3,84,998.1,14.4,75,2025-08-23 14:00:00+00:00
28.1,86,998.6,15.1,100,2025-08-23 15:00:00+00:00
27.9,88,999.5,15.9,100,2025-08-23 16:00:00+00:00
27.7,90,1000.6,14.8,96,2025-08-23 17:00:00+00:00
27.5,90,1000.5,15.4,98,2025-08-23 18:00:00+00:00
27.4,91,1000.2,15.3,100,2025-08-23 19:00:00+00:00
27.2,92,999.8,15.2,100,2025-08-23 20:00:00+00:00
27.1,92,999.2,15.6,100,2025-08-23 21:00:00+00:00
26.9,92,999.2,15.2,100,2025-08-23 22:00:00+00:00
26.9,93,999.2,14.9,100,2025-08-23 23:00:00+00:00
27.0,93,999.4,14.2,28,2025-08-24 00:00:00+00:00
27.3,94,999.4,11.4,92,2025-08-24 01:00:00+00:00
27.5,93,999.6,10.1,56,2025-08-24 02:00:00+00:00
28.0,89,1000.0,13.3,47,2025-08-24 03:00:00+00:00
28.8,84,1000.6,16.1,52,2025-08-24 04:00:00+00:00
29.6,79,1001.2,17.1,84,2025-08-24 05:00:00+00:00
29.9,78,1001.3,18.3,85,2025-08-24 06:00:00+00:00
30.1,76,1001.1,19.2,97,2025-08-24 07:00:00+00:00
30.0,77,1000.7,21.1,98,2025-08-24 08:00:00+00:00
29.5,80,1000.0,22.6,99,2025-08-24 09:00:00+00:00
29.3,81,999.3,21.9,79,2025-08-24 10:00:00+00:00
29.1,80,999.1,20.5,62,2025-08-24 11:00:00+00:00
28.7,82,998.9,19.6,76,2025-08-24 12:00:00+00:00
28.4,86,999.1,16.1,48,2025-08-24 13:00:00+00:00
27.8,90,999.8,13.5,56,2025-08-24 14:00:00+00:00
27.7,90,1000.4,14.6,15,2025-08-24 15:00:00+00:00
27.5,90,1001.0,15.4,31,2025-08-24 16:00:00+00:00
27.5,90,1001.8,14.2,100,2025-08-24 17:00:00+00:00
27.4,90,1001.9,13.5,100,2025-08-24 18:00:00+00:00
27.3,90,1002.3,12.4,100,2025-08-24 19:00:00+00:00
27.1,91,1001.3,12.6,100,2025-08-24 20:00:00+00:00
27.0,92,1000.9,12.2,88,2025-08-24 21:00:00+00:00
26.8,93,1000.6,12.4,25,2025-08-24 22:00:00+00:00
26.7,93,1000.3,10.7,79,2025-08-24 23:00:00+00:00
26.5,93,1000.5,10.0,34,2025-08-25 00:00:00+00:00
27.5,93,1000.7,9.4,65,2025-08-25 01:00:00+00:00
27.5,93,1000.8,11.0,26,2025-08-25 02:00:00+00:00
27.9,90,1001.3,13.2,39,2025-08-25 03:00:00+00:00
28.8,85,1001.8,12.3,68,2025-08-25 04:00:00+00:00
29.5,81,1002.1,13.2,75,2025-08-25 05:00:00+00:00
29.9,79,1002.0,15.1,99,2025-08-25 06:00:00+00:00
29.8,80,1001.7,15.4,100,2025-08-25 07:00:00+00:00
29.7,81,1001.2,15.4,74,2025-08-25 08:00:00+00:00
29.8,81,1000.6,15.1,71,2025-08-25 09:00:00+00:00
29.7,81,999.7,14.7,55,2025-08-25 10:00:00+00:00
29.4,81,999.1,15.0,45,2025-08-25 11:00:00+00:00
28.9,83,998.9,14.0,26,2025-08-25 12:00:00+00:00
28.8,84,999.6,11.4,36,2025-08-25 13:00:00+00:00
28.2,87,1000.2,10.5,14,2025-08-25 14:00:00+00:00
27.8,88,1000.9,11.2,1,2025-08-25 15:00:00+00:00
27.6,88,1001.2,9.7,33,2025-08-25 16:00:00+00:00
27.5,89,1001.9,8.8,21,2025-08-25 17:00:00+00:00
27.2,90,1001.7,12.0,34,2025-08-25 18:00:00+00:00
27.0,90,1001.3,11.7,23,2025-08-25 19:00:00+00:00
26.8,92,1001.2,6.0,56,2025-08-25 20:00:00+00:00
26.6,93,1000.8,4.9,73,2025-08-25 21:00:00+00:00
26.4,94,1000.6,7.8,30,2025-08-25 22:00:00+00:00
26.4,94,1000.9,8.6,90,2025-08-25 23:00:00+00:00
26.3,94,1001.1,8.3,95,2025-08-26 00:00:00+00:00
27.1,92,1001.6,7.5,59,2025-08-26 01:00:00+00:00
27.4,91,1002.0,7.7,31,2025-08-26 02:00:00+00:00
28.2,84,1002.4,7.6,7,2025-08-26 03:00:00+00:00
29.0,80,1002.8,7.7,35,2025-08-26 04:00:00+00:00
29.7,76,1003.3,8.3,73,2025-08-26 05:00:00+00:00
29.9,75,1003.5,10.3,100,2025-08-26 06:00:00+00:00
29.5,78,1003.4,11.9,98,2025-08-26 07:00:00+00:00
29.6,77,1002.7,12.1,25,2025-08-26 08:00:00+00:00
30.0,75,1002.1,12.8,35,2025-08-26 09:00:00+00:00
29.8,75,1001.0,13.2,26,2025-08-26 10:00:00+00:00
29.4,77,1000.4,11.8,16,2025-08-26 11:00:00+00:00
29.3,77,1000.5,11.1,48,2025-08-26 12:00:00+00:00
28.5,82,1001.3,9.5,40,2025-08-26 13:00:00+00:00
28.0,87,1001.7,8.3,12,2025-08-26 14:00:00+00:00
27.7,88,1002.3,9.5,1,2025-08-26 15:00:00+00:00
27.4,90,1002.7,8.7,17,2025-08-26 16:00:00+00:00
27.2,91,1003.2,8.9,17,2025-08-26 17:00:00+00:00
26.9,93,1003.1,8.9,20,2025-08-26 18:00:00+00:00
26.7,94,1002.7,10.3,35,2025-08-26 19:00:00+00:00
26.7,94,1002.3,10.4,26,2025-08-26 20:00:00+00:00
26.5,95,1001.9,9.9,42,2025-08-26 21:00:00+00:00
26.3,95,1001.8,9.4,94,2025-08-26 22:00:00+00:00
26.2,95,1001.6,10.0,93,2025-08-26 23:00:00+00:00
26.2,95,1001.5,11.0,99,2025-08-27 00:00:00+00:00
26.9,93,1001.7,9.7,98,2025-08-27 01:00:00+00:00
27.0,90,1002.1,8.5,79,2025-08-27 02:00:00+00:00
27.9,84,1002.7,10.1,95,2025-08-27 03:00:00+00:00
29.0,77,1003.3,11.8,50,2025-08-27 04:00:00+00:00
29.7,73,1003.3,12.1,90,2025-08-27 05:00:00+00:00
30.1,73,1003.2,11.6,90,2025-08-27 06:00:00+00:00
30.0,75,1002.8,12.0,96,2025-08-27 07:00:00+00:00
30.3,75,1002.4,12.6,47,2025-08-27 08:00:00+00:00
30.1,76,1001.6,13.0,52,2025-08-27 09:00:00+00:00
29.9,76,1000.8,12.9,25,2025-08-27 10:00:00+00:00
29.6,78,1000.3,13.0,22,2025-08-27 11:00:00+00:00
29.1,79,1000.2,12.7,79,2025-08-27 12:00:00+00:00
28.4,81,1001.0,10.6,15,2025-08-27 13:00:00+00:00
27.7,86,1001.7,9.0,26,2025-08-27 14:00:00+00:00
27.5,88,1002.4,8.7,25,2025-08-27 15:00:00+00:00
27.4,88,1002.8,9.0,52,2025-08-27 16:00:00+00:00
27.1,90,1003.0,10.3,90,2025-08-27 17:00:00+00:00
27.0,90,1003.0,9.8,79,2025-08-27 18:00:00+00:00
26.7,92,1003.1,9.1,100,2025-08-27 19:00:00+00:00
26.6,93,1003.1,9.5,73,2025-08-27 20:00:00+00:00
26.4,94,1002.7,9.0,53,2025-08-27 21:00:00+00:00
26.1,95,1002.3,9.5,59,2025-08-27 22:00:00+00:00
26.0,96,1002.3,9.2,99,2025-08-27 23:00:00+00:00
26.0,95,1002.3,8.6,100,2025-08-28 00:00:00+00:00
27.0,87,1002.6,9.2,88,2025-08-28 01:00:00+00:00
27.2,85,1002.9,9.6,53,2025-08-28 02:00:00+00:00
27.8,82,1003.1,10.1,46,2025-08-28 03:00:00+00:00
28.7,76,1003.3,10.3,3,2025-08-28 04:00:00+00:00
29.7,71,1002.9,9.9,1,2025-08-28 05:00:00+00:00
30.4,70,1002.7,9.7,29,2025-08-28 06:00:00+00:00
30.8,70,1001.9,11.4,7,2025-08-28 07:00:00+00:00
30.9,70,1001.3,12.6,13,2025-08-28 08:00:00+00:00
30.6,70,1000.3,13.7,6,2025-08-28 09:00:00+00:00
30.0,72,999.4,14.7,5,2025-08-28 10:00:00+00:00
29.1,77,999.0,14.4,75,2025-08-28 11:00:00+00:00
28.7,79,999.0,14.1,87,2025-08-28 12:00:00+00:00
28.5,83,999.8,14.4,69,2025-08-28 13:00:00+00:00
27.7,88,1000.2,10.5,96,2025-08-28 14:00:00+00:00
27.6,90,1000.7,11.2,100,2025-08-28 15:00:00+00:00
27.3,91,1001.9,10.7,99,2025-08-28 16:00:00+00:00
27.1,91,1002.4,12.2,96,2025-08-28 17:00:00+00:00
27.0,91,1002.6,11.2,98,2025-08-28 18:00:00+00:00
26.8,91,1002.3,10.3,98,2025-08-28 19:00:00+00:00
26.5,92,1001.5,9.6,97,2025-08-28 20:00:00+00:00
26.2,93,1000.9,9.2,35,2025-08-28 21:00:00+00:00
26.0,93,1001.0,8.5,34,2025-08-28 22:00:00+00:00
26.0,94,1000.9,8.3,32,2025-08-28 23:00:00+00:00
25.9,94,1001.1,8.3,47,2025-08-29 00:00:00+00:00
26.6,91,1001.1,8.2,41,2025-08-29 01:00:00+00:00
26.8,90,1001.1,9.3,30,2025-08-29 02:00:00+00:00
27.7,84,1001.6,10.4,41,2025-08-29 03:00:00+00:00
28.6,79,1002.0,11.9,37,2025-08-29 04:00:00+00:00
29.4,74,1002.2,13.3,61,2025-08-29 05:00:00+00:00
29.8,71,1001.8,13.4,100,2025-08-29 06:00:00+00:00
29.7,74,1001.6,12.3,100,2025-08-29 07:00:00+00:00
29.5,76,1000.9,13.3,100,2025-08-29 08:00:00+00:00
29.8,75,1000.2,15.0,94,2025-08-29 09:00:00+00:00
29.4,76,999.7,14.5,100,2025-08-29 10:00:00+00:00
29.3,76,999.2,12.9,100,2025-08-29 11:00:00+00:00
28.6,79,999.2,12.2,100,2025-08-29 12:00:00+00:00
28.3,83,999.9,10.0,100,2025-08-29 13:00:00+00:00
27.8,85,1000.3,10.8,100,2025-08-29 14:00:00+00:00
27.7,89,1001.0,11.0,100,2025-08-29 15:00:00+00:00
27.3,91,1002.1,9.8,100,2025-08-29 16:00:00+00:00
27.1,91,1003.0,9.8,100,2025-08-29 17:00:00+00:00
27.0,91,1003.2,8.3,100,2025-08-29 18:00:00+00:00
26.8,91,1003.1,7.4,99,2025-08-29 19:00:00+00:00
26.5,93,1002.7,7.9,100,2025-08-29 20:00:00+00:00
26.3,94,1002.3,6.5,100,2025-08-29 21:00:00+00:00
26.3,94,1002.0,4.1,100,2025-08-29 22:00:00+00:00
26.1,95,1002.0,5.4,100,2025-08-29 23:00:00+00:00
26.1,95,1002.1,5.3,88,2025-08-30 00:00:00+00:00
26.8,92,1002.6,6.6,21,2025-08-30 01:00:00+00:00
27.1,89,1003.0,6.8,61,2025-08-30 02:00:00+00:00
27.8,84,1003.6,5.9,57,2025-08-30 03:00:00+00:00
28.9,78,1004.0,6.2,61,2025-08-30 04:00:00+00:00
29.8,73,1004.4,8.4,100,2025-08-30 05:00:00+00:00
30.1,73,1004.4,10.5,97,2025-08-30 06:00:00+00:00
30.2,72,1003.8,11.0,98,2025-08-30 07:00:00+00:00
30.9,68,1003.2,11.6,99,2025-08-30 08:00:00+00:00
30.5,70,1002.7,13.6,100,2025-08-30 09:00:00+00:00
30.4,69,1001.8,12.9,100,2025-08-30 10:00:00+00:00
30.0,71,1001.2,12.9,100,2025-08-30 11:00:00+00:00
29.6,73,1001.4,12.5,100,2025-08-30 12:00:00+00:00
29.0,80,1002.2,11.7,97,2025-08-30 13:00:00+00:00
28.4,83,1002.5,11.9,100,2025-08-30 14:00:00+00:00
28.1,85,1003.1,10.6,100,2025-08-30 15:00:00+00:00
28.0,86,1003.8,10.9,100,2025-08-30 16:00:00+00:00
27.7,88,1004.0,9.4,100,2025-08-30 17:00:00+00:00
27.4,91,1004.1,8.6,100,2025-08-30 18:00:00+00:00
27.2,92,1003.8,9.2,100,2025-08-30 19:00:00+00:00
27.0,92,1003.5,9.2,100,2025-08-30 20:00:00+00:00
26.8,93,1003.1,7.3,100,2025-08-30 21:00:00+00:00
26.6,94,1002.3,7.3,100,2025-08-30 22:00:00+00:00
26.4,93,1002.2,8.3,100,2025-08-30 23:00:00+00:00
26.4,93,1002.7,7.4,100,2025-08-31 00:00:00+00:00
27.1,89,1003.2,7.2,100,2025-08-31 01:00:00+00:00
27.4,85,1003.4,7.9,100,2025-08-31 02:00:00+00:00
28.1,80,1003.6,9.9,95,2025-08-31 03:00:00+00:00
29.1,74,1004.1,11.5,76,2025-08-31 04:00:00+00:00
30.0,69,1004.6,13.8,97,2025-08-31 05:00:00+00:00
30.3,67,1004.3,15.5,99,2025-08-31 06:00:00+00:00
30.7,65,1003.8,15.5,98,2025-08-31 07:00:00+00:00
30.8,65,1003.1,16.1,73,2025-08-31 08:00:00+00:00
30.8,65,1001.8,17.5,54,2025-08-31 09:00:00+00:00
30.5,66,1000.8,18.1,41,2025-08-31 10:00:00+00:00
30.0,68,1000.0,18.3,61,2025-08-31 11:00:00+00:00
29.2,73,999.9,18.3,48,2025-08-31 12:00:00+00:00
28.6,78,1000.8,16.4,89,2025-08-31 13:00:00+00:00
27.8,83,1000.9,15.5,73,2025-08-31 14:00:00+00:00
27.6,84,1001.1,17.3,26,2025-08-31 15:00:00+00:00
27.4,84,1001.5,16.4,45,2025-08-31 16:00:00+00:00
27.1,86,1002.0,15.4,70,2025-08-31 17:00:00+00:00
26.9,87,1001.9,15.5,40,2025-08-31 18:00:00+00:00
26.7,89,1001.4,13.6,61,2025-08-31 19:00:00+00:00
26.5,90,1000.9,13.2,99,2025-08-31 20:00:00+00:00
26.4,90,1000.3,14.0,100,2025-08-31 21:00:00+00:00
26.6,87,999.8,14.6,70,2025-08-31 22:00:00+00:00
26.6,85,999.6,16.2,61,2025-08-31 23:00:00+00:00
26.5,86,999.9,15.5,57,2025-09-01 00:00:00+00:00
27.0,84,1000.4,14.8,31,2025-09-01 01:00:00+00:00
26.8,87,1000.6,16.9,33,2025-09-01 02:00:00+00:00
27.7,79,1000.9,19.0,46,2025-09-01 03:00:00+00:00
28.6,74,1001.3,19.1,63,2025-09-01 04:00:00+00:00
29.1,71,1001.4,19.2,55,2025-09-01 05:00:00+00:00
30.1,66,1001.4,19.5,100,2025-09-01 06:00:00+00:00
30.4,64,1000.7,19.5,84,2025-09-01 07:00:00+00:00
30.6,63,999.9,18.7,67,2025-09-01 08:00:00+00:00
30.7,63,998.9,18.4,91,2025-09-01 09:00:00+00:00
30.2,65,998.1,18.8,68,2025-09-01 10:00:00+00:00
29.6,68,997.6,19.2,100,2025-09-01 11:00:00+00:00
28.9,73,997.7,18.8,76,2025-09-01 12:00:00+00:00
28.7,74,998.4,16.7,36,2025-09-01 13:00:00+00:00
28.0,77,998.8,15.9,31,2025-09-01 14:00:00+00:00
27.6,81,999.2,14.3,23,2025-09-01 15:00:00+00:00
27.5,81,1000.0,14.4,18,2025-09-01 16:00:00+00:00
27.3,82,1000.4,14.2,28,2025-09-01 17:00:00+00:00
27.0,84,1000.5,13.7,23,2025-09-01 18:00:00+00:00
26.7,86,1000.4,12.1,27,2025-09-01 19:00:00+00:00
26.5,87,1000.1,13.7,26,2025-09-01 20:00:00+00:00
26.4,88,999.7,12.7,24,2025-09-01 21:00:00+00:00
26.2,89,999.6,12.4,36,2025-09-01 22:00:00+00:00
26.2,89,999.7,11.7,30,2025-09-01 23:00:00+00:00
26.1,90,1000.1,11.0,36,2025-09-02 00:00:00+00:00
26.8,85,1000.2,11.1,47,2025-09-02 01:00:00+00:00
26.9,85,1000.6,12.8,43,2025-09-02 02:00:00+00:00
27.7,80,1000.9,13.5,39,2025-09-02 03:00:00+00:00
28.8,73,1001.6,14.3,52,2025-09-02 04:00:00+00:00
29.7,68,1001.6,15.0,100,2025-09-02 05:00:00+00:00
30.1,66,1001.5,15.5,100,2025-09-02 06:00:00+00:00
29.8,68,1001.1,15.3,100,2025-09-02 07:00:00+00:00
30.1,66,1000.6,14.6,96,2025-09-02 08:00:00+00:00
30.1,66,999.9,13.7,68,2025-09-02 09:00:00+00:00
30.4,64,999.3,13.4,23,2025-09-02 10:00:00+00:00
30.1,64,998.9,13.8,62,2025-09-02 11:00:00+00:00
29.2,71,998.9,15.4,93,2025-09-02 12:00:00+00:00
28.6,75,999.5,13.3,7,2025-09-02 13:00:00+00:00
27.9,79,1000.1,11.3,6,2025-09-02 14:00:00+00:00
27.7,80,1000.5,12.7,34,2025-09-02 15:00:00+00:00
27.7,79,1001.4,12.8,31,2025-09-02 16:00:00+00:00
27.5,80,1002.4,11.3,23,2025-09-02 17:00:00+00:00
27.3,81,1003.0,9.1,36,2025-09-02 18:00:00+00:00
27.1,83,1003.1,7.9,34,2025-09-02 19:00:00+00:00
26.9,84,1002.6,8.3,11,2025-09-02 20:00:00+00:00
26.6,85,1001.9,9.3,5,2025-09-02 21:00:00+00:00
26.4,86,1001.8,9.6,11,2025-09-02 22:00:00+00:00
26.1,88,1001.7,9.4,17,2025-09-02 23:00:00+00:00
25.9,89,1001.9,9.3,16,2025-09-03 00:00:00+00:00
26.7,86,1002.6,8.3,12,2025-09-03 01:00:00+00:00
26.9,82,1003.0,8.3,6,2025-09-03 02:00:00+00:00
28.0,74,1003.2,9.6,17,2025-09-03 03:00:00+00:00
29.3,66,1003.3,9.5,37,2025-09-03 04:00:00+00:00
30.3,61,1003.6,9.8,98,2025-09-03 05:00:00+00:00
30.8,60,1003.5,11.3,97,2025-09-03 06:00:00+00:00
31.0,59,1003.0,13.1,40,2025-09-03 07:00:00+00:00
31.5,57,1002.4,14.1,39,2025-09-03 08:00:00+00:00
31.5,57,1001.7,15.1,20,2025-09-03 09:00:00+00:00
31.2,59,1001.1,15.2,13,2025-09-03 10:00:00+00:00
30.8,60,1000.8,13.9,11,2025-09-03 11:00:00+00:00
30.1,63,1000.7,12.6,10,2025-09-03 12:00:00+00:00
29.1,66,1001.1,12.2,0,2025-09-03 13:00:00+00:00
28.3,70,1002.0,9.4,0,2025-09-03 14:00:00+00:00
28.0,74,1002.8,12.0,3,2025-09-03 15:00:00+00:00
27.6,79,1003.5,11.9,6,2025-09-03 16:00:00+00:00
27.3,81,1004.3,10.6,58,2025-09-03 17:00:00+00:00
27.2,81,1004.4,10.1,20,2025-09-03 18:00:00+00:00
26.9,83,1004.3,10.2,24,2025-09-03 19:00:00+00:00
26.6,85,1003.7,10.2,30,2025-09-03 20:00:00+00:00
26.4,86,1003.1,9.0,11,2025-09-03 21:00:00+00:00
26.1,88,1003.2,6.2,15,2025-09-03 22:00:00+00:00
25.8,90,1003.3,6.5,24,2025-09-03 23:00:00+00:00
25.6,91,1003.6,6.2,28,2025-09-04 00:00:00+00:00
26.2,90,1003.7,8.1,100,2025-09-04 01:00:00+00:00
26.4,87,1004.2,8.5,100,2025-09-04 02:00:00+00:00
27.4,81,1004.4,10.3,100,2025-09-04 03:00:00+00:00
28.8,70,1005.1,10.7,100,2025-09-04 04:00:00+00:00
30.1,64,1005.2,10.3,97,2025-09-04 05:00:00+00:00
31.0,61,1004.8,10.5,81,2025-09-04 06:00:00+00:00
31.3,61,1004.2,12.7,57,2025-09-04 07:00:00+00:00
31.3,62,1003.8,13.6,29,2025-09-04 08:00:00+00:00
31.4,60,1002.9,14.3,11,2025-09-04 09:00:00+00:00
30.8,64,1002.5,14.8,8,2025-09-04 10:00:00+00:00
30.2,66,1002.3,14.0,0,2025-09-04 11:00:00+00:00
29.6,69,1002.2,13.6,9,2025-09-04 12:00:00+00:00
28.7,74,1002.3,12.8,14,2025-09-04 13:00:00+00:00
27.8,80,1003.0,12.8,3,2025-09-04 14:00:00+00:00
27.5,82,1003.4,11.1,6,2025-09-04 15:00:00+00:00
27.2,83,1004.0,11.1,2,2025-09-04 16:00:00+00:00
27.1,84,1005.0,10.8,7,2025-09-04 17:00:00+00:00
26.9,85,1005.3,11.8,33,2025-09-04 18:00:00+00:00
26.8,86,1005.2,12.7,22,2025-09-04 19:00:00+00:00
26.4,88,1004.1,11.4,2,2025-09-04 20:00:00+00:00
26.2,89,1003.2,9.5,0,2025-09-04 21:00:00+00:00
26.0,89,1003.3,7.5,0,2025-09-04 22:00:00+00:00
25.9,91,1003.4,10.3,9,2025-09-04 23:00:00+00:00
25.8,93,1003.5,12.6,16,2025-09-05 00:00:00+00:00
26.4,92,1003.3,14.0,11,2025-09-05 01:00:00+00:00
26.6,90,1003.9,10.2,2,2025-09-05 02:00:00+00:00
27.8,82,1004.7,8.2,1,2025-09-05 03:00:00+00:00
29.6,72,1005.0,8.9,0,2025-09-05 04:00:00+00:00
31.2,64,1005.1,10.1,0,2025-09-05 05:00:00+00:00
32.2,60,1004.6,12.3,0,2025-09-05 06:00:00+00:00
32.7,58,1004.2,13.7,0,2025-09-05 07:00:00+00:00
32.9,58,1003.6,14.8,1,2025-09-05 08:00:00+00:00
32.5,58,1002.6,15.7,7,2025-09-05 09:00:00+00:00
31.8,60,1001.9,16.0,1,2025-09-05 10:00:00+00:00
31.2,63,1001.3,16.0,4,2025-09-05 11:00:00+00:00
30.1,71,1001.0,16.9,3,2025-09-05 12:00:00+00:00
28.9,79,1002.5,14.0,5,2025-09-05 13:00:00+00:00
28.2,83,1002.9,11.0,11,2025-09-05 14:00:00+00:00
27.8,85,1003.4,10.1,22,2025-09-05 15:00:00+00:00
27.4,87,1004.0,14.1,79,2025-09-05 16:00:00+00:00
27.3,87,1004.4,14.5,98,2025-09-05 17:00:00+00:00
27.3,85,1004.9,15.6,100,2025-09-05 18:00:00+00:00
27.3,85,1004.9,13.4,100,2025-09-05 19:00:00+00:00
27.0,86,1004.5,12.6,90,2025-09-05 20:00:00+00:00
26.7,88,1003.6,12.7,61,2025-09-05 21:00:00+00:00
26.5,90,1003.5,11.3,7,2025-09-05 22:00:00+00:00
26.3,91,1003.5,12.3,13,2025-09-05 23:00:00+00:00
26.3,92,1003.7,13.5,21,2025-09-06 00:00:00+00:00
26.5,90,1003.5,13.2,13,2025-09-06 01:00:00+00:00
26.7,89,1004.0,14.6,28,2025-09-06 02:00:00+00:00
27.8,81,1004.4,15.0,91,2025-09-06 03:00:00+00:00
29.1,73,1004.7,13.2,92,2025-09-06 04:00:00+00:00
30.3,68,1004.7,12.9,22,2025-09-06 05:00:00+00:00
31.5,63,1004.6,13.1,79,2025-09-06 06:00:00+00:00
32.1,62,1004.1,13.5,98,2025-09-06 07:00:00+00:00
32.3,61,1003.3,14.2,93,2025-09-06 08:00:00+00:00
32.1,62,1002.2,15.4,95,2025-09-06 09:00:00+00:00
31.5,64,1001.1,16.7,3,2025-09-06 10:00:00+00:00
30.8,67,1000.6,17.9,0,2025-09-06 11:00:00+00:00
30.1,69,1000.6,16.7,23,2025-09-06 12:00:00+00:00
29.2,75,1001.5,14.1,100,2025-09-06 13:00:00+00:00
28.0,83,1001.8,11.9,100,2025-09-06 14:00:00+00:00
27.5,87,1002.2,10.9,100,2025-09-06 15:00:00+00:00
27.5,86,1003.1,11.7,100,2025-09-06 16:00:00+00:00
27.3,87,1003.8,13.3,100,2025-09-06 17:00:00+00:00
27.1,87,1003.5,12.1,63,2025-09-06 18:00:00+00:00
26.9,88,1003.5,11.4,53,2025-09-06 19:00:00+00:00
26.6,90,1002.6,12.8,100,2025-09-06 20:00:00+00:00
26.5,91,1002.1,12.7,100,2025-09-06 21:00:00+00:00
26.4,91,1001.5,13.6,100,2025-09-06 22:00:00+00:00
26.4,91,1001.6,13.2,100,2025-09-06 23:00:00+00:00
26.4,91,1001.8,12.7,100,2025-09-07 00:00:00+00:00
26.6,91,1002.1,14.0,100,2025-09-07 01:00:00+00:00
26.8,90,1002.4,13.8,67,2025-09-07 02:00:00+00:00
27.9,82,1002.9,16.3,27,2025-09-07 03:00:00+00:00
29.4,73,1003.3,14.3,36,2025-09-07 04:00:00+00:00
30.6,66,1003.2,13.9,64,2025-09-07 05:00:00+00:00
31.6,62,1003.1,14.1,86,2025-09-07 06:00:00+00:00
31.9,61,1002.5,15.3,43,2025-09-07 07:00:00+00:00
31.7,62,1001.7,17.8,77,2025-09-07 08:00:00+00:00
31.2,64,1000.5,19.6,100,2025-09-07 09:00:00+00:00
30.5,67,1000.6,18.4,100,2025-09-07 10:00:00+00:00
29.9,69,1000.9,16.0,100,2025-09-07 11:00:00+00:00
29.4,70,1000.5,14.9,100,2025-09-07 12:00:00+00:00
28.0,76,1000.5,14.6,100,2025-09-07 13:00:00+00:00
27.6,79,1001.0,14.2,100,2025-09-07 14:00:00+00:00
27.5,80,1001.2,12.6,100,2025-09-07 15:00:00+00:00
27.5,81,1001.6,10.7,100,2025-09-07 16:00:00+00:00
27.4,82,1002.2,13.2,100,2025-09-07 17:00:00+00:00
27.2,84,1001.8,13.0,100,2025-09-07 18:00:00+00:00
27.0,85,1001.4,13.3,100,2025-09-07 19:00:00+00:00
26.9,85,1000.9,12.8,100,2025-09-07 20:00:00+00:00
26.8,85,1000.8,10.4,100,2025-09-07 21:00:00+00:00
26.7,85,1000.4,12.3,100,2025-09-07 22:00:00+00:00
26.6,86,1000.5,9.4,100,2025-09-07 23:00:00+00:00
26.5,87,1000.2,10.2,100,2025-09-08 00:00:00+00:00
26.2,93,1000.1,10.7,100,2025-09-08 01:00:00+00:00
26.1,95,1000.5,12.1,100,2025-09-08 02:00:00+00:00
26.2,93,1001.1,10.9,100,2025-09-08 03:00:00+00:00
26.5,90,1001.7,11.4,100,2025-09-08 04:00:00+00:00
28.3,77,1001.7,14.8,100,2025-09-08 05:00:00+00:00
29.2,74,1001.5,12.6,100,2025-09-08 06:00:00+00:00
28.9,76,1001.2,12.7,100,2025-09-08 07:00:00+00:00
28.5,78,1000.7,12.6,100,2025-09-08 08:00:00+00:00
27.2,87,1000.1,14.8,100,2025-09-08 09:00:00+00:00
28.1,79,999.8,17.0,100,2025-09-08 10:00:00+00:00
28.0,81,999.6,18.9,100,2025-09-08 11:00:00+00:00
27.7,83,1000.1,13.9,100,2025-09-08 12:00:00+00:00
27.6,82,1001.0,14.8,100,2025-09-08 13:00:00+00:00
27.4,83,1001.5,14.4,100,2025-09-08 14:00:00+00:00
27.2,84,1001.9,13.6,100,2025-09-08 15:00:00+00:00
27.0,88,1002.7,9.2,100,2025-09-08 16:00:00+00:00
26.8,90,1003.0,8.3,99,2025-09-08 17:00:00+00:00
26.5,93,1002.7,11.2,100,2025-09-08 18:00:00+00:00
26.3,94,1002.6,10.2,99,2025-09-08 19:00:00+00:00
26.3,94,1002.2,10.8,100,2025-09-08 20:00:00+00:00
26.3,93,1001.7,11.4,100,2025-09-08 21:00:00+00:00
26.3,93,1001.6,10.9,100,2025-09-08 22:00:00+00:00
26.2,93,1001.6,12.1,100,2025-09-08 23:00:00+00:00
26.1,93,1001.8,12.5,84,2025-09-09 00:00:00+00:00
25.8,95,1002.1,11.1,100,2025-09-09 01:00:00+00:00
25.5,96,1002.5,14.2,100,2025-09-09 02:00:00+00:00
25.5,95,1003.0,13.0,100,2025-09-09 03:00:00+00:00
25.7,92,1003.5,15.7,100,2025-09-09 04:00:00+00:00
25.7,93,1003.9,15.3,100,2025-09-09 05:00:00+00:00
26.5,88,1003.7,16.6,100,2025-09-09 06:00:00+00:00
27.9,79,1003.2,17.8,100,2025-09-09 07:00:00+00:00
27.5,81,1002.5,18.1,100,2025-09-09 08:00:00+00:00
26.3,91,1002.0,19.7,100,2025-09-09 09:00:00+00:00
25.8,94,1001.7,18.6,100,2025-09-09 10:00:00+00:00
25.8,94,1001.7,18.4,100,2025-09-09 11:00:00+00:00
25.6,95,1002.0,21.0,100,2025-09-09 12:00:00+00:00
26.1,95,1002.1,18.2,100,2025-09-09 13:00:00+00:00
25.8,94,1002.6,17.9,100,2025-09-09 14:00:00+00:00
26.1,93,1003.0,15.3,100,2025-09-09 15:00:00+00:00
26.2,93,1003.7,13.8,100,2025-09-09 16:00:00+00:00
26.1,93,1004.0,12.8,100,2025-09-09 17:00:00+00:00
26.0,93,1004.0,11.2,100,2025-09-09 18:00:00+00:00
25.6,94,1003.8,4.4,100,2025-09-09 19:00:00+00:00
25.6,94,1003.5,8.1,98,2025-09-09 20:00:00+00:00
25.8,92,1003.3,9.5,100,2025-09-09 21:00:00+00:00
25.4,94,1003.2,14.3,100,2025-09-09 22:00:00+00:00
25.5,94,1003.6,12.4,100,2025-09-09 23:00:00+00:00
25.7,94,1004.0,13.0,93,2025-09-10 00:00:00+00:00
25.9,91,1004.5,15.3,100,2025-09-10 01:00:00+00:00
25.4,93,1005.5,16.2,100,2025-09-10 02:00:00+00:00
25.6,93,1006.4,18.6,100,2025-09-10 03:00:00+00:00
25.8,92,1007.0,18.7,100,2025-09-10 04:00:00+00:00
26.2,90,1007.4,19.0,100,2025-09-10 05:00:00+00:00
26.4,88,1007.6,18.4,100,2025-09-10 06:00:00+00:00
27.4,81,1007.5,17.5,100,2025-09-10 07:00:00+00:00
28.1,79,1006.6,18.7,100,2025-09-10 08:00:00+00:00
28.2,78,1005.8,17.9,100,2025-09-10 09:00:00+00:00
27.9,80,1005.7,16.8,51,2025-09-10 10:00:00+00:00
27.6,82,1005.1,14.0,19,2025-09-10 11:00:00+00:00
27.5,82,1005.3,13.4,13,2025-09-10 12:00:00+00:00
26.7,84,1005.8,13.3,95,2025-09-10 13:00:00+00:00
26.4,88,1006.0,12.1,100,2025-09-10 14:00:00+00:00
26.3,89,1006.1,12.2,100,2025-09-10 15:00:00+00:00
26.2,90,1006.7,10.2,42,2025-09-10 16:00:00+00:00
26.2,89,1006.8,10.7,48,2025-09-10 17:00:00+00:00
26.2,90,1006.5,10.8,38,2025-09-10 18:00:00+00:00
26.2,90,1006.4,10.6,39,2025-09-10 19:00:00+00:00
26.0,90,1006.0,10.2,37,2025-09-10 20:00:00+00:00
25.8,90,1005.4,9.8,51,2025-09-10 21:00:00+00:00
25.5,92,1005.3,9.4,67,2025-09-10 22:00:00+00:00
25.4,93,1005.5,8.9,92,2025-09-10 23:00:00+00:00
25.4,93,1005.5,8.8,77,2025-09-11 00:00:00+00:00
25.5,93,1005.5,7.1,100,2025-09-11 01:00:00+00:00
25.5,93,1006.1,6.8,100,2025-09-11 02:00:00+00:00
25.8,93,1006.4,6.5,97,2025-09-11 03:00:00+00:00
26.4,89,1007.0,6.6,100,2025-09-11 04:00:00+00:00
26.4,89,1007.2,7.9,100,2025-09-11 05:00:00+00:00
26.6,89,1007.1,7.3,100,2025-09-11 06:00:00+00:00
26.8,87,1006.9,10.2,100,2025-09-11 07:00:00+00:00
27.2,84,1006.4,10.9,100,2025-09-11 08:00:00+00:00
27.3,82,1005.8,12.0,100,2025-09-11 09:00:00+00:00
27.4,82,1005.4,12.5,93,2025-09-11 10:00:00+00:00
27.6,81,1005.1,13.0,51,2025-09-11 11:00:00+00:00
27.7,80,1005.1,13.4,49,2025-09-11 12:00:00+00:00
27.4,84,1005.2,12.5,25,2025-09-11 13:00:00+00:00
26.9,86,1005.5,11.9,9,2025-09-11 14:00:00+00:00
26.7,87,1005.9,11.9,10,2025-09-11 15:00:00+00:00
26.8,87,1006.7,11.2,27,2025-09-11 16:00:00+00:00
26.8,87,1006.9,10.8,33,2025-09-11 17:00:00+00:00
26.7,87,1006.6,10.8,23,2025-09-11 18:00:00+00:00
26.5,88,1006.6,10.3,30,2025-09-11 19:00:00+00:00
26.4,89,1006.3,10.3,27,2025-09-11 20:00:00+00:00
26.1,89,1005.9,11.0,47,2025-09-11 21:00:00+00:00
25.9,91,1005.7,10.4,25,2025-09-11 22:00:00+00:00
25.7,92,1005.7,9.9,26,2025-09-11 23:00:00+00:00
25.5,93,1005.8,10.0,18,2025-09-12 00:00:00+00:00
26.0,91,1006.2,9.4,27,2025-09-12 01:00:00+00:00
26.1,91,1006.9,8.6,26,2025-09-12 02:00:00+00:00
26.8,86,1007.4,10.4,30,2025-09-12 03:00:00+00:00
27.5,81,1008.0,11.9,22,2025-09-12 04:00:00+00:00
28.1,78,1008.3,12.9,28,2025-09-12 05:00:00+00:00
28.5,76,1008.4,13.6,26,2025-09-12 06:00:00+00:00
28.8,75,1007.8,14.3,33,2025-09-12 07:00:00+00:00
28.6,76,1007.3,14.4,30,2025-09-12 08:00:00+00:00
28.6,76,1006.8,14.2,11,2025-09-12 09:00:00+00:00
28.7,75,1006.0,13.7,13,2025-09-12 10:00:00+00:00
28.4,77,1005.9,12.9,13,2025-09-12 11:00:00+00:00
28.1,78,1005.7,12.1,17,2025-09-12 12:00:00+00:00
27.9,80,1006.3,10.2,1,2025-09-12 13:00:00+00:00
27.2,84,1006.5,9.7,0,2025-09-12 14:00:00+00:00
27.0,85,1007.0,8.7,0,2025-09-12 15:00:00+00:00
26.9,86,1007.7,9.0,0,2025-09-12 16:00:00+00:00
26.8,87,1007.9,8.8,8,2025-09-12 17:00:00+00:00
26.6,88,1007.9,8.2,28,2025-09-12 18:00:00+00:00
26.5,88,1007.8,8.2,32,2025-09-12 19:00:00+00:00
26.3,89,1007.3,8.8,15,2025-09-12 20:00:00+00:00
26.2,88,1006.7,8.7,11,2025-09-12 21:00:00+00:00
26.0,89,1006.5,8.5,29,2025-09-12 22:00:00+00:00
25.9,89,1006.6,8.6,22,2025-09-12 23:00:00+00:00
25.8,89,1006.9,8.5,30,2025-09-13 00:00:00+00:00
26.2,87,1007.3,7.9,26,2025-09-13 01:00:00+00:00
26.2,88,1008.0,7.3,28,2025-09-13 02:00:00+00:00
27.1,84,1008.3,8.3,26,2025-09-13 03:00:00+00:00
28.2,76,1008.6,9.7,18,2025-09-13 04:00:00+00:00
29.0,72,1008.9,10.8,28,2025-09-13 05:00:00+00:00
29.3,71,1008.7,11.9,55,2025-09-13 06:00:00+00:00
29.2,73,1008.4,13.3,57,2025-09-13 07:00:00+00:00
29.3,72,1007.8,13.9,18,2025-09-13 08:00:00+00:00
29.3,72,1007.3,13.5,28,2025-09-13 09:00:00+00:00
29.2,71,1006.6,13.4,42,2025-09-13 10:00:00+00:00
28.8,74,1006.2,13.6,54,2025-09-13 11:00:00+00:00
28.3,76,1006.1,13.3,63,2025-09-13 12:00:00+00:00
28.3,78,1006.3,10.7,48,2025-09-13 13:00:00+00:00
27.5,83,1006.6,10.5,2,2025-09-13 14:00:00+00:00
27.2,85,1006.8,10.7,1,2025-09-13 15:00:00+00:00
27.0,86,1007.4,11.5,88,2025-09-13 16:00:00+00:00
26.8,86,1007.8,11.7,6,2025-09-13 17:00:00+00:00
26.7,87,1007.9,11.5,14,2025-09-13 18:00:00+00:00
26.6,87,1007.7,11.3,18,2025-09-13 19:00:00+00:00
26.5,87,1007.6,10.8,22,2025-09-13 20:00:00+00:00
26.3,88,1007.1,10.6,75,2025-09-13 21:00:00+00:00
26.2,88,1006.8,11.0,74,2025-09-13 22:00:00+00:00
26.1,88,1006.8,10.3,15,2025-09-13 23:00:00+00:00
26.0,89,1006.8,11.4,16,2025-09-14 00:00:00+00:00
26.7,88,1007.0,10.6,92,2025-09-14 01:00:00+00:00
26.6,88,1007.3,9.4,26,2025-09-14 02:00:00+00:00
27.2,86,1007.7,11.3,39,2025-09-14 03:00:00+00:00
28.2,80,1008.4,12.5,56,2025-09-14 04:00:00+00:00
28.9,74,1008.6,14.2,67,2025-09-14 05:00:00+00:00
29.2,73,1008.1,16.0,61,2025-09-14 06:00:00+00:00
29.5,71,1007.9,16.0,65,2025-09-14 07:00:00+00:00
29.6,71,1007.3,17.1,63,2025-09-14 08:00:00+00:00
29.4,73,1006.6,17.0,81,2025-09-14 09:00:00+00:00
29.2,73,1005.9,16.4,100,2025-09-14 10:00:00+00:00
28.7,74,1005.4,16.8,60,2025-09-14 11:00:00+00:00
28.4,76,1005.4,15.9,30,2025-09-14 12:00:00+00:00
28.3,79,1005.9,13.3,30,2025-09-14 13:00:00+00:00
27.6,83,1006.5,13.6,13,2025-09-14 14:00:00+00:00
27.2,84,1006.9,15.2,2,2025-09-14 15:00:00+00:00
27.1,83,1007.5,15.1,5,2025-09-14 16:00:00+00:00
26.9,84,1007.8,15.2,10,2025-09-14 17:00:00+00:00
26.8,84,1007.6,16.2,18,2025-09-14 18:00:00+00:00
26.6,85,1007.4,16.4,34,2025-09-14 19:00:00+00:00
26.5,85,1006.8,16.0,94,2025-09-14 20:00:00+00:00
26.4,85,1006.2,15.7,97,2025-09-14 21:00:00+00:00
26.3,84,1005.7,15.5,94,2025-09-14 22:00:00+00:00
26.3,85,1005.7,15.3,75,2025-09-14 23:00:00+00:00
26.2,86,1005.9,14.8,48,2025-09-15 00:00:00+00:00
26.8,85,1005.6,13.9,28,2025-09-15 01:00:00+00:00
27.0,84,1005.7,14.3,61,2025-09-15 02:00:00+00:00
27.7,80,1006.1,17.9,96,2025-09-15 03:00:00+00:00
28.0,78,1006.6,20.3,100,2025-09-15 04:00:00+00:00
28.0,79,1006.7,21.8,100,2025-09-15 05:00:00+00:00
28.3,78,1006.4,21.3,100,2025-09-15 06:00:00+00:00
28.6,76,1005.7,20.8,100,2025-09-15 07:00:00+00:00
28.7,76,1004.9,21.4,100,2025-09-15 08:00:00+00:00
28.8,76,1004.0,21.1,99,2025-09-15 09:00:00+00:00
28.6,76,1003.3,20.2,98,2025-09-15 10:00:00+00:00
28.2,78,1003.2,20.0,100,2025-09-15 11:00:00+00:00
27.9,79,1003.0,18.7,74,2025-09-15 12:00:00+00:00
28.1,83,1003.3,16.7,22,2025-09-15 13:00:00+00:00
27.6,84,1003.7,15.7,14,2025-09-15 14:00:00+00:00
27.4,85,1004.4,15.7,20,2025-09-15 15:00:00+00:00
27.2,85,1005.4,15.9,40,2025-09-15 16:00:00+00:00
26.9,87,1005.7,16.1,31,2025-09-15 17:00:00+00:00
26.8,86,1005.3,15.2,17,2025-09-15 18:00:00+00:00
26.8,86,1004.8,15.6,36,2025-09-15 19:00:00+00:00
26.7,86,1004.2,15.7,100,2025-09-15 20:00:00+00:00
26.8,87,1003.8,15.6,100,2025-09-15 21:00:00+00:00
26.6,88,1003.4,15.9,97,2025-09-15 22:00:00+00:00
26.6,89,1003.1,15.5,100,2025-09-15 23:00:00+00:00
26.5,89,1003.0,15.1,81,2025-09-16 00:00:00+00:00
27.3,85,1003.4,14.1,100,2025-09-16 01:00:00+00:00
27.3,86,1004.0,13.3,100,2025-09-16 02:00:00+00:00
27.7,84,1004.4,14.9,100,2025-09-16 03:00:00+00:00
28.3,78,1005.1,16.7,100,2025-09-16 04:00:00+00:00
28.7,76,1005.1,18.0,100,2025-09-16 05:00:00+00:00
29.0,76,1004.8,19.0,97,2025-09-16 06:00:00+00:00
29.1,76,1004.3,17.7,100,2025-09-16 07:00:00+00:00
29.1,76,1003.3,18.6,100,2025-09-16 08:00:00+00:00
29.0,77,1002.6,18.8,100,2025-09-16 09:00:00+00:00
28.8,78,1002.1,18.1,100,2025-09-16 10:00:00+00:00
28.6,77,1002.0,18.0,93,2025-09-16 11:00:00+00:00
28.1,80,1002.1,16.8,90,2025-09-16 12:00:00+00:00
28.0,85,1003.0,12.9,22,2025-09-16 13:00:00+00:00
27.5,87,1003.1,12.4,64,2025-09-16 14:00:00+00:00
27.4,87,1003.8,11.8,97,2025-09-16 15:00:00+00:00
27.4,87,1004.7,11.1,94,2025-09-16 16:00:00+00:00
27.4,88,1005.5,11.1,94,2025-09-16 17:00:00+00:00
27.1,89,1005.3,11.3,65,2025-09-16 18:00:00+00:00
26.9,89,1005.0,10.9,15,2025-09-16 19:00:00+00:00
26.6,91,1004.6,9.9,44,2025-09-16 20:00:00+00:00
26.5,92,1004.4,9.7,53,2025-09-16 21:00:00+00:00
26.4,92,1004.3,9.2,38,2025-09-16 22:00:00+00:00
26.3,93,1004.2,8.7,39,2025-09-16 23:00:00+00:00
26.2,93,1004.3,8.3,44,2025-09-17 00:00:00+00:00
26.7,90,1004.5,8.6,98,2025-09-17 01:00:00+00:00
26.7,90,1004.9,8.5,98,2025-09-17 02:00:00+00:00
27.9,81,1005.3,9.6,87,2025-09-17 03:00:00+00:00
28.8,75,1006.1,10.9,100,2025-09-17 04:00:00+00:00
29.1,73,1006.2,11.6,100,2025-09-17 05:00:00+00:00
29.2,74,1006.1,11.8,99,2025-09-17 06:00:00+00:00
29.5,73,1005.8,11.4,100,2025-09-17 07:00:00+00:00
29.6,73,1005.0,10.9,92,2025-09-17 08:00:00+00:00
29.7,73,1004.1,11.2,51,2025-09-17 09:00:00+00:00
29.6,74,1003.2,12.2,52,2025-09-17 10:00:00+00:00
29.3,77,1003.0,13.6,40,2025-09-17 11:00:00+00:00
28.5,80,1003.1,12.8,19,2025-09-17 12:00:00+00:00
28.1,81,1003.3,8.9,0,2025-09-17 13:00:00+00:00
27.4,87,1003.6,8.7,0,2025-09-17 14:00:00+00:00
27.2,88,1004.0,10.2,0,2025-09-17 15:00:00+00:00
26.8,90,1005.4,8.0,1,2025-09-17 16:00:00+00:00
26.6,91,1006.1,7.0,7,2025-09-17 17:00:00+00:00
26.6,91,1006.1,7.1,17,2025-09-17 18:00:00+00:00
26.4,92,1005.9,6.8,21,2025-09-17 19:00:00+00:00
26.2,94,1005.5,7.2,72,2025-09-17 20:00:00+00:00
26.0,95,1005.0,7.8,85,2025-09-17 21:00:00+00:00
25.9,96,1004.6,7.9,76,2025-09-17 22:00:00+00:00
25.7,97,1004.5,8.9,82,2025-09-17 23:00:00+00:00
25.7,96,1004.6,8.7,98,2025-09-18 00:00:00+00:00
26.2,94,1005.0,7.2,25,2025-09-18 01:00:00+00:00
26.2,95,1005.4,7.1,61,2025-09-18 02:00:00+00:00
26.9,91,1005.8,8.5,66,2025-09-18 03:00:00+00:00
28.0,83,1006.2,10.7,80,2025-09-18 04:00:00+00:00
28.9,78,1006.5,12.6,50,2025-09-18 05:00:00+00:00
29.3,75,1006.2,12.7,70,2025-09-18 06:00:00+00:00
29.6,74,1005.7,13.2,74,2025-09-18 07:00:00+00:00
29.6,74,1004.8,13.6,87,2025-09-18 08:00:00+00:00
29.8,73,1003.9,13.4,100,2025-09-18 09:00:00+00:00
29.3,74,1003.2,13.4,95,2025-09-18 10:00:00+00:00
29.1,74,1003.1,12.1,85,2025-09-18 11:00:00+00:00
28.6,76,1003.1,11.2,92,2025-09-18 12:00:00+00:00
28.3,80,1003.6,10.7,99,2025-09-18 13:00:00+00:00
27.3,88,1004.1,8.0,89,2025-09-18 14:00:00+00:00
26.9,92,1004.7,7.4,73,2025-09-18 15:00:00+00:00
26.8,92,1005.6,7.0,34,2025-09-18 16:00:00+00:00
26.6,93,1006.3,7.5,73,2025-09-18 17:00:00+00:00
26.4,94,1006.4,8.1,100,2025-09-18 18:00:00+00:00
26.5,93,1006.0,7.9,66,2025-09-18 19:00:00+00:00
26.1,95,1005.5,8.2,22,2025-09-18 20:00:00+00:00
25.8,96,1005.0,7.6,70,2025-09-18 21:00:00+00:00
25.7,95,1005.1,7.0,78,2025-09-18 22:00:00+00:00
25.7,94,1005.2,6.8,27,2025-09-18 23:00:00+00:00
25.6,93,1005.4,7.7,36,2025-09-19 00:00:00+00:00
26.2,93,1005.9,8.2,94,2025-09-19 01:00:00+00:00
26.4,92,1006.5,8.3,92,2025-09-19 02:00:00+00:00
27.5,81,1007.3,10.8,94,2025-09-19 03:00:00+00:00
28.3,75,1008.0,12.6,99,2025-09-19 04:00:00+00:00
28.8,72,1008.3,13.2,99,2025-09-19 05:00:00+00:00
29.2,70,1007.9,14.4,100,2025-09-19 06:00:00+00:00
29.1,70,1007.6,14.8,100,2025-09-19 07:00:00+00:00
28.9,72,1006.7,14.7,100,2025-09-19 08:00:00+00:00
29.0,71,1005.7,14.7,83,2025-09-19 09:00:00+00:00
29.3,68,1004.9,13.6,95,2025-09-19 10:00:00+00:00
29.0,68,1004.7,13.9,100,2025-09-19 11:00:00+00:00
28.2,76,1004.5,13.6,98,2025-09-19 12:00:00+00:00
28.0,76,1005.1,10.9,24,2025-09-19 13:00:00+00:00
27.1,82,1005.5,8.3,72,2025-09-19 14:00:00+00:00
26.7,86,1006.1,7.7,31,2025-09-19 15:00:00+00:00
26.6,87,1006.7,6.6,7,2025-09-19 16:00:00+00:00
26.3,89,1007.2,7.5,20,2025-09-19 17:00:00+00:00
26.1,90,1007.1,7.6,11,2025-09-19 18:00:00+00:00
25.9,91,1006.9,7.9,5,2025-09-19 19:00:00+00:00
25.8,91,1006.5,7.0,6,2025-09-19 20:00:00+00:00
25.6,92,1006.0,7.8,27,2025-09-19 21:00:00+00:00
25.6,92,1005.6,8.1,34,2025-09-19 22:00:00+00:00
25.5,92,1005.7,9.0,37,2025-09-19 23:00:00+00:00
25.5,92,1005.9,8.9,35,2025-09-20 00:00:00+00:00
26.4,94,1006.3,9.6,100,2025-09-20 01:00:00+00:00
26.4,93,1007.1,9.0,77,2025-09-20 02:00:00+00:00
27.2,84,1007.7,10.4,38,2025-09-20 03:00:00+00:00
28.4,74,1008.3,12.6,59,2025-09-20 04:00:00+00:00
28.9,71,1008.6,13.5,100,2025-09-20 05:00:00+00:00
28.9,71,1008.3,14.2,99,2025-09-20 06:00:00+00:00
29.3,70,1007.8,15.2,99,2025-09-20 07:00:00+00:00
29.4,69,1006.9,15.4,100,2025-09-20 08:00:00+00:00
29.6,68,1006.0,15.2,91,2025-09-20 09:00:00+00:00
29.4,68,1005.4,15.2,100,2025-09-20 10:00:00+00:00
29.1,70,1005.0,15.0,100,2025-09-20 11:00:00+00:00
28.4,73,1004.9,14.2,64,2025-09-20 12:00:00+00:00
28.1,76,1005.1,13.0,10,2025-09-20 13:00:00+00:00
27.3,81,1005.8,10.3,100,2025-09-20 14:00:00+00:00
26.9,84,1006.1,9.4,100,2025-09-20 15:00:00+00:00
26.7,84,1006.5,9.7,100,2025-09-20 16:00:00+00:00
26.5,84,1007.3,9.7,100,2025-09-20 17:00:00+00:00
26.4,84,1007.1,9.4,76,2025-09-20 18:00:00+00:00
26.1,85,1007.1,9.4,32,2025-09-20 19:00:00+00:00
26.0,85,1006.8,7.8,18,2025-09-20 20:00:00+00:00
25.8,85,1006.2,8.9,26,2025-09-20 21:00:00+00:00
25.7,86,1006.1,8.8,36,2025-09-20 22:00:00+00:00
25.5,87,1006.0,9.2,66,2025-09-20 23:00:00+00:00
25.3,88,1006.4,9.4,35,2025-09-21 00:00:00+00:00
26.0,87,1006.2,9.9,31,2025-09-21 01:00:00+00:00
26.0,87,1006.7,8.6,70,2025-09-21 02:00:00+00:00
27.0,81,1007.1,9.2,93,2025-09-21 03:00:00+00:00
28.2,73,1007.7,11.4,94,2025-09-21 04:00:00+00:00
29.2,68,1007.5,13.2,96,2025-09-21 05:00:00+00:00
30.0,63,1007.4,14.3,99,2025-09-21 06:00:00+00:00
30.0,63,1006.7,15.7,100,2025-09-21 07:00:00+00:00
29.5,64,1006.0,15.2,96,2025-09-21 08:00:00+00:00
30.2,61,1005.3,15.6,100,2025-09-21 09:00:00+00:00
30.1,60,1004.7,15.9,97,2025-09-21 10:00:00+00:00
29.7,61,1004.7,16.5,99,2025-09-21 11:00:00+00:00
28.5,68,1004.6,16.6,97,2025-09-21 12:00:00+00:00
27.8,72,1005.0,15.5,46,2025-09-21 13:00:00+00:00
27.3,76,1005.2,13.7,31,2025-09-21 14:00:00+00:00
27.0,79,1005.5,11.0,10,2025-09-21 15:00:00+00:00
26.7,80,1006.1,10.1,20,2025-09-21 16:00:00+00:00
26.6,80,1006.7,10.8,27,2025-09-21 17:00:00+00:00
26.4,81,1006.8,11.2,27,2025-09-21 18:00:00+00:00
26.3,82,1006.7,10.6,20,2025-09-21 19:00:00+00:00
26.1,82,1006.6,10.0,17,2025-09-21 20:00:00+00:00
25.9,83,1006.0,10.6,30,2025-09-21 21:00:00+00:00
25.9,83,1005.8,10.9,34,2025-09-21 22:00:00+00:00
25.8,84,1006.0,10.3,32,2025-09-21 23:00:00+00:00
25.6,85,1006.2,10.5,96,2025-09-22 00:00:00+00:00
26.7,81,1006.0,11.6,83,2025-09-22 01:00:00+00:00
26.8,80,1006.8,11.2,90,2025-09-22 02:00:00+00:00
27.7,74,1007.2,14.4,47,2025-09-22 03:00:00+00:00
28.5,70,1007.8,14.8,98,2025-09-22 04:00:00+00:00
29.4,65,1007.9,14.5,100,2025-09-22 05:00:00+00:00
29.8,62,1007.7,16.0,100,2025-09-22 06:00:00+00:00
29.9,63,1007.1,15.8,100,2025-09-22 07:00:00+00:00
30.1,62,1006.3,15.7,80,2025-09-22 08:00:00+00:00
29.8,65,1005.9,16.4,100,2025-09-22 09:00:00+00:00
28.9,69,1005.7,16.5,100,2025-09-22 10:00:00+00:00
29.1,69,1005.4,16.1,100,2025-09-22 11:00:00+00:00
28.7,69,1005.4,16.1,100,2025-09-22 12:00:00+00:00
28.5,73,1005.8,16.3,100,2025-09-22 13:00:00+00:00
27.9,76,1006.2,13.8,100,2025-09-22 14:00:00+00:00
27.5,78,1006.5,13.8,35,2025-09-22 15:00:00+00:00
27.2,80,1007.2,14.5,42,2025-09-22 16:00:00+00:00
27.0,83,1007.6,13.4,39,2025-09-22 17:00:00+00:00
27.0,82,1007.7,13.1,26,2025-09-22 18:00:00+00:00
26.8,83,1007.5,12.3,36,2025-09-22 19:00:00+00:00
26.6,84,1007.0,11.7,34,2025-09-22 20:00:00+00:00
26.5,85,1006.8,13.0,61,2025-09-22 21:00:00+00:00
26.2,88,1006.4,13.0,100,2025-09-22 22:00:00+00:00
26.2,89,1006.1,12.5,97,2025-09-22 23:00:00+00:00
26.2,89,1006.2,12.4,99,2025-09-23 00:00:00+00:00
26.5,85,1006.3,11.0,33,2025-09-23 01:00:00+00:00
26.6,85,1006.8,11.0,21,2025-09-23 02:00:00+00:00
27.5,79,1007.2,13.6,17,2025-09-23 03:00:00+00:00
28.7,72,1007.7,15.1,54,2025-09-23 04:00:00+00:00
29.3,67,1007.7,16.8,100,2025-09-23 05:00:00+00:00
29.1,69,1007.6,17.0,100,2025-09-23 06:00:00+00:00
29.3,69,1007.1,17.9,100,2025-09-23 07:00:00+00:00
29.3,70,1006.3,18.4,100,2025-09-23 08:00:00+00:00
28.6,74,1005.6,18.5,98,2025-09-23 09:00:00+00:00
28.8,72,1005.0,18.7,99,2025-09-23 10:00:00+00:00
28.4,74,1004.4,19.7,100,2025-09-23 11:00:00+00:00
28.0,76,1004.3,17.8,32,2025-09-23 12:00:00+00:00
28.3,74,1004.7,14.7,97,2025-09-23 13:00:00+00:00
27.9,76,1005.0,13.9,100,2025-09-23 14:00:00+00:00
27.6,77,1005.6,14.1,76,2025-09-23 15:00:00+00:00
27.4,78,1006.2,13.5,13,2025-09-23 16:00:00+00:00
27.1,79,1006.8,13.1,100,2025-09-23 17:00:00+00:00
27.0,79,1006.4,13.1,100,2025-09-23 18:00:00+00:00
26.9,80,1006.0,12.5,98,2025-09-23 19:00:00+00:00
26.6,82,1005.5,12.9,36,2025-09-23 20:00:00+00:00
26.3,84,1004.9,12.8,73,2025-09-23 21:00:00+00:00
26.1,85,1004.7,12.9,100,2025-09-23 22:00:00+00:00
26.3,84,1004.4,12.6,98,2025-09-23 23:00:00+00:00
26.2,85,1004.4,12.8,100,2025-09-24 00:00:00+00:00
27.4,80,1004.6,12.0,100,2025-09-24 01:00:00+00:00
27.4,80,1004.7,12.2,100,2025-09-24 02:00:00+00:00
27.8,77,1005.3,14.3,99,2025-09-24 03:00:00+00:00
28.1,75,1005.6,15.6,100,2025-09-24 04:00:00+00:00
28.4,74,1005.7,15.8,99,2025-09-24 05:00:00+00:00
28.6,75,1005.5,16.5,96,2025-09-24 06:00:00+00:00
28.9,74,1004.9,17.3,100,2025-09-24 07:00:00+00:00
28.6,76,1004.0,17.7,100,2025-09-24 08:00:00+00:00
28.5,76,1003.0,17.4,98,2025-09-24 09:00:00+00:00
28.9,74,1002.5,17.1,100,2025-09-24 10:00:00+00:00
28.4,77,1002.5,16.5,96,2025-09-24 11:00:00+00:00
27.9,80,1002.6,15.1,85,2025-09-24 12:00:00+00:00
28.1,82,1002.9,15.5,29,2025-09-24 13:00:00+00:00
27.6,85,1002.9,13.0,18,2025-09-24 14:00:00+00:00
27.4,84,1003.4,10.9,17,2025-09-24 15:00:00+00:00
27.3,83,1004.0,10.1,26,2025-09-24 16:00:00+00:00
27.0,85,1004.5,10.3,30,2025-09-24 17:00:00+00:00
26.8,86,1004.4,9.7,33,2025-09-24 18:00:00+00:00
26.6,87,1004.3,9.3,18,2025-09-24 19:00:00+00:00
26.2,89,1003.8,8.8,5,2025-09-24 20:00:00+00:00
25.9,90,1003.5,8.4,15,2025-09-24 21:00:00+00:00
25.7,92,1003.2,7.2,23,2025-09-24 22:00:00+00:00
25.6,93,1003.2,6.7,28,2025-09-24 23:00:00+00:00
25.5,93,1003.4,6.3,24,2025-09-25 00:00:00+00:00
26.1,93,1003.7,6.9,47,2025-09-25 01:00:00+00:00
26.1,93,1004.0,7.6,61,2025-09-25 02:00:00+00:00
27.1,87,1004.8,8.1,37,2025-09-25 03:00:00+00:00
28.6,76,1005.6,8.8,59,2025-09-25 04:00:00+00:00
29.6,71,1005.4,10.7,100,2025-09-25 05:00:00+00:00
29.8,70,1005.5,11.8,98,2025-09-25 06:00:00+00:00
29.7,71,1005.0,12.2,100,2025-09-25 07:00:00+00:00
29.7,72,1004.1,13.5,100,2025-09-25 08:00:00+00:00
29.5,73,1003.2,13.5,98,2025-09-25 09:00:00+00:00
29.6,72,1002.9,12.9,100,2025-09-25 10:00:00+00:00
29.1,74,1003.0,13.4,99,2025-09-25 11:00:00+00:00
28.8,75,1003.3,12.0,18,2025-09-25 12:00:00+00:00
28.7,75,1004.2,10.1,9,2025-09-25 13:00:00+00:00
27.9,79,1004.4,8.7,1,2025-09-25 14:00:00+00:00
27.5,82,1005.0,7.5,0,2025-09-25 15:00:00+00:00
27.2,84,1005.3,6.8,0,2025-09-25 16:00:00+00:00
27.0,86,1005.9,6.1,1,2025-09-25 17:00:00+00:00
26.6,87,1006.0,6.7,8,2025-09-25 18:00:00+00:00
26.2,89,1006.2,6.0,15,2025-09-25 19:00:00+00:00
26.0,90,1005.7,5.2,1,2025-09-25 20:00:00+00:00
25.6,92,1005.5,5.1,21,2025-09-25 21:00:00+00:00
25.4,93,1005.3,4.9,19,2025-09-25 22:00:00+00:00
25.2,93,1005.5,4.0,25,2025-09-25 23:00:00+00:00
25.0,94,1006.0,3.8,86,2025-09-26 00:00:00+00:00
25.9,91,1006.2,5.0,78,2025-09-26 01:00:00+00:00
26.1,89,1006.7,5.4,41,2025-09-26 02:00:00+00:00
27.3,81,1007.3,6.7,16,2025-09-26 03:00:00+00:00
28.8,72,1007.6,7.7,33,2025-09-26 04:00:00+00:00
30.1,63,1007.6,6.1,39,2025-09-26 05:00:00+00:00
31.2,57,1007.3,7.6,53,2025-09-26 06:00:00+00:00
31.7,56,1006.7,10.8,28,2025-09-26 07:00:00+00:00
31.9,57,1005.5,12.0,33,2025-09-26 08:00:00+00:00
31.7,58,1004.7,12.7,7,2025-09-26 09:00:00+00:00
31.0,62,1004.2,13.3,9,2025-09-26 10:00:00+00:00
30.3,62,1004.4,12.5,33,2025-09-26 11:00:00+00:00
29.4,65,1004.6,11.2,64,2025-09-26 12:00:00+00:00
28.2,73,1005.5,9.2,64,2025-09-26 13:00:00+00:00
27.5,78,1005.9,8.5,0,2025-09-26 14:00:00+00:00
27.2,80,1006.7,8.0,0,2025-09-26 15:00:00+00:00
26.9,83,1007.3,7.4,0,2025-09-26 16:00:00+00:00
26.6,85,1008.1,6.5,0,2025-09-26 17:00:00+00:00
26.2,87,1008.2,7.1,0,2025-09-26 18:00:00+00:00
25.7,90,1008.4,8.7,0,2025-09-26 19:00:00+00:00
25.6,90,1008.1,9.6,0,2025-09-26 20:00:00+00:00
25.4,91,1007.5,9.8,3,2025-09-26 21:00:00+00:00
25.2,93,1007.5,9.0,4,2025-09-26 22:00:00+00:00
25.0,94,1007.5,8.3,2,2025-09-26 23:00:00+00:00
24.8,95,1007.8,8.3,7,2025-09-27 00:00:00+00:00
25.4,96,1008.2,6.5,4,2025-09-27 01:00:00+00:00
25.4,96,1008.6,6.4,14,2025-09-27 02:00:00+00:00
26.6,89,1008.9,8.0,30,2025-09-27 03:00:00+00:00
28.4,77,1009.3,6.4,11,2025-09-27 04:00:00+00:00
30.5,64,1009.2,6.9,0,2025-09-27 05:00:00+00:00
32.2,54,1008.7,8.4,4,2025-09-27 06:00:00+00:00
33.3,49,1007.9,9.6,22,2025-09-27 07:00:00+00:00
33.9,45,1007.0,10.9,7,2025-09-27 08:00:00+00:00
33.8,46,1005.9,12.3,0,2025-09-27 09:00:00+00:00
33.1,50,1005.5,13.2,0,2025-09-27 10:00:00+00:00
32.0,56,1005.6,12.9,0,2025-09-27 11:00:00+00:00
30.5,65,1005.8,11.9,0,2025-09-27 12:00:00+00:00
29.0,76,1006.4,9.6,0,2025-09-27 13:00:00+00:00
27.8,84,1006.7,8.5,0,2025-09-27 14:00:00+00:00
27.3,88,1007.3,8.5,1,2025-09-27 15:00:00+00:00
26.9,92,1007.8,8.2,5,2025-09-27 16:00:00+00:00
26.8,92,1008.2,8.7,14,2025-09-27 17:00:00+00:00
26.5,93,1008.1,10.3,21,2025-09-27 18:00:00+00:00
26.1,95,1007.9,11.8,72,2025-09-27 19:00:00+00:00
26.1,94,1007.5,10.7,44,2025-09-27 20:00:00+00:00
25.8,95,1006.8,10.4,56,2025-09-27 21:00:00+00:00
25.6,96,1006.5,10.0,37,2025-09-27 22:00:00+00:00
25.6,96,1006.5,10.3,43,2025-09-27 23:00:00+00:00
25.6,95,1006.6,10.9,38,2025-09-28 00:00:00+00:00
26.4,93,1007.2,9.2,94,2025-09-28 01:00:00+00:00
26.7,91,1007.1,10.4,96,2025-09-28 02:00:00+00:00
27.9,83,1007.4,12.7,77,2025-09-28 03:00:00+00:00
29.5,75,1007.2,10.7,89,2025-09-28 04:00:00+00:00
31.2,68,1006.8,10.5,69,2025-09-28 05:00:00+00:00
32.6,62,1006.3,11.3,89,2025-09-28 06:00:00+00:00
33.5,59,1005.5,11.7,98,2025-09-28 07:00:00+00:00
33.9,58,1004.4,12.5,100,2025-09-28 08:00:00+00:00
33.8,58,1003.4,13.6,100,2025-09-28 09:00:00+00:00
33.1,61,1002.3,15.0,99,2025-09-28 10:00:00+00:00
32.0,65,1002.4,14.4,4,2025-09-28 11:00:00+00:00
30.7,71,1002.4,13.1,52,2025-09-28 12:00:00+00:00
29.5,79,1002.5,10.6,100,2025-09-28 13:00:00+00:00
28.4,85,1003.0,8.5,100,2025-09-28 14:00:00+00:00
28.0,87,1003.6,8.9,100,2025-09-28 15:00:00+00:00
27.6,89,1004.2,10.1,100,2025-09-28 16:00:00+00:00
27.4,92,1004.3,13.3,100,2025-09-28 17:00:00+00:00
27.2,93,1003.6,15.7,88,2025-09-28 18:00:00+00:00
26.8,95,1002.7,16.5,99,2025-09-28 19:00:00+00:00
26.9,93,1003.0,13.6,99,2025-09-28 20:00:00+00:00
26.6,93,1002.5,13.0,50,2025-09-28 21:00:00+00:00
26.4,94,1002.3,11.3,100,2025-09-28 22:00:00+00:00
26.2,95,1002.0,11.7,100,2025-09-28 23:00:00+00:00
25.9,97,1001.9,10.4,100,2025-09-29 00:00:00+00:00
26.1,99,1002.2,10.1,100,2025-09-29 01:00:00+00:00
26.1,97,1002.5,9.3,100,2025-09-29 02:00:00+00:00
27.4,87,1002.7,8.5,100,2025-09-29 03:00:00+00:00
30.3,71,1003.0,8.6,100,2025-09-29 04:00:00+00:00
33.9,51,1002.7,9.3,100,2025-09-29 05:00:00+00:00
37.0,37,1002.1,9.8,100,2025-09-29 06:00:00+00:00
39.3,24,1000.7,11.7,100,2025-09-29 07:00:00+00:00
40.2,22,999.5,12.2,100,2025-09-29 08:00:00+00:00
40.2,22,998.5,9.5,100,2025-09-29 09:00:00+00:00
39.6,24,998.0,5.9,100,2025-09-29 10:00:00+00:00
38.6,24,997.7,0.8,100,2025-09-29 11:00:00+00:00
37.7,29,997.8,3.7,100,2025-09-29 12:00:00+00:00
36.4,31,998.6,3.6,100,2025-09-29 13:00:00+00:00
35.3,34,998.9,4.2,100,2025-09-29 14:00:00+00:00
34.8,35,999.2,11.8,100,2025-09-29 15:00:00+00:00
34.3,38,999.7,11.5,88,2025-09-29 16:00:00+00:00
32.7,46,999.8,10.8,64,2025-09-29 17:00:00+00:00
31.2,59,999.6,9.9,99,2025-09-29 18:00:00+00:00
30.2,67,1000.1,3.3,91,2025-09-29 19:00:00+00:00
29.3,75,1000.2,3.1,99,2025-09-29 20:00:00+00:00
28.9,77,999.8,3.9,98,2025-09-29 21:00:00+00:00
28.7,75,999.4,6.2,68,2025-09-29 22:00:00+00:00
28.8,73,999.0,6.9,94,2025-09-29 23:00:00+00:00
28.7,71,998.7,8.3,57,2025-09-30 00:00:00+00:00
28.3,83,999.5,7.2,11,2025-09-30 01:00:00+00:00
28.5,79,1000.1,6.8,31,2025-09-30 02:00:00+00:00
30.0,67,1000.6,4.3,95,2025-09-30 03:00:00+00:00
32.5,54,1000.9,4.2,98,2025-09-30 04:00:00+00:00
34.2,50,1000.5,6.4,16,2025-09-30 05:00:00+00:00
32.3,63,1000.6,12.2,67,2025-09-30 06:00:00+00:00
34.3,55,999.7,9.2,26,2025-09-30 07:00:00+00:00
35.5,52,998.4,11.5,25,2025-09-30 08:00:00+00:00
35.6,50,997.6,7.8,30,2025-09-30 09:00:00+00:00
32.3,62,997.6,2.5,75,2025-09-30 10:00:00+00:00
30.0,80,998.4,12.2,99,2025-09-30 11:00:00+00:00
29.0,82,998.9,3.3,98,2025-09-30 12:00:00+00:00
29.6,82,998.9,4.7,94,2025-09-30 13:00:00+00:00
29.6,78,998.9,8.8,20,2025-09-30 14:00:00+00:00
29.2,76,999.7,11.3,8,2025-09-30 15:00:00+00:00
28.9,76,999.9,12.0,2,2025-09-30 16:00:00+00:00
28.6,77,1000.1,11.6,0,2025-09-30 17:00:00+00:00
28.3,78,1000.4,11.0,2,2025-09-30 18:00:00+00:00
27.9,80,1000.4,9.4,3,2025-09-30 19:00:00+00:00
27.6,82,1000.3,7.2,17,2025-09-30 20:00:00+00:00
27.3,85,999.8,8.3,16,2025-09-30 21:00:00+00:00
27.1,86,999.6,8.4,5,2025-09-30 22:00:00+00:00
27.0,87,999.2,8.4,1,2025-09-30 23:00:00+00:00
26.8,87,999.8,8.8,11,2025-10-01 00:00:00+00:00
26.7,87,1000.4,8.3,9,2025-10-01 01:00:00+00:00
26.8,87,1001.0,8.7,5,2025-10-01 02:00:00+00:00
27.8,83,1001.2,7.7,2,2025-10-01 03:00:00+00:00
29.3,74,1001.4,9.9,2,2025-10-01 04:00:00+00:00
30.8,66,1001.2,11.3,14,2025-10-01 05:00:00+00:00
31.5,61,1001.6,13.7,13,2025-10-01 06:00:00+00:00
32.1,59,1001.0,13.3,14,2025-10-01 07:00:00+00:00
32.9,54,1000.0,13.5,12,2025-10-01 08:00:00+00:00
33.3,54,999.4,13.3,20,2025-10-01 09:00:00+00:00
33.5,53,998.7,13.0,11,2025-10-01 10:00:00+00:00
33.4,52,998.6,13.2,27,2025-10-01 11:00:00+00:00
33.5,51,998.8,12.7,21,2025-10-01 12:00:00+00:00
32.7,55,999.0,10.1,26,2025-10-01 13:00:00+00:00
31.3,63,999.6,6.9,15,2025-10-01 14:00:00+00:00
30.6,67,1000.6,7.2,2,2025-10-01 15:00:00+00:00
29.9,69,1001.6,8.8,6,2025-10-01 16:00:00+00:00
29.1,73,1001.8,7.2,5,2025-10-01 17:00:00+00:00
28.8,75,1001.6,7.2,2,2025-10-01 18:00:00+00:00
28.7,76,1001.6,4.5,1,2025-10-01 19:00:00+00:00
28.2,79,1001.7,6.3,1,2025-10-01 20:00:00+00:00
27.8,80,1001.8,7.8,3,2025-10-01 21:00:00+00:00
27.5,81,1001.7,7.4,2,2025-10-01 22:00:00+00:00
27.2,81,1001.8,7.8,1,2025-10-01 23:00:00+00:00
27.3,79,1002.2,7.9,0,2025-10-02 00:00:00+00:00
27.4,79,1002.6,7.9,0,2025-10-02 01:00:00+00:00
27.5,79,1003.1,8.3,0,2025-10-02 02:00:00+00:00
28.4,75,1003.5,7.9,0,2025-10-02 03:00:00+00:00
30.1,68,1004.1,9.8,0,2025-10-02 04:00:00+00:00
31.7,59,1004.1,11.6,0,2025-10-02 05:00:00+00:00
32.9,53,1004.4,13.8,5,2025-10-02 06:00:00+00:00
33.4,50,1003.9,14.9,16,2025-10-02 07:00:00+00:00
33.7,49,1003.1,16.0,16,2025-10-02 08:00:00+00:00
33.6,48,1002.3,15.6,12,2025-10-02 09:00:00+00:00
34.1,47,1001.7,15.1,3,2025-10-02 10:00:00+00:00
34.0,46,1001.9,16.0,16,2025-10-02 11:00:00+00:00
32.9,51,1002.3,16.1,7,2025-10-02 12:00:00+00:00
31.1,61,1002.8,13.0,5,2025-10-02 13:00:00+00:00
30.4,64,1003.7,12.8,17,2025-10-02 14:00:00+00:00
30.0,68,1004.2,11.1,11,2025-10-02 15:00:00+00:00
29.6,71,1004.6,11.2,14,2025-10-02 16:00:00+00:00
29.0,74,1005.2,11.7,21,2025-10-02 17:00:00+00:00
28.8,76,1005.9,11.2,28,2025-10-02 18:00:00+00:00
28.6,75,1005.7,10.4,23,2025-10-02 19:00:00+00:00
28.2,76,1005.4,9.4,13,2025-10-02 20:00:00+00:00
27.9,78,1004.9,8.9,4,2025-10-02 21:00:00+00:00
27.6,79,1005.0,8.3,18,2025-10-02 22:00:00+00:00
27.4,80,1004.9,8.7,100,2025-10-02 23:00:00+00:00
27.5,81,1005.3,8.9,35,2025-10-03 00:00:00+00:00
27.4,80,1005.7,10.3,76,2025-10-03 01:00:00+00:00
27.6,78,1006.1,11.3,88,2025-10-03 02:00:00+00:00
28.3,75,1006.7,12.3,85,2025-10-03 03:00:00+00:00
29.6,70,1007.2,13.5,100,2025-10-03 04:00:00+00:00
29.9,68,1007.7,15.2,100,2025-10-03 05:00:00+00:00
31.1,60,1008.1,16.7,100,2025-10-03 06:00:00+00:00
30.9,62,1007.7,15.0,100,2025-10-03 07:00:00+00:00
31.5,59,1006.8,17.7,100,2025-10-03 08:00:00+00:00
31.2,60,1006.2,17.6,100,2025-10-03 09:00:00+00:00
30.7,64,1006.1,18.7,100,2025-10-03 10:00:00+00:00
28.9,74,1005.5,15.5,100,2025-10-03 11:00:00+00:00
29.6,67,1006.2,14.8,100,2025-10-03 12:00:00+00:00
28.9,74,1006.3,11.8,100,2025-10-03 13:00:00+00:00
28.1,80,1006.7,11.2,100,2025-10-03 14:00:00+00:00
28.0,81,1007.3,11.6,100,2025-10-03 15:00:00+00:00
27.7,83,1007.9,13.3,100,2025-10-03 16:00:00+00:00
27.4,85,1008.1,13.2,100,2025-10-03 17:00:00+00:00
26.8,92,1008.8,12.5,100,2025-10-03 18:00:00+00:00
26.3,94,1008.3,12.9,100,2025-10-03 19:00:00+00:00
26.0,94,1007.8,13.5,100,2025-10-03 20:00:00+00:00
25.8,93,1007.3,12.8,100,2025-10-03 21:00:00+00:00
25.8,92,1007.0,13.4,100,2025-10-03 22:00:00+00:00
25.7,91,1007.0,11.1,100,2025-10-03 23:00:00+00:00
25.5,93,1007.8,10.5,100,2025-10-04 00:00:00+00:00
25.7,91,1008.1,10.3,98,2025-10-04 01:00:00+00:00
25.9,89,1008.8,9.5,100,2025-10-04 02:00:00+00:00
26.8,85,1009.1,8.7,48,2025-10-04 03:00:00+00:00
28.2,76,1009.7,10.8,42,2025-10-04 04:00:00+00:00
29.5,71,1009.6,11.4,69,2025-10-04 05:00:00+00:00
30.0,67,1009.8,10.6,38,2025-10-04 06:00:00+00:00
31.1,62,1009.1,10.4,20,2025-10-04 07:00:00+00:00
31.4,60,1008.1,11.8,45,2025-10-04 08:00:00+00:00
31.2,62,1007.2,10.4,37,2025-10-04 09:00:00+00:00
31.2,63,1006.3,9.7,43,2025-10-04 10:00:00+00:00
30.1,71,1006.1,9.0,21,2025-10-04 11:00:00+00:00
29.1,78,1006.5,15.1,100,2025-10-04 12:00:00+00:00
28.5,81,1006.2,14.4,98,2025-10-04 13:00:00+00:00
28.0,85,1006.9,13.8,91,2025-10-04 14:00:00+00:00
27.9,85,1007.5,14.0,100,2025-10-04 15:00:00+00:00
27.6,87,1008.2,13.3,98,2025-10-04 16:00:00+00:00
27.4,88,1008.2,11.0,99,2025-10-04 17:00:00+00:00
27.1,89,1007.8,9.9,100,2025-10-04 18:00:00+00:00
27.0,90,1007.5,11.1,100,2025-10-04 19:00:00+00:00
27.1,88,1007.5,12.2,100,2025-10-04 20:00:00+00:00
27.2,87,1007.3,9.5,100,2025-10-04 21:00:00+00:00
27.0,89,1006.8,7.5,96,2025-10-04 22:00:00+00:00
26.8,90,1006.6,5.2,39,2025-10-04 23:00:00+00:00
26.5,94,1006.7,5.7,98,2025-10-05 00:00:00+00:00
26.7,93,1006.9,6.4,92,2025-10-05 01:00:00+00:00
27.1,90,1007.4,7.2,39,2025-10-05 02:00:00+00:00
28.1,82,1007.9,9.7,69,2025-10-05 03:00:00+00:00
29.2,76,1008.3,10.7,91,2025-10-05 04:00:00+00:00
30.1,70,1008.2,11.1,70,2025-10-05 05:00:00+00:00
31.1,63,1008.3,12.6,9,2025-10-05 06:00:00+00:00
31.4,62,1007.7,14.2,8,2025-10-05 07:00:00+00:00
31.0,61,1007.1,17.3,36,2025-10-05 08:00:00+00:00
30.4,65,1006.8,17.6,26,2025-10-05 09:00:00+00:00
30.1,69,1005.8,16.8,15,2025-10-05 10:00:00+00:00
29.8,70,1005.2,15.6,4,2025-10-05 11:00:00+00:00
29.6,70,1005.4,14.7,22,2025-10-05 12:00:00+00:00
28.8,75,1005.1,14.2,5,2025-10-05 13:00:00+00:00
28.4,78,1005.3,13.9,9,2025-10-05 14:00:00+00:00
28.2,79,1005.9,15.8,10,2025-10-05 15:00:00+00:00
28.0,80,1006.5,18.1,22,2025-10-05 16:00:00+00:00
27.8,81,1007.5,16.3,40,2025-10-05 17:00:00+00:00
27.8,82,1007.4,16.5,13,2025-10-05 18:00:00+00:00
27.7,82,1006.9,16.5,9,2025-10-05 19:00:00+00:00
27.8,81,1007.0,16.7,17,2025-10-05 20:00:00+00:00
27.6,82,1006.5,17.2,15,2025-10-05 21:00:00+00:00
27.4,83,1006.3,17.0,9,2025-10-05 22:00:00+00:00
27.2,84,1005.8,17.1,9,2025-10-05 23:00:00+00:00
27.3,81,1005.7,19.0,16,2025-10-06 00:00:00+00:00
27.5,81,1006.5,19.6,5,2025-10-06 01:00:00+00:00
27.6,80,1006.8,18.9,5,2025-10-06 02:00:00+00:00
28.5,73,1007.4,21.6,16,2025-10-06 03:00:00+00:00
29.4,67,1008.2,21.9,27,2025-10-06 04:00:00+00:00
30.3,61,1008.4,20.9,1,2025-10-06 05:00:00+00:00
31.0,56,1008.8,20.6,30,2025-10-06 06:00:00+00:00
31.2,54,1008.3,21.3,32,2025-10-06 07:00:00+00:00
31.6,51,1007.5,21.6,7,2025-10-06 08:00:00+00:00
31.8,48,1006.7,21.9,0,2025-10-06 09:00:00+00:00
31.5,47,1006.0,20.7,0,2025-10-06 10:00:00+00:00
31.1,51,1005.5,21.1,0,2025-10-06 11:00:00+00:00
29.8,58,1005.5,21.0,0,2025-10-06 12:00:00+00:00
28.8,60,1005.6,19.0,0,2025-10-06 13:00:00+00:00
28.3,68,1006.1,17.6,0,2025-10-06 14:00:00+00:00
27.9,71,1007.0,17.0,0,2025-10-06 15:00:00+00:00
27.9,65,1007.8,17.2,0,2025-10-06 16:00:00+00:00
27.6,68,1007.9,16.5,0,2025-10-06 17:00:00+00:00
27.3,83,1008.2,18.2,2,2025-10-06 18:00:00+00:00
27.5,81,1008.3,17.3,2,2025-10-06 19:00:00+00:00
27.3,81,1008.0,17.3,13,2025-10-06 20:00:00+00:00
27.1,82,1007.5,17.8,15,2025-10-06 21:00:00+00:00
27.1,82,1007.4,17.3,6,2025-10-06 22:00:00+00:00
26.9,82,1007.0,16.6,1,2025-10-06 23:00:00+00:00
26.7,82,1007.2,15.8,0,2025-10-07 00:00:00+00:00
26.6,82,1007.6,13.4,0,2025-10-07 01:00:00+00:00
26.3,82,1008.3,10.4,0,2025-10-07 02:00:00+00:00
27.2,76,1009.1,7.8,0,2025-10-07 03:00:00+00:00
28.9,61,1009.8,9.7,0,2025-10-07 04:00:00+00:00
30.2,52,1010.2,10.5,0,2025-10-07 05:00:00+00:00
31.8,34,1010.3,3.9,0,2025-10-07 06:00:00+00:00
32.4,32,1009.7,5.1,0,2025-10-07 07:00:00+00:00
32.6,35,1009.0,9.0,0,2025-10-07 08:00:00+00:00
32.4,40,1008.7,12.5,0,2025-10-07 09:00:00+00:00
32.4,37,1008.2,12.3,0,2025-10-07 10:00:00+00:00
32.0,32,1007.8,12.5,0,2025-10-07 11:00:00+00:00
30.5,44,1008.0,12.7,0,2025-10-07 12:00:00+00:00
29.3,52,1008.4,10.3,0,2025-10-07 13:00:00+00:00
28.3,60,1008.8,9.1,0,2025-10-07 14:00:00+00:00
27.7,65,1009.5,8.5,0,2025-10-07 15:00:00+00:00
27.2,68,1010.1,7.6,0,2025-10-07 16:00:00+00:00
26.7,73,1010.2,6.9,0,2025-10-07 17:00:00+00:00
26.4,65,1010.2,7.5,0,2025-10-07 18:00:00+00:00
26.6,69,1010.0,9.8,0,2025-10-07 19:00:00+00:00
26.2,79,1010.1,10.4,0,2025-10-07 20:00:00+00:00
25.8,85,1009.9,8.1,2,2025-10-07 21:00:00+00:00
25.3,88,1009.9,5.6,5,2025-10-07 22:00:00+00:00
24.5,91,1009.7,4.5,5,2025-10-07 23:00:00+00:00
24.0,90,1010.2,2.9,0,2025-10-08 00:00:00+00:00
24.1,88,1010.6,4.1,0,2025-10-08 01:00:00+00:00
23.8,87,1011.3,4.6,0,2025-10-08 02:00:00+00:00
25.2,78,1011.9,4.1,0,2025-10-08 03:00:00+00:00
27.3,70,1012.7,2.7,0,2025-10-08 04:00:00+00:00
29.1,59,1012.7,3.2,0,2025-10-08 05:00:00+00:00
31.0,43,1012.5,1.9,0,2025-10-08 06:00:00+00:00
32.1,36,1011.7,4.5,0,2025-10-08 07:00:00+00:00
32.1,40,1010.6,8.6,0,2025-10-08 08:00:00+00:00
32.1,40,1009.7,10.9,41,2025-10-08 09:00:00+00:00
30.8,50,1009.4,13.4,59,2025-10-08 10:00:00+00:00
29.9,56,1009.2,12.4,26,2025-10-08 11:00:00+00:00
29.9,52,1009.7,9.0,13,2025-10-08 12:00:00+00:00
28.9,59,1009.6,8.2,7,2025-10-08 13:00:00+00:00
27.9,67,1010.0,7.1,5,2025-10-08 14:00:00+00:00
27.3,70,1010.8,5.6,4,2025-10-08 15:00:00+00:00
26.7,75,1011.4,4.3,1,2025-10-08 16:00:00+00:00
26.3,77,1012.0,4.0,3,2025-10-08 17:00:00+00:00
25.4,83,1012.0,4.8,0,2025-10-08 18:00:00+00:00
25.1,86,1012.0,6.7,0,2025-10-08 19:00:00+00:00
24.6,89,1012.3,6.9,0,2025-10-08 20:00:00+00:00
24.5,91,1012.0,5.8,0,2025-10-08 21:00:00+00:00
24.4,92,1011.9,5.8,0,2025-10-08 22:00:00+00:00
24.1,94,1011.8,5.2,0,2025-10-08 23:00:00+00:00
23.7,93,1012.2,5.2,0,2025-10-09 00:00:00+00:00
23.9,91,1012.5,5.2,0,2025-10-09 01:00:00+00:00
23.8,90,1013.1,6.2,2,2025-10-09 02:00:00+00:00
25.1,81,1013.8,4.9,0,2025-10-09 03:00:00+00:00
27.3,71,1014.3,7.3,0,2025-10-09 04:00:00+00:00
29.7,52,1014.2,6.8,0,2025-10-09 05:00:00+00:00
30.9,39,1014.3,2.9,0,2025-10-09 06:00:00+00:00
32.0,34,1013.6,5.0,0,2025-10-09 07:00:00+00:00
32.4,34,1012.7,9.2,7,2025-10-09 08:00:00+00:00
32.1,35,1011.9,12.5,41,2025-10-09 09:00:00+00:00
31.2,37,1011.3,13.5,20,2025-10-09 10:00:00+00:00
30.9,35,1011.2,11.3,18,2025-10-09 11:00:00+00:00
30.9,35,1011.2,10.1,16,2025-10-09 12:00:00+00:00
29.1,55,1011.1,10.3,2,2025-10-09 13:00:00+00:00
28.0,63,1011.6,8.8,1,2025-10-09 14:00:00+00:00
27.3,68,1012.3,6.9,0,2025-10-09 15:00:00+00:00
26.8,70,1012.4,7.1,1,2025-10-09 16:00:00+00:00
26.4,74,1012.6,7.2,1,2025-10-09 17:00:00+00:00
25.8,80,1012.5,6.7,0,2025-10-09 18:00:00+00:00
25.9,79,1012.4,6.9,0,2025-10-09 19:00:00+00:00
25.5,79,1012.2,7.0,0,2025-10-09 20:00:00+00:00
25.0,79,1011.7,7.2,0,2025-10-09 21:00:00+00:00
24.6,82,1011.5,6.8,0,2025-10-09 22:00:00+00:00
24.4,83,1011.2,6.3,0,2025-10-09 23:00:00+00:00
24.3,88,1011.3,6.1,0,2025-10-10 00:00:00+00:00
24.2,88,1011.6,6.0,0,2025-10-10 01:00:00+00:00
24.1,88,1012.1,5.9,0,2025-10-10 02:00:00+00:00
25.4,82,1012.6,3.9,0,2025-10-10 03:00:00+00:00
27.5,70,1012.8,5.5,0,2025-10-10 04:00:00+00:00
29.7,52,1013.0,4.2,0,2025-10-10 05:00:00+00:00
31.1,42,1013.0,6.9,9,2025-10-10 06:00:00+00:00
31.7,38,1012.3,10.1,31,2025-10-10 07:00:00+00:00
31.4,38,1011.6,11.7,22,2025-10-10 08:00:00+00:00
31.4,37,1011.0,12.2,16,2025-10-10 09:00:00+00:00
31.1,39,1010.4,12.5,5,2025-10-10 10:00:00+00:00
30.4,41,1010.1,12.3,8,2025-10-10 11:00:00+00:00
29.7,44,1010.2,10.9,4,2025-10-10 12:00:00+00:00
28.5,55,1010.0,9.8,1,2025-10-10 13:00:00+00:00
27.5,63,1010.2,8.5,0,2025-10-10 14:00:00+00:00
27.0,67,1010.6,7.8,1,2025-10-10 15:00:00+00:00
26.6,70,1010.7,6.9,0,2025-10-10 16:00:00+00:00
26.3,71,1010.9,5.7,0,2025-10-10 17:00:00+00:00
25.9,74,1011.0,5.5,0,2025-10-10 18:00:00+00:00
25.6,75,1011.0,6.8,0,2025-10-10 19:00:00+00:00
25.1,77,1010.9,7.1,0,2025-10-10 20:00:00+00:00
24.6,79,1010.6,6.7,0,2025-10-10 21:00:00+00:00
24.3,81,1010.6,5.0,0,2025-10-10 22:00:00+00:00
24.0,82,1010.3,3.6,0,2025-10-10 23:00:00+00:00
24.0,83,1010.6,4.2,0,2025-10-11 00:00:00+00:00
23.9,83,1011.2,4.1,0,2025-10-11 01:00:00+00:00
23.7,85,1011.9,3.4,0,2025-10-11 02:00:00+00:00
25.2,78,1012.5,1.2,0,2025-10-11 03:00:00+00:00
27.4,68,1013.1,1.0,0,2025-10-11 04:00:00+00:00
29.2,56,1013.1,3.5,0,2025-10-11 05:00:00+00:00
30.6,46,1013.1,6.4,5,2025-10-11 06:00:00+00:00
31.5,40,1012.4,8.0,49,2025-10-11 07:00:00+00:00
31.5,39,1011.8,9.4,48,2025-10-11 08:00:00+00:00
31.3,41,1011.3,9.3,36,2025-10-11 09:00:00+00:00
31.2,41,1010.7,9.0,28,2025-10-11 10:00:00+00:00
30.7,43,1010.4,9.7,15,2025-10-11 11:00:00+00:00
29.5,51,1010.6,10.9,13,2025-10-11 12:00:00+00:00
28.3,59,1010.9,9.4,1,2025-10-11 13:00:00+00:00
27.6,64,1011.1,7.4,2,2025-10-11 14:00:00+00:00
26.9,68,1011.7,7.2,1,2025-10-11 15:00:00+00:00
26.4,72,1011.8,6.4,0,2025-10-11 16:00:00+00:00
26.0,75,1012.0,6.6,0,2025-10-11 17:00:00+00:00
25.4,80,1012.2,6.7,0,2025-10-11 18:00:00+00:00
25.1,80,1012.1,6.7,0,2025-10-11 19:00:00+00:00
24.8,82,1011.9,7.8,0,2025-10-11 20:00:00+00:00
24.5,84,1011.4,8.6,0,2025-10-11 21:00:00+00:00
24.2,85,1011.4,7.3,0,2025-10-11 22:00:00+00:00
23.9,86,1011.3,6.3,0,2025-10-11 23:00:00+00:00
23.6,90,1011.6,5.6,0,2025-10-12 00:00:00+00:00
23.7,89,1012.0,5.5,0,2025-10-12 01:00:00+00:00
23.6,88,1012.5,4.8,0,2025-10-12 02:00:00+00:00
24.9,80,1013.1,3.7,0,2025-10-12 03:00:00+00:00
27.4,64,1013.2,4.9,0,2025-10-12 04:00:00+00:00
30.1,42,1013.2,5.1,0,2025-10-12 05:00:00+00:00
31.6,34,1013.2,5.8,0,2025-10-12 06:00:00+00:00
32.5,30,1012.2,6.9,0,2025-10-12 07:00:00+00:00
33.0,28,1011.4,8.8,0,2025-10-12 08:00:00+00:00
33.1,26,1010.5,10.6,6,2025-10-12 09:00:00+00:00
33.0,24,1010.0,11.0,9,2025-10-12 10:00:00+00:00
32.5,23,1009.7,10.0,4,2025-10-12 11:00:00+00:00
32.1,21,1010.1,9.3,1,2025-10-12 12:00:00+00:00
30.6,31,1010.3,8.7,0,2025-10-12 13:00:00+00:00
28.7,47,1010.8,8.6,0,2025-10-12 14:00:00+00:00
27.7,56,1011.4,6.8,0,2025-10-12 15:00:00+00:00
26.9,63,1011.8,7.1,0,2025-10-12 16:00:00+00:00
26.4,65,1012.0,6.9,0,2025-10-12 17:00:00+00:00
25.7,72,1012.4,6.3,0,2025-10-12 18:00:00+00:00
25.2,76,1012.1,7.0,0,2025-10-12 19:00:00+00:00
24.6,82,1012.1,7.3,0,2025-10-12 20:00:00+00:00
24.3,86,1011.7,7.6,0,2025-10-12 21:00:00+00:00
24.0,90,1011.7,7.7,0,2025-10-12 22:00:00+00:00
23.8,90,1011.6,8.2,0,2025-10-12 23:00:00+00:00
23.5,88,1011.8,7.4,0,2025-10-13 00:00:00+00:00
23.3,88,1012.1,6.6,0,2025-10-13 01:00:00+00:00
23.2,87,1012.6,5.4,0,2025-10-13 02:00:00+00:00
24.8,79,1013.1,3.6,0,2025-10-13 03:00:00+00:00
27.6,65,1013.5,5.1,0,2025-10-13 04:00:00+00:00
30.0,47,1013.5,7.3,0,2025-10-13 05:00:00+00:00
31.6,36,1013.4,9.7,0,2025-10-13 06:00:00+00:00
32.2,34,1012.7,10.9,0,2025-10-13 07:00:00+00:00
32.5,32,1011.9,12.2,0,2025-10-13 08:00:00+00:00
32.3,32,1011.2,13.0,5,2025-10-13 09:00:00+00:00
32.0,32,1010.6,12.8,12,2025-10-13 10:00:00+00:00
31.3,34,1010.2,12.7,1,2025-10-13 11:00:00+00:00
30.8,35,1010.3,10.8,1,2025-10-13 12:00:00+00:00
29.8,42,1010.5,8.5,0,2025-10-13 13:00:00+00:00
28.6,53,1010.9,6.0,0,2025-10-13 14:00:00+00:00
27.7,61,1011.5,5.1,0,2025-10-13 15:00:00+00:00
27.0,65,1011.8,4.4,0,2025-10-13 16:00:00+00:00
26.3,70,1011.8,6.2,0,2025-10-13 17:00:00+00:00
25.4,76,1011.7,6.4,0,2025-10-13 18:00:00+00:00
25.0,78,1011.6,7.7,0,2025-10-13 19:00:00+00:00
24.4,80,1011.1,7.8,0,2025-10-13 20:00:00+00:00
24.2,80,1010.9,8.0,0,2025-10-13 21:00:00+00:00
24.1,79,1010.4,8.6,0,2025-10-13 22:00:00+00:00
23.9,81,1010.2,9.5,0,2025-10-13 23:00:00+00:00
23.5,86,1010.3,8.9,0,2025-10-14 00:00:00+00:00
23.6,88,1010.7,8.8,0,2025-10-14 01:00:00+00:00
23.7,88,1011.2,8.6,0,2025-10-14 02:00:00+00:00
25.1,80,1011.7,6.2,0,2025-10-14 03:00:00+00:00
27.6,67,1012.1,7.9,0,2025-10-14 04:00:00+00:00
30.0,49,1012.0,8.4,0,2025-10-14 05:00:00+00:00
32.0,34,1011.8,7.5,0,2025-10-14 06:00:00+00:00
33.1,28,1010.9,5.9,0,2025-10-14 07:00:00+00:00
33.5,27,1009.8,8.3,0,2025-10-14 08:00:00+00:00
33.4,29,1009.0,11.5,3,2025-10-14 09:00:00+00:00
32.9,29,1008.4,13.6,36,2025-10-14 10:00:00+00:00
32.0,30,1008.5,13.6,2,2025-10-14 11:00:00+00:00
30.9,34,1008.7,10.6,0,2025-10-14 12:00:00+00:00
29.1,56,1009.0,10.5,0,2025-10-14 13:00:00+00:00
27.8,67,1009.2,8.9,0,2025-10-14 14:00:00+00:00
27.1,72,1009.7,8.4,0,2025-10-14 15:00:00+00:00
26.5,74,1009.8,7.7,0,2025-10-14 16:00:00+00:00
26.4,70,1009.6,8.3,0,2025-10-14 17:00:00+00:00
25.8,73,1009.6,7.9,0,2025-10-14 18:00:00+00:00
25.6,72,1009.3,8.6,0,2025-10-14 19:00:00+00:00
24.9,77,1009.3,8.8,0,2025-10-14 20:00:00+00:00
24.5,78,1009.0,9.2,0,2025-10-14 21:00:00+00:00
24.1,79,1008.8,8.8,0,2025-10-14 22:00:00+00:00
23.6,84,1008.8,9.1,0,2025-10-14 23:00:00+00:00
23.7,86,1009.0,10.0,0,2025-10-15 00:00:00+00:00
23.7,82,1009.3,9.9,0,2025-10-15 01:00:00+00:00
23.9,76,1010.0,9.0,0,2025-10-15 02:00:00+00:00
25.3,66,1010.5,6.7,0,2025-10-15 03:00:00+00:00
28.1,50,1010.8,7.6,0,2025-10-15 04:00:00+00:00
30.7,33,1010.8,9.8,0,2025-10-15 05:00:00+00:00
32.4,26,1010.8,9.0,0,2025-10-15 06:00:00+00:00
33.5,22,1009.9,5.5,0,2025-10-15 07:00:00+00:00
34.1,20,1009.0,4.5,0,2025-10-15 08:00:00+00:00
34.3,21,1008.3,9.3,0,2025-10-15 09:00:00+00:00
33.9,23,1007.8,13.4,2,2025-10-15 10:00:00+00:00
33.1,25,1007.6,15.7,3,2025-10-15 11:00:00+00:00
31.2,32,1008.2,15.7,2,2025-10-15 12:00:00+00:00
29.4,43,1008.8,11.7,0,2025-10-15 13:00:00+00:00
28.1,55,1009.1,9.8,0,2025-10-15 14:00:00+00:00
27.3,63,1009.3,11.3,0,2025-10-15 15:00:00+00:00
26.8,62,1009.8,9.8,0,2025-10-15 16:00:00+00:00
26.4,61,1010.2,7.8,0,2025-10-15 17:00:00+00:00
25.7,65,1010.2,7.8,0,2025-10-15 18:00:00+00:00
25.7,68,1010.0,7.9,0,2025-10-15 19:00:00+00:00
25.2,74,1009.7,8.6,0,2025-10-15 20:00:00+00:00
24.7,77,1009.3,9.7,0,2025-10-15 21:00:00+00:00
24.8,70,1008.9,10.2,0,2025-10-15 22:00:00+00:00
24.8,60,1008.9,10.2,0,2025-10-15 23:00:00+00:00
24.4,58,1009.0,8.8,0,2025-10-16 00:00:00+00:00
24.2,52,1009.5,8.5,0,2025-10-16 01:00:00+00:00
24.3,46,1010.2,8.7,0,2025-10-16 02:00:00+00:00
26.0,39,1010.6,7.1,0,2025-10-16 03:00:00+00:00
28.7,32,1011.1,5.6,0,2025-10-16 04:00:00+00:00
31.6,27,1011.2,5.7,0,2025-10-16 05:00:00+00:00
33.8,19,1011.0,2.4,0,2025-10-16 06:00:00+00:00
34.7,18,1010.0,6.2,0,2025-10-16 07:00:00+00:00
34.8,20,1009.3,8.9,0,2025-10-16 08:00:00+00:00
34.7,22,1008.5,10.7,0,2025-10-16 09:00:00+00:00
34.5,23,1008.1,11.9,0,2025-10-16 10:00:00+00:00
33.9,24,1008.2,13.1,0,2025-10-16 11:00:00+00:00
32.9,26,1008.7,11.7,0,2025-10-16 12:00:00+00:00
31.6,29,1009.0,9.3,0,2025-10-16 13:00:00+00:00
30.3,35,1009.6,7.3,0,2025-10-16 14:00:00+00:00
28.7,44,1010.3,6.9,0,2025-10-16 15:00:00+00:00
27.9,49,1011.0,7.3,0,2025-10-16 16:00:00+00:00
27.5,52,1011.2,8.0,0,2025-10-16 17:00:00+00:00
26.7,54,1011.2,6.8,0,2025-10-16 18:00:00+00:00
26.2,54,1011.0,6.2,0,2025-10-16 19:00:00+00:00
25.6,57,1011.0,4.3,0,2025-10-16 20:00:00+00:00
24.9,60,1010.9,3.6,0,2025-10-16 21:00:00+00:00
24.2,63,1010.8,6.2,0,2025-10-16 22:00:00+00:00
24.1,60,1011.0,8.2,0,2025-10-16 23:00:00+00:00
24.5,52,1011.1,8.7,0,2025-10-17 00:00:00+00:00
24.0,50,1011.3,8.8,0,2025-10-17 01:00:00+00:00
23.9,47,1011.9,9.4,0,2025-10-17 02:00:00+00:00
25.8,40,1012.5,8.7,0,2025-10-17 03:00:00+00:00
29.1,32,1012.4,7.0,0,2025-10-17 04:00:00+00:00
32.1,25,1012.5,7.8,0,2025-10-17 05:00:00+00:00
33.7,20,1012.5,6.5,0,2025-10-17 06:00:00+00:00
34.7,18,1011.4,2.4,0,2025-10-17 07:00:00+00:00
35.1,17,1010.4,3.7,0,2025-10-17 08:00:00+00:00
35.2,18,1009.8,6.7,0,2025-10-17 09:00:00+00:00
35.1,19,1009.2,8.4,0,2025-10-17 10:00:00+00:00
34.1,22,1009.2,13.0,0,2025-10-17 11:00:00+00:00
32.4,24,1009.7,14.1,0,2025-10-17 12:00:00+00:00
31.1,28,1010.2,8.7,0,2025-10-17 13:00:00+00:00
29.7,39,1010.5,10.8,0,2025-10-17 14:00:00+00:00
28.8,42,1011.3,7.1,0,2025-10-17 15:00:00+00:00
28.0,45,1011.9,6.4,0,2025-10-17 16:00:00+00:00
27.4,49,1012.2,6.9,0,2025-10-17 17:00:00+00:00
26.5,54,1012.4,5.4,0,2025-10-17 18:00:00+00:00
25.5,61,1012.1,7.6,0,2025-10-17 19:00:00+00:00
24.8,73,1012.0,9.9,0,2025-10-17 20:00:00+00:00
24.6,83,1011.2,10.6,0,2025-10-17 21:00:00+00:00
24.7,85,1011.0,9.6,0,2025-10-17 22:00:00+00:00
24.5,84,1010.9,9.2,0,2025-10-17 23:00:00+00:00
24.2,76,1010.9,8.9,0,2025-10-18 00:00:00+00:00
23.7,71,1010.9,8.9,0,2025-10-18 01:00:00+00:00
23.3,67,1011.4,8.3,0,2025-10-18 02:00:00+00:00
24.7,57,1011.7,7.0,0,2025-10-18 03:00:00+00:00
27.8,44,1012.1,4.3,0,2025-10-18 04:00:00+00:00
31.3,30,1011.8,4.1,0,2025-10-18 05:00:00+00:00
33.9,22,1011.8,4.0,0,2025-10-18 06:00:00+00:00
34.9,18,1010.8,3.6,0,2025-10-18 07:00:00+00:00
35.2,20,1009.8,7.7,0,2025-10-18 08:00:00+00:00
35.2,22,1009.0,11.4,0,2025-10-18 09:00:00+00:00
34.5,24,1008.5,14.8,0,2025-10-18 10:00:00+00:00
33.7,23,1008.3,13.5,0,2025-10-18 11:00:00+00:00
32.6,28,1008.6,10.1,0,2025-10-18 12:00:00+00:00
30.1,52,1008.8,9.4,0,2025-10-18 13:00:00+00:00
28.6,64,1009.2,7.2,0,2025-10-18 14:00:00+00:00
27.5,71,1010.0,6.3,0,2025-10-18 15:00:00+00:00
26.7,78,1010.3,6.6,0,2025-10-18 16:00:00+00:00
26.0,84,1010.2,5.5,0,2025-10-18 17:00:00+00:00
25.2,86,1010.3,4.8,0,2025-10-18 18:00:00+00:00
24.7,89,1010.1,6.3,5,2025-10-18 19:00:00+00:00
24.2,92,1009.7,8.7,17,2025-10-18 20:00:00+00:00
24.1,90,1009.4,10.5,15,2025-10-18 21:00:00+00:00
24.2,90,1009.1,9.9,6,2025-10-18 22:00:00+00:00
24.3,86,1008.9,9.4,0,2025-10-18 23:00:00+00:00
24.4,77,1009.2,9.7,0,2025-10-19 00:00:00+00:00
24.3,69,1009.2,8.7,0,2025-10-19 01:00:00+00:00
24.2,66,1009.7,8.2,0,2025-10-19 02:00:00+00:00
25.7,56,1010.2,6.2,0,2025-10-19 03:00:00+00:00
28.8,44,1010.8,3.9,0,2025-10-19 04:00:00+00:00
31.8,31,1010.9,4.7,0,2025-10-19 05:00:00+00:00
33.8,22,1010.8,7.3,0,2025-10-19 06:00:00+00:00
34.7,20,1010.1,8.8,0,2025-10-19 07:00:00+00:00
35.2,19,1009.0,9.9,0,2025-10-19 08:00:00+00:00
35.3,19,1008.3,11.3,0,2025-10-19 09:00:00+00:00
35.0,18,1007.6,13.0,0,2025-10-19 10:00:00+00:00
34.2,18,1007.2,13.5,0,2025-10-19 11:00:00+00:00
33.4,18,1007.5,12.2,0,2025-10-19 12:00:00+00:00
31.5,27,1007.7,10.5,0,2025-10-19 13:00:00+00:00
29.4,38,1008.0,10.2,0,2025-10-19 14:00:00+00:00
28.0,48,1008.3,8.6,0,2025-10-19 15:00:00+00:00
27.3,57,1008.8,7.5,0,2025-10-19 16:00:00+00:00
26.7,68,1009.0,8.3,0,2025-10-19 17:00:00+00:00
26.0,75,1009.0,8.8,0,2025-10-19 18:00:00+00:00
25.8,76,1008.9,9.0,0,2025-10-19 19:00:00+00:00
25.3,75,1008.7,8.8,0,2025-10-19 20:00:00+00:00
24.8,73,1008.4,8.9,0,2025-10-19 21:00:00+00:00
24.5,73,1008.4,11.5,0,2025-10-19 22:00:00+00:00
24.6,71,1008.1,10.7,0,2025-10-19 23:00:00+00:00
24.6,64,1008.2,9.4,0,2025-10-20 00:00:00+00:00
24.5,59,1008.4,8.9,0,2025-10-20 01:00:00+00:00
24.4,54,1009.0,8.8,0,2025-10-20 02:00:00+00:00
26.2,41,1009.4,7.7,0,2025-10-20 03:00:00+00:00
29.4,30,1010.0,6.2,0,2025-10-20 04:00:00+00:00
32.6,21,1010.1,9.0,0,2025-10-20 05:00:00+00:00
34.3,18,1010.1,9.1,0,2025-10-20 06:00:00+00:00
35.3,15,1009.4,7.3,0,2025-10-20 07:00:00+00:00
35.7,14,1008.6,6.2,0,2025-10-20 08:00:00+00:00
36.1,14,1007.6,8.2,0,2025-10-20 09:00:00+00:00
36.1,14,1007.0,11.7,0,2025-10-20 10:00:00+00:00
35.3,16,1006.6,14.8,0,2025-10-20 11:00:00+00:00
32.8,22,1007.0,14.1,0,2025-10-20 12:00:00+00:00
30.4,33,1007.4,8.7,0,2025-10-20 13:00:00+00:00
28.9,44,1008.2,8.3,0,2025-10-20 14:00:00+00:00
28.1,50,1009.1,5.0,0,2025-10-20 15:00:00+00:00
27.7,51,1009.7,3.1,0,2025-10-20 16:00:00+00:00
27.2,53,1010.0,6.0,0,2025-10-20 17:00:00+00:00
26.3,60,1010.1,8.1,0,2025-10-20 18:00:00+00:00
25.9,61,1009.9,8.5,0,2025-10-20 19:00:00+00:00
25.3,61,1009.9,8.4,0,2025-10-20 20:00:00+00:00
24.9,63,1009.9,10.8,0,2025-10-20 21:00:00+00:00
25.3,61,1009.8,10.9,0,2025-10-20 22:00:00+00:00
25.3,57,1009.7,9.6,0,2025-10-20 23:00:00+00:00
24.5,60,1009.6,7.3,0,2025-10-21 00:00:00+00:00
23.8,60,1009.9,7.4,0,2025-10-21 01:00:00+00:00
23.8,53,1010.9,7.6,0,2025-10-21 02:00:00+00:00
25.6,41,1011.7,5.6,0,2025-10-21 03:00:00+00:00
28.3,32,1012.2,2.8,0,2025-10-21 04:00:00+00:00
31.4,26,1012.3,1.7,0,2025-10-21 05:00:00+00:00
33.1,24,1012.4,1.4,0,2025-10-21 06:00:00+00:00
34.7,21,1011.6,1.9,0,2025-10-21 07:00:00+00:00
35.3,19,1010.5,4.1,0,2025-10-21 08:00:00+00:00
35.9,18,1009.5,5.9,0,2025-10-21 09:00:00+00:00
36.0,18,1009.0,6.3,9,2025-10-21 10:00:00+00:00
35.3,22,1008.6,8.7,11,2025-10-21 11:00:00+00:00
33.3,32,1009.2,11.2,1,2025-10-21 12:00:00+00:00
31.8,37,1009.6,9.5,0,2025-10-21 13:00:00+00:00
30.9,40,1010.2,8.3,0,2025-10-21 14:00:00+00:00
30.7,36,1010.8,8.3,0,2025-10-21 15:00:00+00:00
30.3,33,1011.4,8.5,0,2025-10-21 16:00:00+00:00
29.3,33,1011.6,7.8,0,2025-10-21 17:00:00+00:00
28.4,36,1011.7,5.8,0,2025-10-21 18:00:00+00:00
28.0,37,1011.9,6.3,0,2025-10-21 19:00:00+00:00
27.2,39,1011.9,7.0,0,2025-10-21 20:00:00+00:00
26.8,41,1011.7,7.0,0,2025-10-21 21:00:00+00:00
26.5,42,1011.7,8.4,0,2025-10-21 22:00:00+00:00
26.4,41,1011.8,9.7,0,2025-10-21 23:00:00+00:00
26.6,40,1012.1,11.3,0,2025-10-22 00:00:00+00:00
26.3,41,1012.3,11.9,0,2025-10-22 01:00:00+00:00
26.1,41,1013.1,11.4,0,2025-10-22 02:00:00+00:00
27.2,39,1013.8,10.6,0,2025-10-22 03:00:00+00:00
29.8,33,1014.2,8.1,0,2025-10-22 04:00:00+00:00
33.0,26,1014.3,9.5,0,2025-10-22 05:00:00+00:00
34.5,22,1013.9,11.8,0,2025-10-22 06:00:00+00:00
35.4,20,1012.8,13.0,0,2025-10-22 07:00:00+00:00
36.0,18,1011.6,13.1,0,2025-10-22 08:00:00+00:00
36.4,17,1010.6,13.0,0,2025-10-22 09:00:00+00:00
36.5,16,1009.6,12.9,0,2025-10-22 10:00:00+00:00
36.0,16,1009.5,12.2,0,2025-10-22 11:00:00+00:00
35.6,16,1009.7,12.2,0,2025-10-22 12:00:00+00:00
34.5,18,1010.2,12.0,0,2025-10-22 13:00:00+00:00
33.6,21,1010.5,12.9,0,2025-10-22 14:00:00+00:00
32.5,24,1011.1,9.8,0,2025-10-22 15:00:00+00:00
31.3,26,1011.3,8.5,0,2025-10-22 16:00:00+00:00
30.2,29,1011.4,8.3,0,2025-10-22 17:00:00+00:00
29.2,33,1011.6,7.2,0,2025-10-22 18:00:00+00:00
28.5,34,1011.5,6.1,0,2025-10-22 19:00:00+00:00
27.4,37,1011.3,6.9,0,2025-10-22 20:00:00+00:00
26.3,40,1011.2,7.3,0,2025-10-22 21:00:00+00:00
25.7,42,1011.1,8.5,0,2025-10-22 22:00:00+00:00
25.1,43,1011.0,9.0,0,2025-10-22 23:00:00+00:00
24.4,47,1011.4,9.3,0,2025-10-23 00:00:00+00:00
24.6,46,1011.7,9.5,0,2025-10-23 01:00:00+00:00
24.8,44,1012.0,9.8,0,2025-10-23 02:00:00+00:00
26.0,41,1012.4,9.7,0,2025-10-23 03:00:00+00:00
28.8,34,1012.6,6.4,0,2025-10-23 04:00:00+00:00
32.4,26,1012.5,6.4,0,2025-10-23 05:00:00+00:00
34.6,20,1012.1,5.2,0,2025-10-23 06:00:00+00:00
35.6,17,1011.1,4.0,0,2025-10-23 07:00:00+00:00
36.1,14,1009.9,3.1,0,2025-10-23 08:00:00+00:00
36.0,14,1009.1,5.1,0,2025-10-23 09:00:00+00:00
34.9,27,1008.5,11.3,0,2025-10-23 10:00:00+00:00
34.5,28,1008.2,11.2,0,2025-10-23 11:00:00+00:00
33.9,26,1008.4,12.7,0,2025-10-23 12:00:00+00:00
32.5,26,1008.7,9.7,0,2025-10-23 13:00:00+00:00
31.2,28,1009.2,6.6,0,2025-10-23 14:00:00+00:00
29.6,34,1009.8,6.4,0,2025-10-23 15:00:00+00:00
28.8,40,1010.4,7.1,0,2025-10-23 16:00:00+00:00
28.0,43,1010.3,6.9,0,2025-10-23 17:00:00+00:00
27.2,45,1010.4,4.0,0,2025-10-23 18:00:00+00:00
27.1,42,1010.4,5.7,0,2025-10-23 19:00:00+00:00
26.2,45,1010.2,7.0,0,2025-10-23 20:00:00+00:00
25.6,46,1009.7,7.5,0,2025-10-23 21:00:00+00:00
25.1,45,1010.0,8.8,0,2025-10-23 22:00:00+00:00
24.7,44,1009.8,10.4,0,2025-10-23 23:00:00+00:00
24.4,47,1010.1,8.6,0,2025-10-24 00:00:00+00:00
24.2,45,1010.5,8.9,0,2025-10-24 01:00:00+00:00
24.2,43,1010.9,8.5,0,2025-10-24 02:00:00+00:00
25.7,36,1011.3,7.2,0,2025-10-24 03:00:00+00:00
28.8,29,1011.8,5.7,0,2025-10-24 04:00:00+00:00
32.5,22,1011.8,5.2,0,2025-10-24 05:00:00+00:00
34.6,16,1011.4,3.6,0,2025-10-24 06:00:00+00:00
35.4,15,1010.8,3.6,0,2025-10-24 07:00:00+00:00
35.9,14,1009.7,4.4,0,2025-10-24 08:00:00+00:00
36.1,15,1008.7,6.7,0,2025-10-24 09:00:00+00:00
36.0,17,1008.0,8.6,0,2025-10-24 10:00:00+00:00
35.3,21,1007.5,8.7,0,2025-10-24 11:00:00+00:00
34.4,22,1007.8,10.9,0,2025-10-24 12:00:00+00:00
32.5,28,1008.1,11.4,0,2025-10-24 13:00:00+00:00
30.9,30,1008.6,10.1,0,2025-10-24 14:00:00+00:00
29.8,31,1009.3,8.0,0,2025-10-24 15:00:00+00:00
28.9,35,1009.5,7.5,0,2025-10-24 16:00:00+00:00
28.3,37,1009.4,6.7,0,2025-10-24 17:00:00+00:00
27.8,37,1009.2,5.5,0,2025-10-24 18:00:00+00:00
27.9,33,1008.6,6.3,0,2025-10-24 19:00:00+00:00
26.4,35,1008.3,6.5,0,2025-10-24 20:00:00+00:00
24.8,39,1008.4,8.8,0,2025-10-24 21:00:00+00:00
24.9,37,1008.3,10.8,0,2025-10-24 22:00:00+00:00
25.6,34,1008.3,11.0,0,2025-10-24 23:00:00+00:00
25.1,37,1008.9,9.4,0,2025-10-25 00:00:00+00:00
25.0,35,1009.1,9.5,0,2025-10-25 01:00:00+00:00
25.1,33,1009.6,9.5,0,2025-10-25 02:00:00+00:00
26.2,31,1010.2,8.1,0,2025-10-25 03:00:00+00:00
29.2,26,1010.4,8.0,0,2025-10-25 04:00:00+00:00
32.7,20,1010.5,6.0,0,2025-10-25 05:00:00+00:00
34.9,16,1010.3,5.1,0,2025-10-25 06:00:00+00:00
35.8,14,1009.4,5.3,0,2025-10-25 07:00:00+00:00
36.2,13,1008.4,3.6,0,2025-10-25 08:00:00+00:00
36.3,13,1007.4,2.7,0,2025-10-25 09:00:00+00:00
36.0,16,1006.8,4.8,0,2025-10-25 10:00:00+00:00
35.5,21,1006.5,5.5,0,2025-10-25 11:00:00+00:00
34.6,25,1006.5,6.9,0,2025-10-25 12:00:00+00:00
33.1,30,1006.8,9.2,0,2025-10-25 13:00:00+00:00
32.1,26,1007.3,9.7,0,2025-10-25 14:00:00+00:00
31.4,25,1008.2,9.0,0,2025-10-25 15:00:00+00:00
29.9,31,1008.8,8.8,0,2025-10-25 16:00:00+00:00
28.8,31,1008.9,9.0,0,2025-10-25 17:00:00+00:00
28.3,28,1008.8,8.0,0,2025-10-25 18:00:00+00:00
28.2,27,1008.6,8.5,0,2025-10-25 19:00:00+00:00
27.9,26,1008.5,7.5,0,2025-10-25 20:00:00+00:00
27.5,27,1008.3,7.7,0,2025-10-25 21:00:00+00:00
26.6,29,1008.3,8.8,0,2025-10-25 22:00:00+00:00
25.8,31,1008.3,9.2,0,2025-10-25 23:00:00+00:00
25.1,33,1008.3,9.3,0,2025-10-26 00:00:00+00:00
24.8,34,1008.5,9.5,0,2025-10-26 01:00:00+00:00
25.4,33,1009.2,11.1,0,2025-10-26 02:00:00+00:00
27.4,28,1009.6,11.9,0,2025-10-26 03:00:00+00:00
29.9,25,1010.2,9.6,0,2025-10-26 04:00:00+00:00
32.5,22,1010.3,11.0,0,2025-10-26 05:00:00+00:00
34.2,18,1010.0,12.8,0,2025-10-26 06:00:00+00:00
35.0,17,1009.1,14.0,25,2025-10-26 07:00:00+00:00
35.5,17,1008.2,14.8,0,2025-10-26 08:00:00+00:00
35.6,16,1007.3,14.8,0,2025-10-26 09:00:00+00:00
35.7,16,1006.3,15.2,0,2025-10-26 10:00:00+00:00
35.4,16,1005.8,16.7,1,2025-10-26 11:00:00+00:00
34.9,15,1006.5,17.3,2,2025-10-26 12:00:00+00:00
33.8,17,1006.8,14.8,1,2025-10-26 13:00:00+00:00
32.8,20,1007.3,13.6,2,2025-10-26 14:00:00+00:00
31.5,23,1007.9,15.3,1,2025-10-26 15:00:00+00:00
30.9,25,1008.7,16.4,0,2025-10-26 16:00:00+00:00
30.0,26,1008.7,13.8,0,2025-10-26 17:00:00+00:00
29.2,28,1008.4,12.3,18,2025-10-26 18:00:00+00:00
28.7,29,1007.9,12.8,44,2025-10-26 19:00:00+00:00
28.7,29,1007.6,14.9,23,2025-10-26 20:00:00+00:00
28.6,28,1007.4,14.5,13,2025-10-26 21:00:00+00:00
27.7,29,1007.3,12.5,19,2025-10-26 22:00:00+00:00
27.1,30,1007.3,12.8,3,2025-10-26 23:00:00+00:00
26.9,30,1007.5,13.2,5,2025-10-27 00:00:00+00:00
26.5,30,1008.0,13.3,48,2025-10-27 01:00:00+00:00
26.3,30,1008.7,13.2,68,2025-10-27 02:00:00+00:00
27.5,28,1009.3,11.8,11,2025-10-27 03:00:00+00:00
29.6,24,1009.9,11.8,5,2025-10-27 04:00:00+00:00
31.8,21,1010.2,15.9,20,2025-10-27 05:00:00+00:00
33.5,20,1010.0,17.9,21,2025-10-27 06:00:00+00:00
34.3,18,1009.1,20.2,5,2025-10-27 07:00:00+00:00
34.9,17,1008.2,21.3,11,2025-10-27 08:00:00+00:00
35.2,15,1007.2,21.3,5,2025-10-27 09:00:00+00:00
35.1,15,1006.5,21.6,11,2025-10-27 10:00:00+00:00
34.5,18,1006.5,21.7,39,2025-10-27 11:00:00+00:00
33.8,19,1006.8,20.5,26,2025-10-27 12:00:00+00:00
32.6,21,1007.3,16.6,1,2025-10-27 13:00:00+00:00
31.3,24,1008.0,14.7,20,2025-10-27 14:00:00+00:00
30.1,27,1008.8,13.3,44,2025-10-27 15:00:00+00:00
28.9,30,1009.4,11.9,32,2025-10-27 16:00:00+00:00
28.4,30,1009.3,12.7,46,2025-10-27 17:00:00+00:00
28.5,28,1009.0,15.6,100,2025-10-27 18:00:00+00:00
29.0,26,1008.6,16.6,91,2025-10-27 19:00:00+00:00
28.6,26,1008.6,16.1,90,2025-10-27 20:00:00+00:00
27.9,27,1008.6,16.4,100,2025-10-27 21:00:00+00:00
27.0,30,1008.7,14.8,100,2025-10-27 22:00:00+00:00
26.2,35,1008.4,14.1,95,2025-10-27 23:00:00+00:00
25.7,38,1008.7,13.4,98,2025-10-28 00:00:00+00:00
25.6,40,1009.3,13.9,100,2025-10-28 01:00:00+00:00
25.5,43,1010.1,13.9,99,2025-10-28 02:00:00+00:00
26.3,43,1010.9,11.8,100,2025-10-28 03:00:00+00:00
27.9,42,1011.0,12.9,97,2025-10-28 04:00:00+00:00
29.9,40,1010.9,15.9,2,2025-10-28 05:00:00+00:00
31.5,32,1010.6,19.9,29,2025-10-28 06:00:00+00:00
32.6,26,1009.6,21.9,38,2025-10-28 07:00:00+00:00
33.2,24,1008.5,22.7,84,2025-10-28 08:00:00+00:00
33.6,23,1007.6,22.8,70,2025-10-28 09:00:00+00:00
33.5,25,1007.0,22.4,83,2025-10-28 10:00:00+00:00
32.9,29,1006.7,22.4,70,2025-10-28 11:00:00+00:00
32.9,26,1007.2,21.8,4,2025-10-28 12:00:00+00:00
31.8,29,1007.7,17.4,6,2025-10-28 13:00:00+00:00
30.7,32,1008.3,14.7,0,2025-10-28 14:00:00+00:00
29.7,35,1009.2,12.2,0,2025-10-28 15:00:00+00:00
28.9,36,1009.7,12.5,0,2025-10-28 16:00:00+00:00
28.5,37,1009.9,13.7,0,2025-10-28 17:00:00+00:00
28.3,38,1010.0,13.9,3,2025-10-28 18:00:00+00:00
28.2,39,1010.0,15.3,57,2025-10-28 19:00:00+00:00
27.8,39,1009.7,15.7,34,2025-10-28 20:00:00+00:00
27.2,40,1009.4,15.4,0,2025-10-28 21:00:00+00:00
26.8,41,1009.1,14.5,16,2025-10-28 22:00:00+00:00
26.1,44,1008.9,13.5,10,2025-10-28 23:00:00+00:00
25.4,48,1009.4,13.0,0,2025-10-29 00:00:00+00:00
25.0,50,1009.5,14.1,0,2025-10-29 01:00:00+00:00
24.9,51,1010.1,13.7,0,2025-10-29 02:00:00+00:00
25.7,50,1010.8,11.5,0,2025-10-29 03:00:00+00:00
27.3,46,1010.9,13.0,0,2025-10-29 04:00:00+00:00
29.1,43,1010.9,16.3,0,2025-10-29 05:00:00+00:00
30.4,34,1010.4,22.5,0,2025-10-29 06:00:00+00:00
31.6,28,1009.6,22.4,0,2025-10-29 07:00:00+00:00
32.4,25,1008.4,21.2,0,2025-10-29 08:00:00+00:00
32.9,24,1007.4,20.6,0,2025-10-29 09:00:00+00:00
32.8,27,1006.9,19.8,9,2025-10-29 10:00:00+00:00
32.8,25,1006.7,19.9,0,2025-10-29 11:00:00+00:00
32.3,25,1006.6,20.1,0,2025-10-29 12:00:00+00:00
31.6,27,1007.0,15.8,0,2025-10-29 13:00:00+00:00
30.7,29,1007.5,15.7,0,2025-10-29 14:00:00+00:00
30.0,30,1008.2,15.4,0,2025-10-29 15:00:00+00:00
29.2,32,1008.5,14.1,0,2025-10-29 16:00:00+00:00
28.2,34,1008.6,12.5,0,2025-10-29 17:00:00+00:00
27.6,36,1008.4,12.3,0,2025-10-29 18:00:00+00:00
27.5,36,1008.1,12.5,0,2025-10-29 19:00:00+00:00
27.5,35,1007.8,13.4,0,2025-10-29 20:00:00+00:00
27.2,36,1007.7,14.2,0,2025-10-29 21:00:00+00:00
26.8,38,1007.8,13.5,1,2025-10-29 22:00:00+00:00
26.2,40,1008.0,12.4,0,2025-10-29 23:00:00+00:00
25.8,43,1007.9,13.2,0,2025-10-30 00:00:00+00:00
25.4,45,1008.5,12.8,0,2025-10-30 01:00:00+00:00
25.1,47,1009.2,12.3,0,2025-10-30 02:00:00+00:00
25.9,46,1009.9,9.9,0,2025-10-30 03:00:00+00:00
27.7,42,1010.2,10.8,0,2025-10-30 04:00:00+00:00
30.1,37,1010.2,12.5,0,2025-10-30 05:00:00+00:00
31.7,33,1010.3,20.3,0,2025-10-30 06:00:00+00:00
32.5,32,1009.5,20.3,0,2025-10-30 07:00:00+00:00
33.1,30,1008.3,19.5,0,2025-10-30 08:00:00+00:00
33.4,30,1007.3,18.4,66,2025-10-30 09:00:00+00:00
33.4,31,1006.8,18.2,51,2025-10-30 10:00:00+00:00
33.1,32,1006.5,17.9,92,2025-10-30 11:00:00+00:00
33.0,30,1006.6,17.1,52,2025-10-30 12:00:00+00:00
32.4,31,1007.3,15.3,77,2025-10-30 13:00:00+00:00
31.6,32,1008.0,14.3,87,2025-10-30 14:00:00+00:00
30.9,31,1008.8,14.2,96,2025-10-30 15:00:00+00:00
30.3,31,1009.6,13.6,99,2025-10-30 16:00:00+00:00
29.5,32,1009.7,12.8,72,2025-10-30 17:00:00+00:00
28.4,35,1009.8,11.4,88,2025-10-30 18:00:00+00:00
28.0,34,1009.7,11.5,98,2025-10-30 19:00:00+00:00
27.6,34,1009.4,11.4,71,2025-10-30 20:00:00+00:00
27.3,34,1009.3,11.5,11,2025-10-30 21:00:00+00:00
26.9,34,1008.9,12.2,0,2025-10-30 22:00:00+00:00
26.6,35,1008.9,12.5,11,2025-10-30 23:00:00+00:00
26.3,36,1009.1,10.5,0,2025-10-31 00:00:00+00:00
25.8,38,1009.5,8.7,0,2025-10-31 01:00:00+00:00
25.3,40,1010.5,8.4,0,2025-10-31 02:00:00+00:00
26.0,39,1011.1,7.8,0,2025-10-31 03:00:00+00:00
28.1,35,1011.4,6.8,0,2025-10-31 04:00:00+00:00
30.9,30,1011.5,9.0,0,2025-10-31 05:00:00+00:00
32.8,26,1011.1,10.5,0,2025-10-31 06:00:00+00:00
33.6,24,1010.3,8.9,0,2025-10-31 07:00:00+00:00
33.8,22,1009.3,4.6,0,2025-10-31 08:00:00+00:00
33.9,22,1008.6,2.6,0,2025-10-31 09:00:00+00:00
32.9,34,1008.1,8.1,3,2025-10-31 10:00:00+00:00
32.6,39,1007.8,7.3,36,2025-10-31 11:00:00+00:00
32.5,35,1007.9,3.4,73,2025-10-31 12:00:00+00:00
31.0,48,1008.1,3.5,16,2025-10-31 13:00:00+00:00
29.8,56,1008.6,1.3,31,2025-10-31 14:00:00+00:00
29.8,51,1009.3,5.1,17,2025-10-31 15:00:00+00:00
30.8,30,1009.9,6.2,7,2025-10-31 16:00:00+00:00
29.8,26,1009.9,4.8,11,2025-10-31 17:00:00+00:00
27.7,30,1010.0,6.2,0,2025-10-31 18:00:00+00:00
26.3,34,1009.6,8.6,2,2025-10-31 19:00:00+00:00
25.2,38,1009.6,10.6,2,2025-10-31 20:00:00+00:00
24.6,40,1009.6,9.8,0,2025-10-31 21:00:00+00:00
24.4,40,1009.3,8.7,2,2025-10-31 22:00:00+00:00
24.1,40,1009.2,8.9,13,2025-10-31 23:00:00+00:00
23.6,42,1009.1,8.6,32,2025-11-01 00:00:00+00:00
23.3,42,1009.5,8.9,10,2025-11-01 01:00:00+00:00
23.5,40,1010.4,8.5,39,2025-11-01 02:00:00+00:00
24.6,37,1011.3,5.7,5,2025-11-01 03:00:00+00:00
27.2,32,1011.7,3.8,5,2025-11-01 04:00:00+00:00
30.3,26,1011.8,2.5,3,2025-11-01 05:00:00+00:00
32.2,23,1011.6,3.2,0,2025-11-01 06:00:00+00:00
32.8,23,1010.8,7.1,0,2025-11-01 07:00:00+00:00
32.9,25,1009.8,9.2,10,2025-11-01 08:00:00+00:00
33.0,25,1009.0,9.6,6,2025-11-01 09:00:00+00:00
32.9,23,1008.3,10.1,4,2025-11-01 10:00:00+00:00
32.6,23,1008.1,9.2,0,2025-11-01 11:00:00+00:00
31.9,25,1008.5,8.0,2,2025-11-01 12:00:00+00:00
30.0,39,1008.9,7.5,1,2025-11-01 13:00:00+00:00
28.2,51,1009.4,7.1,7,2025-11-01 14:00:00+00:00
27.2,58,1010.0,8.0,4,2025-11-01 15:00:00+00:00
26.5,63,1010.7,6.9,0,2025-11-01 16:00:00+00:00
25.5,70,1010.7,8.7,5,2025-11-01 17:00:00+00:00
25.0,71,1010.5,7.8,84,2025-11-01 18:00:00+00:00
24.3,72,1010.3,8.7,69,2025-11-01 19:00:00+00:00
23.7,72,1010.1,10.6,98,2025-11-01 20:00:00+00:00
23.6,74,1010.1,11.5,88,2025-11-01 21:00:00+00:00
23.6,73,1009.7,9.7,5,2025-11-01 22:00:00+00:00
23.4,71,1009.6,8.7,0,2025-11-01 23:00:00+00:00
23.1,69,1009.9,7.2,3,2025-11-02 00:00:00+00:00
22.7,65,1010.1,6.7,6,2025-11-02 01:00:00+00:00
22.5,60,1010.7,6.7,2,2025-11-02 02:00:00+00:00
23.7,49,1011.3,5.6,0,2025-11-02 03:00:00+00:00
26.9,39,1011.8,4.5,0,2025-11-02 04:00:00+00:00
30.5,28,1011.8,4.0,0,2025-11-02 05:00:00+00:00
32.7,22,1011.9,4.1,0,2025-11-02 06:00:00+00:00
33.6,19,1011.1,6.2,0,2025-11-02 07:00:00+00:00
33.9,21,1010.2,8.9,0,2025-11-02 08:00:00+00:00
33.9,22,1009.4,10.6,0,2025-11-02 09:00:00+00:00
33.5,22,1008.8,11.1,0,2025-11-02 10:00:00+00:00
32.7,23,1008.6,11.0,0,2025-11-02 11:00:00+00:00
31.5,29,1009.3,10.3,0,2025-11-02 12:00:00+00:00
29.7,42,1009.4,8.2,0,2025-11-02 13:00:00+00:00
27.9,52,1009.7,8.0,0,2025-11-02 14:00:00+00:00
26.6,63,1010.2,7.2,0,2025-11-02 15:00:00+00:00
25.9,71,1010.8,7.4,0,2025-11-02 16:00:00+00:00
25.2,76,1010.9,7.5,0,2025-11-02 17:00:00+00:00
24.4,80,1010.9,7.4,0,2025-11-02 18:00:00+00:00
24.1,79,1010.6,7.0,0,2025-11-02 19:00:00+00:00
23.5,81,1010.3,9.8,0,2025-11-02 20:00:00+00:00
23.4,87,1009.8,10.2,0,2025-11-02 21:00:00+00:00
23.4,92,1009.3,9.6,0,2025-11-02 22:00:00+00:00
23.0,95,1009.1,7.1,2,2025-11-02 23:00:00+00:00
22.5,88,1009.3,5.2,0,2025-11-03 00:00:00+00:00
22.1,87,1009.2,5.0,0,2025-11-03 01:00:00+00:00
21.5,88,1009.7,6.0,4,2025-11-03 02:00:00+00:00
22.2,84,1010.6,5.4,4,2025-11-03 03:00:00+00:00
24.5,78,1010.9,4.2,17,2025-11-03 04:00:00+00:00
26.7,75,1010.9,5.9,16,2025-11-03 05:00:00+00:00
28.9,66,1011.0,8.7,5,2025-11-03 06:00:00+00:00
30.1,57,1009.7,10.7,0,2025-11-03 07:00:00+00:00
30.4,54,1009.0,13.2,1,2025-11-03 08:00:00+00:00
30.1,56,1008.0,13.6,4,2025-11-03 09:00:00+00:00
29.6,57,1007.3,13.8,2,2025-11-03 10:00:00+00:00
28.9,58,1007.1,13.1,0,2025-11-03 11:00:00+00:00
27.7,72,1007.2,11.5,0,2025-11-03 12:00:00+00:00
26.8,80,1007.3,10.9,2,2025-11-03 13:00:00+00:00
26.4,83,1007.7,11.8,0,2025-11-03 14:00:00+00:00
26.1,86,1008.2,11.2,0,2025-11-03 15:00:00+00:00
26.0,87,1009.0,10.5,0,2025-11-03 16:00:00+00:00
25.7,88,1009.5,6.9,0,2025-11-03 17:00:00+00:00
25.5,90,1009.2,8.0,0,2025-11-03 18:00:00+00:00
25.6,91,1008.8,10.4,0,2025-11-03 19:00:00+00:00
25.5,91,1008.2,10.2,0,2025-11-03 20:00:00+00:00
25.4,92,1007.8,7.6,0,2025-11-03 21:00:00+00:00
24.5,94,1007.6,7.2,5,2025-11-03 22:00:00+00:00
23.5,94,1007.5,8.4,48,2025-11-03 23:00:00+00:00
22.2,95,1007.7,9.4,87,2025-11-04 00:00:00+00:00
21.6,85,1008.1,12.3,1,2025-11-04 01:00:00+00:00
22.4,68,1009.1,13.8,0,2025-11-04 02:00:00+00:00
23.7,54,1009.9,11.1,0,2025-11-04 03:00:00+00:00
26.6,37,1010.4,11.6,0,2025-11-04 04:00:00+00:00
30.5,21,1010.7,13.5,0,2025-11-04 05:00:00+00:00
33.0,16,1010.6,15.4,0,2025-11-04 06:00:00+00:00
33.9,12,1009.8,16.4,0,2025-11-04 07:00:00+00:00
34.6,13,1008.5,15.7,0,2025-11-04 08:00:00+00:00
34.8,13,1007.9,16.1,0,2025-11-04 09:00:00+00:00
34.9,11,1007.4,16.3,0,2025-11-04 10:00:00+00:00
34.4,10,1007.4,16.5,0,2025-11-04 11:00:00+00:00
32.7,17,1007.7,12.2,0,2025-11-04 12:00:00+00:00
30.3,29,1007.9,12.7,0,2025-11-04 13:00:00+00:00
29.2,31,1008.0,11.9,0,2025-11-04 14:00:00+00:00
28.2,33,1008.7,12.6,0,2025-11-04 15:00:00+00:00
27.1,40,1009.2,13.1,0,2025-11-04 16:00:00+00:00
26.9,29,1009.6,14.5,0,2025-11-04 17:00:00+00:00
26.5,18,1009.6,15.2,0,2025-11-04 18:00:00+00:00
25.8,16,1009.5,15.6,0,2025-11-04 19:00:00+00:00
24.8,16,1009.2,16.0,0,2025-11-04 20:00:00+00:00
23.8,17,1009.0,14.3,0,2025-11-04 21:00:00+00:00
22.5,19,1008.8,12.9,0,2025-11-04 22:00:00+00:00
21.7,22,1009.0,13.1,0,2025-11-04 23:00:00+00:00
21.8,25,1009.5,12.6,0,2025-11-05 00:00:00+00:00
22.2,24,1009.8,13.5,0,2025-11-05 01:00:00+00:00
22.1,24,1010.5,12.5,0,2025-11-05 02:00:00+00:00
23.2,23,1011.3,9.9,0,2025-11-05 03:00:00+00:00
25.9,19,1012.1,5.5,0,2025-11-05 04:00:00+00:00
29.0,16,1012.4,4.8,19,2025-11-05 05:00:00+00:00
31.6,13,1012.4,3.8,63,2025-11-05 06:00:00+00:00
33.4,11,1011.7,4.0,31,2025-11-05 07:00:00+00:00
34.2,7,1010.7,1.7,52,2025-11-05 08:00:00+00:00
34.2,8,1010.0,3.5,40,2025-11-05 09:00:00+00:00
32.8,24,1009.4,8.6,2,2025-11-05 10:00:00+00:00
32.1,28,1009.1,10.2,5,2025-11-05 11:00:00+00:00
31.0,29,1009.4,9.8,1,2025-11-05 12:00:00+00:00
29.5,28,1009.8,10.8,0,2025-11-05 13:00:00+00:00
28.3,27,1010.4,9.6,0,2025-11-05 14:00:00+00:00
27.2,37,1011.2,7.8,0,2025-11-05 15:00:00+00:00
26.2,44,1011.7,5.6,0,2025-11-05 16:00:00+00:00
25.4,45,1011.9,5.2,0,2025-11-05 17:00:00+00:00
23.9,43,1012.3,4.5,0,2025-11-05 18:00:00+00:00
23.3,37,1012.0,6.3,0,2025-11-05 19:00:00+00:00
22.2,32,1011.8,6.8,0,2025-11-05 20:00:00+00:00
21.5,30,1011.6,8.6,0,2025-11-05 21:00:00+00:00
21.4,32,1011.4,7.9,0,2025-11-05 22:00:00+00:00
21.1,37,1011.2,6.3,0,2025-11-05 23:00:00+00:00
20.6,40,1011.5,5.3,0,2025-11-06 00:00:00+00:00
20.5,38,1011.9,5.9,0,2025-11-06 01:00:00+00:00
20.3,35,1012.6,5.3,0,2025-11-06 02:00:00+00:00
21.1,30,1013.3,4.0,0,2025-11-06 03:00:00+00:00
24.3,24,1013.9,4.1,0,2025-11-06 04:00:00+00:00
27.5,21,1014.2,1.8,0,2025-11-06 05:00:00+00:00
29.6,21,1014.3,1.4,0,2025-11-06 06:00:00+00:00
31.1,16,1013.6,4.5,0,2025-11-06 07:00:00+00:00
31.5,16,1012.7,6.8,0,2025-11-06 08:00:00+00:00
31.6,18,1012.0,9.9,0,2025-11-06 09:00:00+00:00
30.9,23,1011.4,12.1,0,2025-11-06 10:00:00+00:00
29.9,26,1011.2,12.1,0,2025-11-06 11:00:00+00:00
28.3,36,1011.5,10.3,0,2025-11-06 12:00:00+00:00
26.5,55,1011.9,8.7,0,2025-11-06 13:00:00+00:00
25.4,63,1012.5,7.9,0,2025-11-06 14:00:00+00:00
24.7,67,1013.1,7.8,0,2025-11-06 15:00:00+00:00
24.0,72,1013.5,8.1,0,2025-11-06 16:00:00+00:00
23.3,76,1013.7,7.7,0,2025-11-06 17:00:00+00:00
22.2,81,1013.9,5.4,0,2025-11-06 18:00:00+00:00
21.5,83,1013.6,6.3,0,2025-11-06 19:00:00+00:00
21.0,84,1013.1,6.6,0,2025-11-06 20:00:00+00:00
20.7,84,1013.2,7.1,0,2025-11-06 21:00:00+00:00
20.4,85,1013.2,7.1,1,2025-11-06 22:00:00+00:00
19.9,85,1012.9,7.7,2,2025-11-06 23:00:00+00:00
19.4,85,1013.4,7.6,0,2025-11-07 00:00:00+00:00
19.4,82,1013.7,8.2,0,2025-11-07 01:00:00+00:00
19.1,80,1014.3,8.4,0,2025-11-07 02:00:00+00:00
20.3,72,1014.8,7.2,0,2025-11-07 03:00:00+00:00
23.0,57,1015.5,4.8,0,2025-11-07 04:00:00+00:00
26.2,39,1015.8,4.2,0,2025-11-07 05:00:00+00:00
29.6,22,1015.8,5.3,0,2025-11-07 06:00:00+00:00
31.3,13,1015.2,6.8,0,2025-11-07 07:00:00+00:00
31.7,13,1014.5,8.4,0,2025-11-07 08:00:00+00:00
31.5,14,1013.5,10.7,0,2025-11-07 09:00:00+00:00
31.1,14,1013.3,12.0,0,2025-11-07 10:00:00+00:00
30.5,15,1013.3,12.1,0,2025-11-07 11:00:00+00:00
29.5,16,1013.5,11.1,0,2025-11-07 12:00:00+00:00
27.4,26,1013.9,8.5,0,2025-11-07 13:00:00+00:00
25.7,37,1014.6,7.3,0,2025-11-07 14:00:00+00:00
24.5,48,1015.1,7.3,0,2025-11-07 15:00:00+00:00
23.7,56,1015.4,7.3,0,2025-11-07 16:00:00+00:00
23.3,63,1015.3,7.0,0,2025-11-07 17:00:00+00:00
22.7,64,1015.3,4.8,0,2025-11-07 18:00:00+00:00
22.4,66,1015.1,7.0,0,2025-11-07 19:00:00+00:00
21.6,70,1014.8,8.5,0,2025-11-07 20:00:00+00:00
20.9,74,1014.8,8.3,0,2025-11-07 21:00:00+00:00
20.8,79,1014.6,7.8,0,2025-11-07 22:00:00+00:00
20.6,83,1014.4,6.7,0,2025-11-07 23:00:00+00:00
19.7,86,1014.6,5.0,0,2025-11-08 00:00:00+00:00
19.0,89,1014.9,4.8,0,2025-11-08 01:00:00+00:00
18.4,92,1015.5,4.1,10,2025-11-08 02:00:00+00:00
19.7,87,1016.1,4.8,0,2025-11-08 03:00:00+00:00
23.2,73,1016.6,3.6,0,2025-11-08 04:00:00+00:00
26.0,61,1016.9,7.0,0,2025-11-08 05:00:00+00:00
27.9,44,1016.7,10.4,0,2025-11-08 06:00:00+00:00
28.5,43,1016.1,11.8,0,2025-11-08 07:00:00+00:00
28.6,45,1015.5,12.8,0,2025-11-08 08:00:00+00:00
28.6,41,1014.8,12.8,0,2025-11-08 09:00:00+00:00
28.3,40,1014.2,12.3,0,2025-11-08 10:00:00+00:00
27.6,45,1013.8,11.2,0,2025-11-08 11:00:00+00:00
26.7,52,1013.9,9.7,0,2025-11-08 12:00:00+00:00
25.6,64,1014.0,8.2,0,2025-11-08 13:00:00+00:00
25.0,68,1014.5,7.4,0,2025-11-08 14:00:00+00:00
24.5,70,1014.9,5.8,0,2025-11-08 15:00:00+00:00
24.1,72,1015.3,3.8,0,2025-11-08 16:00:00+00:00
23.3,76,1015.4,3.3,0,2025-11-08 17:00:00+00:00
22.4,82,1015.3,3.1,0,2025-11-08 18:00:00+00:00
21.7,84,1014.9,5.5,0,2025-11-08 19:00:00+00:00
21.0,86,1014.6,5.9,0,2025-11-08 20:00:00+00:00
20.7,88,1014.3,4.4,0,2025-11-08 21:00:00+00:00
20.8,87,1013.8,2.4,0,2025-11-08 22:00:00+00:00
20.6,87,1013.6,1.7,0,2025-11-08 23:00:00+00:00
19.5,90,1013.7,1.7,2,2025-11-09 00:00:00+00:00
19.7,88,1014.0,3.7,8,2025-11-09 01:00:00+00:00
19.3,88,1014.7,5.7,25,2025-11-09 02:00:00+00:00
20.0,86,1015.3,5.6,8,2025-11-09 03:00:00+00:00
22.5,76,1015.6,5.0,5,2025-11-09 04:00:00+00:00
24.8,69,1015.8,1.5,9,2025-11-09 05:00:00+00:00
26.3,61,1015.3,4.6,5,2025-11-09 06:00:00+00:00
27.4,54,1014.6,7.5,1,2025-11-09 07:00:00+00:00
27.8,51,1013.7,9.6,0,2025-11-09 08:00:00+00:00
27.8,48,1012.8,10.2,0,2025-11-09 09:00:00+00:00
27.7,45,1012.2,10.3,0,2025-11-09 10:00:00+00:00
27.3,45,1011.9,10.2,0,2025-11-09 11:00:00+00:00
26.5,49,1012.0,8.8,0,2025-11-09 12:00:00+00:00
25.6,53,1012.3,6.9,0,2025-11-09 13:00:00+00:00
25.0,57,1012.5,5.6,0,2025-11-09 14:00:00+00:00
24.6,60,1012.8,4.7,0,2025-11-09 15:00:00+00:00
24.3,63,1013.1,4.3,0,2025-11-09 16:00:00+00:00
23.9,66,1013.2,4.6,0,2025-11-09 17:00:00+00:00
22.5,72,1013.4,2.6,0,2025-11-09 18:00:00+00:00
22.4,72,1013.2,4.6,0,2025-11-09 19:00:00+00:00
21.4,75,1012.8,5.5,0,2025-11-09 20:00:00+00:00
20.7,75,1012.9,5.4,0,2025-11-09 21:00:00+00:00
20.2,76,1012.5,3.8,0,2025-11-09 22:00:00+00:00
19.8,79,1012.3,1.4,0,2025-11-09 23:00:00+00:00
19.1,83,1012.2,2.4,0,2025-11-10 00:00:00+00:00
19.0,83,1012.3,2.9,0,2025-11-10 01:00:00+00:00
18.7,84,1013.1,1.8,0,2025-11-10 02:00:00+00:00
20.2,76,1013.8,1.8,1,2025-11-10 03:00:00+00:00
22.9,67,1014.2,1.4,2,2025-11-10 04:00:00+00:00
25.0,62,1014.4,4.4,0,2025-11-10 05:00:00+00:00
26.8,52,1014.2,7.1,0,2025-11-10 06:00:00+00:00
27.4,51,1013.4,9.2,0,2025-11-10 07:00:00+00:00
27.5,54,1012.5,11.3,2,2025-11-10 08:00:00+00:00
27.3,56,1011.7,12.0,9,2025-11-10 09:00:00+00:00
27.0,56,1011.3,11.2,12,2025-11-10 10:00:00+00:00
26.6,57,1011.1,10.3,5,2025-11-10 11:00:00+00:00
25.9,57,1011.5,9.7,0,2025-11-10 12:00:00+00:00
25.4,58,1011.8,7.9,0,2025-11-10 13:00:00+00:00
25.0,59,1012.2,5.7,0,2025-11-10 14:00:00+00:00
24.7,61,1012.6,5.2,0,2025-11-10 15:00:00+00:00
24.3,63,1013.3,5.1,0,2025-11-10 16:00:00+00:00
24.0,65,1013.3,3.1,0,2025-11-10 17:00:00+00:00
22.7,72,1013.4,1.2,2,2025-11-10 18:00:00+00:00
22.5,72,1013.5,3.3,6,2025-11-10 19:00:00+00:00
21.6,76,1013.2,3.5,19,2025-11-10 20:00:00+00:00
20.9,77,1012.9,3.7,80,2025-11-10 21:00:00+00:00
20.5,78,1012.8,2.8,93,2025-11-10 22:00:00+00:00
20.2,79,1012.7,2.8,81,2025-11-10 23:00:00+00:00
19.4,85,1013.1,3.2,71,2025-11-11 00:00:00+00:00
19.4,85,1013.7,3.5,44,2025-11-11 01:00:00+00:00
19.3,85,1014.4,4.0,37,2025-11-11 02:00:00+00:00
20.1,81,1015.0,3.3,57,2025-11-11 03:00:00+00:00
22.6,69,1015.5,2.5,2,2025-11-11 04:00:00+00:00
24.4,64,1015.9,2.4,1,2025-11-11 05:00:00+00:00
26.0,55,1015.8,4.3,0,2025-11-11 06:00:00+00:00
26.9,53,1015.0,5.7,0,2025-11-11 07:00:00+00:00
27.3,54,1014.2,7.8,1,2025-11-11 08:00:00+00:00
27.4,55,1013.2,9.7,0,2025-11-11 09:00:00+00:00
26.9,57,1012.8,10.9,3,2025-11-11 10:00:00+00:00
26.4,58,1012.7,10.2,2,2025-11-11 11:00:00+00:00
25.6,59,1013.0,9.3,1,2025-11-11 12:00:00+00:00
24.9,64,1013.4,9.0,2,2025-11-11 13:00:00+00:00
24.5,66,1014.0,7.3,1,2025-11-11 14:00:00+00:00
24.1,69,1014.5,5.9,0,2025-11-11 15:00:00+00:00
23.8,71,1015.0,6.1,0,2025-11-11 16:00:00+00:00
23.6,72,1015.1,5.0,0,2025-11-11 17:00:00+00:00
22.6,79,1015.4,2.3,0,2025-11-11 18:00:00+00:00
22.7,78,1015.1,3.5,0,2025-11-11 19:00:00+00:00
21.7,82,1015.1,7.0,0,2025-11-11 20:00:00+00:00
20.9,83,1014.9,7.0,0,2025-11-11 21:00:00+00:00
20.5,85,1014.7,6.5,0,2025-11-11 22:00:00+00:00
20.3,85,1014.7,6.5,0,2025-11-11 23:00:00+00:00
20.0,85,1015.0,5.8,0,2025-11-12 00:00:00+00:00
19.7,86,1015.5,5.9,1,2025-11-12 01:00:00+00:00
19.3,87,1016.0,5.6,2,2025-11-12 02:00:00+00:00
19.9,84,1016.6,4.4,2,2025-11-12 03:00:00+00:00
22.3,73,1017.1,3.1,0,2025-11-12 04:00:00+00:00
24.8,62,1017.4,3.4,0,2025-11-12 05:00:00+00:00
26.7,49,1017.2,2.2,0,2025-11-12 06:00:00+00:00
28.2,41,1016.4,4.1,0,2025-11-12 07:00:00+00:00
28.6,43,1015.7,8.0,0,2025-11-12 08:00:00+00:00
28.1,52,1014.9,11.6,0,2025-11-12 09:00:00+00:00
27.4,56,1014.6,12.4,0,2025-11-12 10:00:00+00:00
27.0,54,1014.4,10.7,0,2025-11-12 11:00:00+00:00
26.7,54,1014.1,9.9,0,2025-11-12 12:00:00+00:00
25.7,59,1014.6,8.4,0,2025-11-12 13:00:00+00:00
24.9,67,1015.2,7.1,0,2025-11-12 14:00:00+00:00
24.3,74,1015.8,6.7,0,2025-11-12 15:00:00+00:00
23.9,78,1016.3,5.8,0,2025-11-12 16:00:00+00:00
23.5,80,1016.4,6.0,0,2025-11-12 17:00:00+00:00
22.9,83,1016.5,4.8,0,2025-11-12 18:00:00+00:00
22.3,84,1016.7,8.0,0,2025-11-12 19:00:00+00:00
21.6,86,1016.2,7.4,0,2025-11-12 20:00:00+00:00
21.2,87,1016.1,6.6,0,2025-11-12 21:00:00+00:00
20.9,88,1015.6,6.1,0,2025-11-12 22:00:00+00:00
20.4,90,1015.6,6.5,0,2025-11-12 23:00:00+00:00
19.9,92,1016.1,6.6,2,2025-11-13 00:00:00+00:00
19.7,90,1016.6,6.3,1,2025-11-13 01:00:00+00:00
19.3,89,1017.4,6.3,0,2025-11-13 02:00:00+00:00
19.9,81,1018.1,4.8,0,2025-11-13 03:00:00+00:00
22.4,68,1018.6,3.6,0,2025-11-13 04:00:00+00:00
25.2,57,1018.8,4.0,0,2025-11-13 05:00:00+00:00
27.1,48,1018.6,1.8,0,2025-11-13 06:00:00+00:00
28.7,37,1017.7,4.1,0,2025-11-13 07:00:00+00:00
29.1,36,1016.9,7.4,0,2025-11-13 08:00:00+00:00
29.1,38,1015.9,9.7,0,2025-11-13 09:00:00+00:00
28.7,38,1015.4,11.2,0,2025-11-13 10:00:00+00:00
27.9,39,1015.2,10.9,0,2025-11-13 11:00:00+00:00
27.3,44,1015.1,9.1,0,2025-11-13 12:00:00+00:00
26.0,56,1015.1,8.1,0,2025-11-13 13:00:00+00:00
25.2,67,1015.7,7.7,0,2025-11-13 14:00:00+00:00
24.6,71,1016.2,7.7,0,2025-11-13 15:00:00+00:00
23.8,75,1016.5,7.2,0,2025-11-13 16:00:00+00:00
23.1,78,1016.4,7.6,0,2025-11-13 17:00:00+00:00
22.4,78,1016.6,7.2,0,2025-11-13 18:00:00+00:00
22.0,79,1016.3,7.3,0,2025-11-13 19:00:00+00:00
21.6,80,1015.8,7.2,0,2025-11-13 20:00:00+00:00
21.0,83,1015.8,7.3,0,2025-11-13 21:00:00+00:00
20.5,85,1015.5,7.4,0,2025-11-13 22:00:00+00:00
20.2,86,1015.3,7.5,0,2025-11-13 23:00:00+00:00
19.7,86,1015.7,6.2,0,2025-11-14 00:00:00+00:00
19.4,86,1016.1,6.3,0,2025-11-14 01:00:00+00:00
18.9,85,1016.8,6.2,0,2025-11-14 02:00:00+00:00
19.7,75,1017.2,5.9,0,2025-11-14 03:00:00+00:00
22.5,59,1017.6,4.7,0,2025-11-14 04:00:00+00:00
25.6,44,1017.8,3.4,0,2025-11-14 05:00:00+00:00
28.3,33,1017.5,3.8,0,2025-11-14 06:00:00+00:00
29.5,24,1016.6,4.5,0,2025-11-14 07:00:00+00:00
29.8,28,1015.6,7.9,0,2025-11-14 08:00:00+00:00
29.5,35,1014.6,10.9,0,2025-11-14 09:00:00+00:00
29.1,35,1014.2,12.6,0,2025-11-14 10:00:00+00:00
28.3,35,1014.1,13.6,0,2025-11-14 11:00:00+00:00
26.9,39,1014.3,12.1,0,2025-11-14 12:00:00+00:00
25.7,48,1014.7,9.3,0,2025-11-14 13:00:00+00:00
24.6,59,1015.2,9.1,0,2025-11-14 14:00:00+00:00
23.8,64,1015.7,7.8,0,2025-11-14 15:00:00+00:00
23.3,65,1015.9,7.5,0,2025-11-14 16:00:00+00:00
22.8,65,1016.0,6.4,0,2025-11-14 17:00:00+00:00
22.0,68,1016.2,5.7,0,2025-11-14 18:00:00+00:00
21.4,69,1016.0,7.8,0,2025-11-14 19:00:00+00:00
20.8,69,1015.8,8.1,0,2025-11-14 20:00:00+00:00
20.3,70,1015.6,8.1,0,2025-11-14 21:00:00+00:00
19.8,72,1015.4,8.6,0,2025-11-14 22:00:00+00:00
19.8,71,1015.3,9.0,0,2025-11-14 23:00:00+00:00
19.6,74,1015.6,9.2,0,2025-11-15 00:00:00+00:00
19.3,71,1016.1,8.5,0,2025-11-15 01:00:00+00:00
19.0,68,1016.9,7.2,0,2025-11-15 02:00:00+00:00
19.5,63,1017.5,6.5,0,2025-11-15 03:00:00+00:00
21.9,50,1018.1,4.7,0,2025-11-15 04:00:00+00:00
25.5,36,1018.6,5.0,0,2025-11-15 05:00:00+00:00
28.0,28,1018.3,3.1,0,2025-11-15 06:00:00+00:00
29.3,20,1017.4,1.4,0,2025-11-15 07:00:00+00:00
29.9,20,1016.4,5.1,0,2025-11-15 08:00:00+00:00
30.0,23,1015.3,8.0,0,2025-11-15 09:00:00+00:00
29.6,28,1014.7,10.5,0,2025-11-15 10:00:00+00:00
28.7,34,1014.6,12.9,0,2025-11-15 11:00:00+00:00
27.8,30,1015.0,13.7,0,2025-11-15 12:00:00+00:00
26.5,32,1015.7,11.1,0,2025-11-15 13:00:00+00:00
25.3,36,1016.3,8.5,0,2025-11-15 14:00:00+00:00
24.6,43,1016.9,7.0,0,2025-11-15 15:00:00+00:00
23.7,50,1017.3,7.2,0,2025-11-15 16:00:00+00:00
23.1,52,1017.5,7.7,0,2025-11-15 17:00:00+00:00
22.4,54,1017.8,8.0,0,2025-11-15 18:00:00+00:00
22.0,54,1017.4,8.1,0,2025-11-15 19:00:00+00:00
21.4,56,1017.4,8.5,0,2025-11-15 20:00:00+00:00
20.8,55,1017.3,8.1,0,2025-11-15 21:00:00+00:00
20.5,50,1017.5,8.0,0,2025-11-15 22:00:00+00:00
20.5,42,1017.5,9.4,0,2025-11-15 23:00:00+00:00
19.9,41,1017.9,8.9,0,2025-11-16 00:00:00+00:00
19.3,43,1018.2,9.0,0,2025-11-16 01:00:00+00:00
19.1,44,1019.0,9.0,0,2025-11-16 02:00:00+00:00
20.0,42,1019.5,8.9,0,2025-11-16 03:00:00+00:00
22.3,36,1020.3,8.5,0,2025-11-16 04:00:00+00:00
25.9,28,1020.6,6.2,0,2025-11-16 05:00:00+00:00
28.4,22,1020.1,5.5,0,2025-11-16 06:00:00+00:00
29.8,18,1019.2,5.2,0,2025-11-16 07:00:00+00:00
30.4,17,1018.2,3.2,0,2025-11-16 08:00:00+00:00
30.6,17,1017.3,2.5,0,2025-11-16 09:00:00+00:00
30.5,18,1016.9,2.1,0,2025-11-16 10:00:00+00:00
30.1,19,1016.7,3.1,0,2025-11-16 11:00:00+00:00
28.7,33,1016.9,6.5,0,2025-11-16 12:00:00+00:00
27.0,44,1017.5,9.4,0,2025-11-16 13:00:00+00:00
25.9,46,1018.0,9.4,0,2025-11-16 14:00:00+00:00
25.4,44,1018.6,8.2,0,2025-11-16 15:00:00+00:00
24.7,47,1019.0,6.6,0,2025-11-16 16:00:00+00:00
23.6,48,1018.9,7.6,0,2025-11-16 17:00:00+00:00
22.6,43,1019.3,7.6,0,2025-11-16 18:00:00+00:00
22.3,37,1018.7,7.3,0,2025-11-16 19:00:00+00:00
21.5,38,1018.2,8.1,0,2025-11-16 20:00:00+00:00
20.7,40,1018.1,8.3,0,2025-11-16 21:00:00+00:00
20.2,43,1017.6,8.3,0,2025-11-16 22:00:00+00:00
19.8,44,1017.5,7.7,0,2025-11-16 23:00:00+00:00
18.5,48,1017.8,6.0,0,2025-11-17 00:00:00+00:00
18.2,49,1018.1,5.4,0,2025-11-17 01:00:00+00:00
18.1,49,1018.6,5.0,0,2025-11-17 02:00:00+00:00
18.7,47,1019.1,4.8,0,2025-11-17 03:00:00+00:00
21.5,40,1019.3,3.5,0,2025-11-17 04:00:00+00:00
25.1,28,1019.6,1.9,0,2025-11-17 05:00:00+00:00
27.5,22,1019.4,1.6,0,2025-11-17 06:00:00+00:00
28.8,20,1018.5,3.7,0,2025-11-17 07:00:00+00:00
29.3,21,1017.4,6.2,0,2025-11-17 08:00:00+00:00
29.3,23,1016.5,8.7,0,2025-11-17 09:00:00+00:00
28.9,27,1015.8,9.9,0,2025-11-17 10:00:00+00:00
28.2,33,1015.5,10.0,0,2025-11-17 11:00:00+00:00
27.3,37,1015.5,9.4,0,2025-11-17 12:00:00+00:00
26.1,42,1015.9,8.3,0,2025-11-17 13:00:00+00:00
25.0,49,1016.4,6.9,0,2025-11-17 14:00:00+00:00
24.4,52,1017.1,6.8,0,2025-11-17 15:00:00+00:00
23.9,54,1017.4,6.5,0,2025-11-17 16:00:00+00:00
23.2,57,1017.4,6.9,0,2025-11-17 17:00:00+00:00
22.4,60,1017.5,6.0,0,2025-11-17 18:00:00+00:00
21.6,63,1017.2,7.3,0,2025-11-17 19:00:00+00:00
20.9,66,1017.1,7.6,0,2025-11-17 20:00:00+00:00
20.4,69,1016.4,7.6,0,2025-11-17 21:00:00+00:00
19.9,72,1016.0,7.0,0,2025-11-17 22:00:00+00:00
19.4,75,1015.7,6.1,0,2025-11-17 23:00:00+00:00
18.4,73,1016.0,3.5,0,2025-11-18 00:00:00+00:00
18.1,73,1016.4,5.8,0,2025-11-18 01:00:00+00:00
17.6,74,1016.7,6.9,0,2025-11-18 02:00:00+00:00
18.5,69,1017.2,6.2,0,2025-11-18 03:00:00+00:00
21.4,57,1017.6,5.5,0,2025-11-18 04:00:00+00:00
24.6,52,1017.7,4.2,0,2025-11-18 05:00:00+00:00
26.5,45,1017.5,1.7,0,2025-11-18 06:00:00+00:00
28.3,31,1016.4,0.6,0,2025-11-18 07:00:00+00:00
29.0,28,1015.5,3.0,0,2025-11-18 08:00:00+00:00
29.2,31,1014.5,6.4,0,2025-11-18 09:00:00+00:00
28.5,41,1013.8,10.4,0,2025-11-18 10:00:00+00:00
27.3,51,1013.6,12.9,0,2025-11-18 11:00:00+00:00
26.7,49,1013.5,11.7,0,2025-11-18 12:00:00+00:00
25.8,49,1013.9,8.1,0,2025-11-18 13:00:00+00:00
24.8,55,1014.4,6.2,0,2025-11-18 14:00:00+00:00
23.9,60,1014.8,5.4,0,2025-11-18 15:00:00+00:00
23.3,66,1015.2,6.7,0,2025-11-18 16:00:00+00:00
22.5,72,1015.2,8.2,0,2025-11-18 17:00:00+00:00
21.7,73,1015.1,7.4,0,2025-11-18 18:00:00+00:00
21.1,74,1015.0,6.7,0,2025-11-18 19:00:00+00:00
20.4,74,1014.8,5.4,0,2025-11-18 20:00:00+00:00
19.8,76,1014.6,4.9,0,2025-11-18 21:00:00+00:00
19.2,78,1014.3,5.6,0,2025-11-18 22:00:00+00:00
18.9,80,1014.3,6.8,0,2025-11-18 23:00:00+00:00
18.8,81,1014.3,7.5,0,2025-11-19 00:00:00+00:00
18.5,81,1014.7,7.3,0,2025-11-19 01:00:00+00:00
18.3,80,1015.2,6.5,0,2025-11-19 02:00:00+00:00
19.0,73,1016.0,4.9,0,2025-11-19 03:00:00+00:00
21.8,61,1016.4,3.2,0,2025-11-19 04:00:00+00:00
24.7,59,1016.8,1.7,0,2025-11-19 05:00:00+00:00
26.5,51,1016.6,2.9,0,2025-11-19 06:00:00+00:00
27.7,43,1015.9,5.6,0,2025-11-19 07:00:00+00:00
28.1,42,1015.1,7.9,0,2025-11-19 08:00:00+00:00
28.1,41,1014.3,9.5,0,2025-11-19 09:00:00+00:00
27.8,43,1013.7,9.8,0,2025-11-19 10:00:00+00:00
27.1,47,1013.5,8.9,0,2025-11-19 11:00:00+00:00
26.4,48,1013.5,7.7,0,2025-11-19 12:00:00+00:00
25.5,53,1013.7,7.6,0,2025-11-19 13:00:00+00:00
24.8,57,1014.4,7.3,0,2025-11-19 14:00:00+00:00
23.9,61,1014.9,6.8,0,2025-11-19 15:00:00+00:00
23.3,65,1015.3,6.8,0,2025-11-19 16:00:00+00:00
22.6,68,1015.6,8.0,0,2025-11-19 17:00:00+00:00
21.8,71,1015.9,8.4,0,2025-11-19 18:00:00+00:00
21.2,75,1015.5,8.9,0,2025-11-19 19:00:00+00:00
20.7,79,1015.4,8.1,0,2025-11-19 20:00:00+00:00
20.2,83,1015.5,7.9,0,2025-11-19 21:00:00+00:00
19.8,85,1015.2,7.1,0,2025-11-19 22:00:00+00:00
19.4,85,1014.9,6.8,0,2025-11-19 23:00:00+00:00
18.7,85,1015.3,6.7,0,2025-11-20 00:00:00+00:00
18.1,85,1015.7,6.6,0,2025-11-20 01:00:00+00:00
17.8,84,1016.3,6.8,0,2025-11-20 02:00:00+00:00
18.6,80,1017.0,7.3,0,2025-11-20 03:00:00+00:00
21.4,67,1017.6,6.7,0,2025-11-20 04:00:00+00:00
24.5,58,1017.9,4.4,0,2025-11-20 05:00:00+00:00
26.3,49,1017.8,1.3,0,2025-11-20 06:00:00+00:00
27.9,37,1017.0,1.6,0,2025-11-20 07:00:00+00:00
28.5,36,1016.1,4.4,0,2025-11-20 08:00:00+00:00
28.4,42,1015.1,7.4,0,2025-11-20 09:00:00+00:00
28.1,47,1014.5,9.2,0,2025-11-20 10:00:00+00:00
27.4,48,1014.2,10.3,0,2025-11-20 11:00:00+00:00
26.8,48,1014.2,10.3,0,2025-11-20 12:00:00+00:00
25.6,58,1014.6,8.4,0,2025-11-20 13:00:00+00:00
24.7,67,1015.3,6.9,0,2025-11-20 14:00:00+00:00
23.8,74,1015.8,6.8,0,2025-11-20 15:00:00+00:00
23.2,75,1016.4,7.5,0,2025-11-20 16:00:00+00:00
22.6,76,1016.4,8.7,0,2025-11-20 17:00:00+00:00
22.0,77,1016.3,8.5,0,2025-11-20 18:00:00+00:00
21.5,79,1016.0,8.4,0,2025-11-20 19:00:00+00:00
20.9,81,1016.0,7.9,0,2025-11-20 20:00:00+00:00
20.4,83,1015.8,7.1,0,2025-11-20 21:00:00+00:00
19.9,84,1015.8,6.5,0,2025-11-20 22:00:00+00:00
19.5,82,1015.9,5.8,0,2025-11-20 23:00:00+00:00
19.1,85,1016.2,5.1,0,2025-11-21 00:00:00+00:00
18.9,79,1016.4,4.9,0,2025-11-21 01:00:00+00:00
18.6,74,1017.4,5.4,0,2025-11-21 02:00:00+00:00
19.0,67,1018.1,5.2,0,2025-11-21 03:00:00+00:00
21.5,55,1018.8,5.0,0,2025-11-21 04:00:00+00:00
24.7,39,1018.9,3.2,0,2025-11-21 05:00:00+00:00
27.1,28,1018.9,4.0,0,2025-11-21 06:00:00+00:00
28.5,23,1018.1,4.1,0,2025-11-21 07:00:00+00:00
29.2,21,1017.2,4.4,0,2025-11-21 08:00:00+00:00
29.4,22,1016.2,6.0,0,2025-11-21 09:00:00+00:00
29.3,24,1015.6,8.2,0,2025-11-21 10:00:00+00:00
28.6,27,1015.5,9.3,0,2025-11-21 11:00:00+00:00
27.5,29,1015.7,9.3,0,2025-11-21 12:00:00+00:00
26.1,35,1016.0,7.0,0,2025-11-21 13:00:00+00:00
25.1,42,1016.5,6.8,0,2025-11-21 14:00:00+00:00
23.8,53,1016.8,7.6,0,2025-11-21 15:00:00+00:00
23.0,61,1017.0,7.6,0,2025-11-21 16:00:00+00:00
22.5,64,1017.0,8.1,0,2025-11-21 17:00:00+00:00
21.8,71,1017.4,7.4,19,2025-11-21 18:00:00+00:00
21.2,73,1017.2,9.1,23,2025-11-21 19:00:00+00:00
20.8,74,1017.0,9.0,37,2025-11-21 20:00:00+00:00
20.6,75,1016.6,8.6,13,2025-11-21 21:00:00+00:00
20.3,74,1016.1,8.9,5,2025-11-21 22:00:00+00:00
20.0,67,1015.8,8.4,20,2025-11-21 23:00:00+00:00
19.7,59,1016.0,7.5,5,2025-11-22 00:00:00+00:00
19.4,56,1016.1,7.3,5,2025-11-22 01:00:00+00:00
19.0,56,1016.8,6.9,6,2025-11-22 02:00:00+00:00
19.4,54,1017.4,6.7,7,2025-11-22 03:00:00+00:00
21.6,48,1017.8,5.9,0,2025-11-22 04:00:00+00:00
24.8,39,1018.1,4.4,0,2025-11-22 05:00:00+00:00
26.9,31,1018.0,3.5,6,2025-11-22 06:00:00+00:00
28.1,28,1017.2,2.8,0,2025-11-22 07:00:00+00:00
28.7,28,1016.1,4.7,0,2025-11-22 08:00:00+00:00
28.7,30,1014.9,8.3,0,2025-11-22 09:00:00+00:00
28.2,36,1014.3,11.4,0,2025-11-22 10:00:00+00:00
27.4,39,1014.0,11.1,0,2025-11-22 11:00:00+00:00
26.6,41,1014.0,8.4,0,2025-11-22 12:00:00+00:00
25.4,44,1014.3,6.7,0,2025-11-22 13:00:00+00:00
24.6,46,1014.8,6.8,0,2025-11-22 14:00:00+00:00
24.0,48,1015.4,6.3,0,2025-11-22 15:00:00+00:00
23.6,51,1015.6,4.2,3,2025-11-22 16:00:00+00:00
23.2,53,1015.8,4.3,63,2025-11-22 17:00:00+00:00
22.2,67,1015.8,2.7,64,2025-11-22 18:00:00+00:00
22.1,65,1015.6,4.4,17,2025-11-22 19:00:00+00:00
21.0,69,1015.5,6.4,9,2025-11-22 20:00:00+00:00
20.0,71,1015.1,6.7,16,2025-11-22 21:00:00+00:00
19.3,74,1014.6,7.2,34,2025-11-22 22:00:00+00:00
19.2,74,1014.6,6.9,26,2025-11-22 23:00:00+00:00
18.7,66,1015.0,6.9,0,2025-11-23 00:00:00+00:00
18.4,62,1015.3,6.6,0,2025-11-23 01:00:00+00:00
18.3,59,1016.0,6.8,0,2025-11-23 02:00:00+00:00
18.9,55,1016.4,6.3,0,2025-11-23 03:00:00+00:00
21.5,47,1016.9,6.3,0,2025-11-23 04:00:00+00:00
24.1,39,1017.3,4.6,0,2025-11-23 05:00:00+00:00
25.9,38,1017.3,3.1,0,2025-11-23 06:00:00+00:00
27.1,34,1016.4,4.2,0,2025-11-23 07:00:00+00:00
27.7,32,1015.3,6.5,0,2025-11-23 08:00:00+00:00
27.8,31,1014.3,8.3,0,2025-11-23 09:00:00+00:00
27.7,30,1013.7,8.7,0,2025-11-23 10:00:00+00:00
27.4,30,1013.4,8.8,0,2025-11-23 11:00:00+00:00
26.4,37,1013.7,9.7,0,2025-11-23 12:00:00+00:00
25.2,47,1014.0,7.5,0,2025-11-23 13:00:00+00:00
24.4,55,1014.5,6.9,0,2025-11-23 14:00:00+00:00
23.4,58,1015.1,7.1,0,2025-11-23 15:00:00+00:00
22.8,61,1015.5,7.2,0,2025-11-23 16:00:00+00:00
22.3,63,1015.6,5.8,0,2025-11-23 17:00:00+00:00
21.5,67,1015.8,5.2,0,2025-11-23 18:00:00+00:00
21.3,65,1015.8,7.1,0,2025-11-23 19:00:00+00:00
21.0,63,1015.6,6.3,0,2025-11-23 20:00:00+00:00
20.0,67,1015.5,8.0,0,2025-11-23 21:00:00+00:00
19.3,68,1015.3,9.2,0,2025-11-23 22:00:00+00:00
19.0,63,1015.3,9.4,0,2025-11-23 23:00:00+00:00
18.3,55,1015.6,8.2,0,2025-11-24 00:00:00+00:00
18.0,51,1015.9,8.7,0,2025-11-24 01:00:00+00:00
17.8,51,1016.6,8.7,0,2025-11-24 02:00:00+00:00
18.4,50,1017.2,8.2,0,2025-11-24 03:00:00+00:00
20.8,43,1017.6,7.8,0,2025-11-24 04:00:00+00:00
24.0,35,1017.9,5.2,0,2025-11-24 05:00:00+00:00
26.4,27,1017.7,5.5,0,2025-11-24 06:00:00+00:00
27.4,23,1016.8,4.6,0,2025-11-24 07:00:00+00:00
28.2,20,1015.8,3.1,0,2025-11-24 08:00:00+00:00
28.5,18,1014.7,2.7,0,2025-11-24 09:00:00+00:00
28.6,18,1014.4,3.8,0,2025-11-24 10:00:00+00:00
27.7,28,1014.4,7.2,0,2025-11-24 11:00:00+00:00
26.2,39,1014.6,8.5,0,2025-11-24 12:00:00+00:00
24.8,46,1015.3,10.3,0,2025-11-24 13:00:00+00:00
24.0,49,1016.1,10.3,0,2025-11-24 14:00:00+00:00
23.5,50,1016.8,8.3,0,2025-11-24 15:00:00+00:00
22.8,48,1017.3,6.9,0,2025-11-24 16:00:00+00:00
22.1,40,1017.6,7.2,0,2025-11-24 17:00:00+00:00
21.2,34,1017.8,7.6,0,2025-11-24 18:00:00+00:00
20.5,37,1017.7,8.8,0,2025-11-24 19:00:00+00:00
19.9,40,1017.5,9.1,0,2025-11-24 20:00:00+00:00
19.5,41,1017.3,9.5,0,2025-11-24 21:00:00+00:00
19.2,41,1016.8,9.9,0,2025-11-24 22:00:00+00:00
18.7,43,1016.8,10.3,0,2025-11-24 23:00:00+00:00
17.9,45,1016.8,10.9,0,2025-11-25 00:00:00+00:00
17.4,46,1017.1,11.4,0,2025-11-25 01:00:00+00:00
17.2,47,1017.9,12.1,0,2025-11-25 02:00:00+00:00
18.4,43,1018.3,12.2,0,2025-11-25 03:00:00+00:00
20.7,36,1018.8,10.8,0,2025-11-25 04:00:00+00:00
23.6,29,1018.8,9.8,0,2025-11-25 05:00:00+00:00
26.1,24,1018.2,11.2,0,2025-11-25 06:00:00+00:00
27.4,20,1017.2,11.6,0,2025-11-25 07:00:00+00:00
28.2,19,1016.1,9.7,0,2025-11-25 08:00:00+00:00
28.5,19,1014.8,9.8,0,2025-11-25 09:00:00+00:00
28.6,19,1014.2,9.2,0,2025-11-25 10:00:00+00:00
28.4,20,1013.9,9.3,0,2025-11-25 11:00:00+00:00
27.7,21,1014.0,9.6,0,2025-11-25 12:00:00+00:00
26.7,23,1014.4,9.7,0,2025-11-25 13:00:00+00:00
25.8,25,1015.0,10.2,0,2025-11-25 14:00:00+00:00
24.4,29,1015.6,10.6,0,2025-11-25 15:00:00+00:00
23.0,34,1015.8,10.2,0,2025-11-25 16:00:00+00:00
22.1,36,1015.7,9.7,0,2025-11-25 17:00:00+00:00
21.5,37,1015.7,9.6,0,2025-11-25 18:00:00+00:00
21.1,38,1015.5,9.2,0,2025-11-25 19:00:00+00:00
20.6,40,1015.0,9.5,0,2025-11-25 20:00:00+00:00
20.0,41,1014.7,10.0,0,2025-11-25 21:00:00+00:00
20.1,40,1014.4,10.7,0,2025-11-25 22:00:00+00:00
19.9,39,1014.6,11.0,0,2025-11-25 23:00:00+00:00
19.6,40,1014.6,11.6,0,2025-11-26 00:00:00+00:00
19.4,40,1015.0,11.2,0,2025-11-26 01:00:00+00:00
19.1,40,1015.9,10.6,0,2025-11-26 02:00:00+00:00
19.6,39,1016.5,9.7,0,2025-11-26 03:00:00+00:00
21.5,34,1017.0,7.3,0,2025-11-26 04:00:00+00:00
24.3,29,1017.2,6.9,0,2025-11-26 05:00:00+00:00
26.7,22,1016.6,8.3,0,2025-11-26 06:00:00+00:00
27.7,20,1015.6,5.6,0,2025-11-26 07:00:00+00:00
28.2,18,1014.9,3.8,0,2025-11-26 08:00:00+00:00
28.3,18,1014.1,1.1,0,2025-11-26 09:00:00+00:00
28.1,19,1013.8,3.9,0,2025-11-26 10:00:00+00:00
27.9,19,1013.8,2.7,0,2025-11-26 11:00:00+00:00
27.2,24,1014.1,5.9,0,2025-11-26 12:00:00+00:00
25.5,32,1014.7,9.5,0,2025-11-26 13:00:00+00:00
24.5,33,1015.2,8.2,0,2025-11-26 14:00:00+00:00
24.0,28,1015.7,6.3,0,2025-11-26 15:00:00+00:00
23.3,24,1016.5,6.3,0,2025-11-26 16:00:00+00:00
22.3,27,1016.8,7.0,0,2025-11-26 17:00:00+00:00
21.2,29,1016.8,8.4,0,2025-11-26 18:00:00+00:00
20.8,31,1016.9,9.5,0,2025-11-26 19:00:00+00:00
20.4,33,1016.7,9.7,0,2025-11-26 20:00:00+00:00
20.0,34,1016.3,10.0,0,2025-11-26 21:00:00+00:00
19.6,36,1016.0,10.1,0,2025-11-26 22:00:00+00:00
18.9,38,1016.0,10.1,0,2025-11-26 23:00:00+00:00
18.5,39,1016.4,10.8,0,2025-11-27 00:00:00+00:00
18.3,40,1017.0,11.8,0,2025-11-27 01:00:00+00:00
18.4,39,1017.8,13.2,0,2025-11-27 02:00:00+00:00
19.4,36,1018.2,13.0,0,2025-11-27 03:00:00+00:00
21.5,30,1018.7,12.2,0,2025-11-27 04:00:00+00:00
24.0,25,1018.7,12.9,0,2025-11-27 05:00:00+00:00
26.0,20,1018.3,15.9,0,2025-11-27 06:00:00+00:00
27.0,19,1017.5,15.8,0,2025-11-27 07:00:00+00:00
27.6,19,1016.7,13.9,0,2025-11-27 08:00:00+00:00
28.0,18,1015.7,12.6,0,2025-11-27 09:00:00+00:00
28.0,18,1015.3,12.3,0,2025-11-27 10:00:00+00:00
27.6,18,1015.3,12.6,0,2025-11-27 11:00:00+00:00
27.1,19,1015.2,12.5,0,2025-11-27 12:00:00+00:00
25.8,21,1016.0,10.9,0,2025-11-27 13:00:00+00:00
24.5,24,1016.9,11.6,0,2025-11-27 14:00:00+00:00
23.3,27,1017.5,11.8,0,2025-11-27 15:00:00+00:00
22.4,29,1017.7,11.3,0,2025-11-27 16:00:00+00:00
21.8,30,1017.9,11.8,0,2025-11-27 17:00:00+00:00
21.3,30,1017.8,12.0,0,2025-11-27 18:00:00+00:00
20.9,29,1017.4,12.7,0,2025-11-27 19:00:00+00:00
20.5,29,1017.2,13.0,0,2025-11-27 20:00:00+00:00
20.2,30,1017.2,13.2,0,2025-11-27 21:00:00+00:00
19.9,31,1017.0,13.3,0,2025-11-27 22:00:00+00:00
19.4,32,1016.9,13.4,0,2025-11-27 23:00:00+00:00
18.7,33,1017.3,12.8,0,2025-11-28 00:00:00+00:00
18.2,35,1017.6,12.8,0,2025-11-28 01:00:00+00:00
18.0,36,1018.3,12.8,0,2025-11-28 02:00:00+00:00
18.5,35,1018.7,12.8,0,2025-11-28 03:00:00+00:00
20.1,32,1019.0,11.0,0,2025-11-28 04:00:00+00:00
22.6,28,1019.0,11.0,0,2025-11-28 05:00:00+00:00
24.7,26,1018.9,12.6,0,2025-11-28 06:00:00+00:00
26.2,24,1017.7,13.1,0,2025-11-28 07:00:00+00:00
27.1,21,1016.7,11.5,0,2025-11-28 08:00:00+00:00
27.5,20,1015.6,11.1,0,2025-11-28 09:00:00+00:00
27.5,20,1014.9,11.4,0,2025-11-28 10:00:00+00:00
27.1,21,1014.9,11.9,0,2025-11-28 11:00:00+00:00
26.5,22,1014.6,11.9,0,2025-11-28 12:00:00+00:00
25.4,24,1015.4,10.3,0,2025-11-28 13:00:00+00:00
24.2,27,1016.0,10.0,0,2025-11-28 14:00:00+00:00
22.9,31,1016.5,11.0,0,2025-11-28 15:00:00+00:00
22.0,35,1016.8,10.5,0,2025-11-28 16:00:00+00:00
21.3,38,1016.7,10.0,0,2025-11-28 17:00:00+00:00
20.4,39,1016.6,10.2,0,2025-11-28 18:00:00+00:00
20.3,39,1016.2,10.1,0,2025-11-28 19:00:00+00:00
20.0,39,1016.0,10.4,0,2025-11-28 20:00:00+00:00
19.5,40,1015.9,10.8,0,2025-11-28 21:00:00+00:00
19.0,40,1015.7,11.0,0,2025-11-28 22:00:00+00:00
18.5,41,1015.5,11.5,0,2025-11-28 23:00:00+00:00
17.9,43,1015.9,12.0,0,2025-11-29 00:00:00+00:00
17.5,43,1016.2,12.0,0,2025-11-29 01:00:00+00:00
17.4,42,1016.7,12.0,0,2025-11-29 02:00:00+00:00
18.0,40,1017.2,11.8,0,2025-11-29 03:00:00+00:00
19.8,36,1017.7,9.7,0,2025-11-29 04:00:00+00:00
22.5,30,1017.8,8.9,0,2025-11-29 05:00:00+00:00
24.9,27,1017.6,9.8,0,2025-11-29 06:00:00+00:00
26.3,22,1016.5,9.3,0,2025-11-29 07:00:00+00:00
27.1,20,1015.4,7.9,0,2025-11-29 08:00:00+00:00
27.5,19,1014.2,8.1,0,2025-11-29 09:00:00+00:00
27.6,19,1013.9,7.8,27,2025-11-29 10:00:00+00:00
27.3,19,1013.8,7.9,21,2025-11-29 11:00:00+00:00
26.6,20,1013.6,8.8,5,2025-11-29 12:00:00+00:00
25.6,23,1013.8,8.8,5,2025-11-29 13:00:00+00:00
24.6,25,1014.4,9.9,16,2025-11-29 14:00:00+00:00
23.5,28,1014.8,10.3,12,2025-11-29 15:00:00+00:00
22.1,32,1015.0,10.5,15,2025-11-29 16:00:00+00:00
21.1,36,1015.2,10.5,0,2025-11-29 17:00:00+00:00
20.1,40,1015.5,10.3,0,2025-11-29 18:00:00+00:00
19.4,43,1015.2,9.7,0,2025-11-29 19:00:00+00:00
18.6,45,1015.1,9.9,0,2025-11-29 20:00:00+00:00
18.0,47,1014.8,10.4,0,2025-11-29 21:00:00+00:00
17.5,48,1014.5,10.5,0,2025-11-29 22:00:00+00:00
17.2,48,1014.6,10.9,0,2025-11-29 23:00:00+00:00
16.6,47,1014.5,11.2,0,2025-11-30 00:00:00+00:00
16.2,47,1014.9,11.2,0,2025-11-30 01:00:00+00:00
16.0,47,1015.7,10.8,0,2025-11-30 02:00:00+00:00
16.7,44,1016.3,10.2,2,2025-11-30 03:00:00+00:00
18.7,39,1017.0,8.5,0,2025-11-30 04:00:00+00:00
21.9,32,1017.2,6.6,4,2025-11-30 05:00:00+00:00
24.9,25,1016.9,6.1,8,2025-11-30 06:00:00+00:00
26.4,19,1015.7,6.0,0,2025-11-30 07:00:00+00:00
27.5,16,1014.4,6.0,0,2025-11-30 08:00:00+00:00
28.1,15,1013.4,4.0,0,2025-11-30 09:00:00+00:00
28.1,15,1012.7,1.0,0,2025-11-30 10:00:00+00:00
27.8,17,1012.5,4.6,0,2025-11-30 11:00:00+00:00
26.9,21,1012.5,6.5,0,2025-11-30 12:00:00+00:00
24.9,28,1012.8,9.3,0,2025-11-30 13:00:00+00:00
23.4,35,1013.6,8.1,0,2025-11-30 14:00:00+00:00
22.4,41,1014.1,7.3,0,2025-11-30 15:00:00+00:00
21.8,46,1014.5,7.5,0,2025-11-30 16:00:00+00:00
21.5,50,1014.7,6.7,0,2025-11-30 17:00:00+00:00
20.5,55,1014.9,5.4,0,2025-11-30 18:00:00+00:00
19.5,58,1014.7,7.0,0,2025-11-30 19:00:00+00:00
19.0,59,1014.5,7.6,0,2025-11-30 20:00:00+00:00
18.4,63,1014.4,7.9,0,2025-11-30 21:00:00+00:00
17.9,66,1013.9,7.2,0,2025-11-30 22:00:00+00:00
17.7,69,1013.9,6.5,0,2025-11-30 23:00:00+00:00
17.5,64,1013.8,6.7,0,2025-12-01 00:00:00+00:00
16.6,69,1014.0,6.7,1,2025-12-01 01:00:00+00:00
16.0,72,1014.6,6.0,4,2025-12-01 02:00:00+00:00
16.3,72,1015.2,6.3,3,2025-12-01 03:00:00+00:00
18.9,63,1015.5,4.4,1,2025-12-01 04:00:00+00:00
22.3,50,1015.7,4.3,0,2025-12-01 05:00:00+00:00
25.2,35,1015.2,7.2,0,2025-12-01 06:00:00+00:00
26.4,28,1014.5,8.8,0,2025-12-01 07:00:00+00:00
27.0,24,1013.5,10.3,0,2025-12-01 08:00:00+00:00
27.1,20,1012.4,10.6,0,2025-12-01 09:00:00+00:00
27.2,17,1011.9,10.1,0,2025-12-01 10:00:00+00:00
26.6,17,1011.8,9.9,0,2025-12-01 11:00:00+00:00
25.6,17,1011.6,9.5,0,2025-12-01 12:00:00+00:00
23.7,29,1012.2,8.8,0,2025-12-01 13:00:00+00:00
22.6,41,1012.8,6.9,0,2025-12-01 14:00:00+00:00
21.7,48,1013.3,5.8,0,2025-12-01 15:00:00+00:00
21.2,50,1013.8,3.3,0,2025-12-01 16:00:00+00:00
20.5,58,1013.9,1.2,0,2025-12-01 17:00:00+00:00
19.5,53,1014.4,5.7,0,2025-12-01 18:00:00+00:00
18.6,56,1014.1,3.4,0,2025-12-01 19:00:00+00:00
18.3,56,1013.7,2.8,0,2025-12-01 20:00:00+00:00
18.0,55,1013.6,7.2,0,2025-12-01 21:00:00+00:00
17.4,52,1013.2,7.4,0,2025-12-01 22:00:00+00:00
17.1,44,1013.1,8.1,0,2025-12-01 23:00:00+00:00
16.2,49,1013.3,8.0,0,2025-12-02 00:00:00+00:00
15.6,47,1013.8,8.0,0,2025-12-02 01:00:00+00:00
15.2,47,1014.7,8.1,0,2025-12-02 02:00:00+00:00
15.6,45,1015.4,8.6,0,2025-12-02 03:00:00+00:00
17.9,40,1016.0,8.1,0,2025-12-02 04:00:00+00:00
21.1,32,1016.3,4.6,0,2025-12-02 05:00:00+00:00
23.5,29,1016.0,3.1,0,2025-12-02 06:00:00+00:00
24.8,32,1014.9,3.6,0,2025-12-02 07:00:00+00:00
25.6,32,1013.6,4.1,0,2025-12-02 08:00:00+00:00
26.1,31,1012.5,4.9,0,2025-12-02 09:00:00+00:00
26.1,32,1012.0,6.6,0,2025-12-02 10:00:00+00:00
25.6,37,1011.7,8.1,0,2025-12-02 11:00:00+00:00
24.1,43,1012.2,7.6,0,2025-12-02 12:00:00+00:00
23.4,46,1012.6,4.3,0,2025-12-02 13:00:00+00:00
22.9,49,1013.4,3.3,0,2025-12-02 14:00:00+00:00
22.2,51,1014.2,5.1,0,2025-12-02 15:00:00+00:00
21.3,53,1015.0,8.0,0,2025-12-02 16:00:00+00:00
20.6,43,1015.4,8.5,0,2025-12-02 17:00:00+00:00
19.9,34,1015.8,7.6,59,2025-12-02 18:00:00+00:00
19.4,34,1015.4,8.2,100,2025-12-02 19:00:00+00:00
18.6,37,1015.1,9.1,75,2025-12-02 20:00:00+00:00
17.7,41,1015.0,10.0,88,2025-12-02 21:00:00+00:00
17.0,43,1014.9,10.0,84,2025-12-02 22:00:00+00:00
16.8,43,1015.3,9.6,100,2025-12-02 23:00:00+00:00
16.7,41,1015.5,9.7,99,2025-12-03 00:00:00+00:00
16.2,42,1016.0,10.0,98,2025-12-03 01:00:00+00:00
15.9,42,1017.0,9.5,91,2025-12-03 02:00:00+00:00
16.2,40,1017.8,9.8,94,2025-12-03 03:00:00+00:00
18.0,36,1018.4,8.7,100,2025-12-03 04:00:00+00:00
21.0,29,1018.9,6.5,95,2025-12-03 05:00:00+00:00
24.1,22,1018.7,6.9,22,2025-12-03 06:00:00+00:00
26.2,16,1017.7,9.4,0,2025-12-03 07:00:00+00:00
27.2,13,1016.6,9.6,0,2025-12-03 08:00:00+00:00
27.5,12,1015.8,10.1,0,2025-12-03 09:00:00+00:00
27.5,12,1015.3,10.3,0,2025-12-03 10:00:00+00:00
27.0,12,1015.4,11.0,0,2025-12-03 11:00:00+00:00
26.3,13,1015.4,10.8,0,2025-12-03 12:00:00+00:00
25.1,14,1016.0,11.0,0,2025-12-03 13:00:00+00:00
24.0,16,1016.7,11.8,0,2025-12-03 14:00:00+00:00
22.5,20,1017.4,11.8,0,2025-12-03 15:00:00+00:00
21.1,23,1017.8,12.0,0,2025-12-03 16:00:00+00:00
20.4,27,1018.0,12.0,0,2025-12-03 17:00:00+00:00
19.7,30,1018.3,12.3,0,2025-12-03 18:00:00+00:00
19.3,31,1017.9,11.9,0,2025-12-03 19:00:00+00:00
19.0,32,1017.7,11.6,0,2025-12-03 20:00:00+00:00
18.6,32,1017.6,11.1,0,2025-12-03 21:00:00+00:00
18.2,33,1017.1,10.9,0,2025-12-03 22:00:00+00:00
17.9,33,1017.4,11.0,0,2025-12-03 23:00:00+00:00
17.9,33,1017.5,10.6,0,2025-12-04 00:00:00+00:00
17.7,33,1017.8,10.6,0,2025-12-04 01:00:00+00:00
17.5,33,1018.6,10.7,0,2025-12-04 02:00:00+00:00
18.0,33,1019.1,11.3,0,2025-12-04 03:00:00+00:00
20.0,29,1019.7,10.3,0,2025-12-04 04:00:00+00:00
22.8,25,1019.9,9.0,0,2025-12-04 05:00:00+00:00
25.2,22,1019.6,9.6,0,2025-12-04 06:00:00+00:00
26.8,19,1018.7,10.8,0,2025-12-04 07:00:00+00:00
27.5,19,1017.9,9.0,0,2025-12-04 08:00:00+00:00
27.9,18,1017.0,6.6,0,2025-12-04 09:00:00+00:00
27.9,18,1016.2,5.3,0,2025-12-04 10:00:00+00:00
27.7,18,1015.9,5.8,0,2025-12-04 11:00:00+00:00
27.0,19,1016.0,6.1,1,2025-12-04 12:00:00+00:00
25.9,22,1016.5,6.1,0,2025-12-04 13:00:00+00:00
24.9,23,1017.0,5.7,0,2025-12-04 14:00:00+00:00
23.6,25,1017.7,4.6,0,2025-12-04 15:00:00+00:00
22.5,27,1018.0,4.9,0,2025-12-04 16:00:00+00:00
21.6,29,1018.2,6.2,0,2025-12-04 17:00:00+00:00
20.5,31,1018.4,7.3,0,2025-12-04 18:00:00+00:00
19.4,33,1018.2,8.0,0,2025-12-04 19:00:00+00:00
18.6,35,1018.2,8.0,0,2025-12-04 20:00:00+00:00
18.0,36,1017.9,8.1,0,2025-12-04 21:00:00+00:00
17.3,38,1017.5,8.5,0,2025-12-04 22:00:00+00:00
16.7,40,1017.7,8.0,0,2025-12-04 23:00:00+00:00
16.1,43,1017.6,7.1,0,2025-12-05 00:00:00+00:00
15.5,46,1018.2,7.3,0,2025-12-05 01:00:00+00:00
15.2,47,1018.9,8.1,0,2025-12-05 02:00:00+00:00
15.6,45,1019.3,8.0,0,2025-12-05 03:00:00+00:00
18.1,38,1019.8,6.9,3,2025-12-05 04:00:00+00:00
21.7,29,1020.4,6.1,4,2025-12-05 05:00:00+00:00
25.0,22,1020.1,4.3,21,2025-12-05 06:00:00+00:00
26.6,19,1019.4,4.4,5,2025-12-05 07:00:00+00:00
27.6,17,1018.4,4.2,5,2025-12-05 08:00:00+00:00
28.2,16,1017.4,3.1,15,2025-12-05 09:00:00+00:00
28.3,16,1016.6,2.8,5,2025-12-05 10:00:00+00:00
28.1,17,1016.4,3.1,10,2025-12-05 11:00:00+00:00
26.9,26,1016.6,5.0,6,2025-12-05 12:00:00+00:00
24.8,40,1017.3,8.1,99,2025-12-05 13:00:00+00:00
23.7,42,1017.8,7.9,100,2025-12-05 14:00:00+00:00
23.2,42,1018.5,5.0,100,2025-12-05 15:00:00+00:00
22.6,38,1018.9,6.4,97,2025-12-05 16:00:00+00:00
22.2,30,1019.1,9.2,100,2025-12-05 17:00:00+00:00
21.2,32,1019.2,9.8,100,2025-12-05 18:00:00+00:00
20.6,33,1018.6,10.9,100,2025-12-05 19:00:00+00:00
20.2,35,1018.4,10.4,100,2025-12-05 20:00:00+00:00
20.0,36,1018.1,10.3,100,2025-12-05 21:00:00+00:00
19.9,37,1017.7,9.7,100,2025-12-05 22:00:00+00:00
19.4,38,1017.8,9.3,100,2025-12-05 23:00:00+00:00
19.0,39,1018.3,9.3,99,2025-12-06 00:00:00+00:00
18.3,39,1018.7,9.4,88,2025-12-06 01:00:00+00:00
17.9,40,1019.4,9.7,98,2025-12-06 02:00:00+00:00
18.2,37,1020.0,10.4,100,2025-12-06 03:00:00+00:00
20.0,32,1020.4,10.7,100,2025-12-06 04:00:00+00:00
23.0,26,1020.3,9.5,100,2025-12-06 05:00:00+00:00
25.4,22,1020.2,8.6,100,2025-12-06 06:00:00+00:00
26.5,19,1019.4,10.5,100,2025-12-06 07:00:00+00:00
27.6,18,1018.4,11.9,100,2025-12-06 08:00:00+00:00
28.0,18,1017.7,11.4,90,2025-12-06 09:00:00+00:00
28.1,19,1017.1,10.3,4,2025-12-06 10:00:00+00:00
27.8,19,1016.8,9.7,0,2025-12-06 11:00:00+00:00
27.5,19,1016.7,9.2,0,2025-12-06 12:00:00+00:00
26.3,20,1016.9,9.4,0,2025-12-06 13:00:00+00:00
25.3,21,1017.5,10.4,0,2025-12-06 14:00:00+00:00
23.9,23,1017.7,11.1,2,2025-12-06 15:00:00+00:00
22.5,26,1018.0,10.5,4,2025-12-06 16:00:00+00:00
21.6,28,1018.3,10.2,19,2025-12-06 17:00:00+00:00
20.8,29,1018.4,10.0,100,2025-12-06 18:00:00+00:00
20.3,29,1018.2,9.8,91,2025-12-06 19:00:00+00:00
19.9,29,1018.0,9.7,92,2025-12-06 20:00:00+00:00
19.5,30,1017.9,9.1,53,2025-12-06 21:00:00+00:00
19.0,32,1018.0,9.1,48,2025-12-06 22:00:00+00:00
18.7,33,1018.1,9.2,16,2025-12-06 23:00:00+00:00
18.4,33,1018.1,9.2,19,2025-12-07 00:00:00+00:00
17.7,34,1018.3,9.1,0,2025-12-07 01:00:00+00:00
17.1,37,1018.8,9.4,17,2025-12-07 02:00:00+00:00
17.3,37,1019.6,9.3,85,2025-12-07 03:00:00+00:00
19.0,33,1019.9,7.8,0,2025-12-07 04:00:00+00:00
22.0,28,1020.0,6.0,22,2025-12-07 05:00:00+00:00
25.1,22,1019.9,5.5,40,2025-12-07 06:00:00+00:00
27.1,17,1019.1,4.4,40,2025-12-07 07:00:00+00:00
28.0,17,1017.7,2.9,52,2025-12-07 08:00:00+00:00
28.5,17,1016.8,1.3,97,2025-12-07 09:00:00+00:00
28.6,17,1016.2,2.4,23,2025-12-07 10:00:00+00:00
28.4,17,1016.0,3.6,0,2025-12-07 11:00:00+00:00
27.1,26,1015.9,6.7,2,2025-12-07 12:00:00+00:00
25.3,27,1016.4,9.0,0,2025-12-07 13:00:00+00:00
24.2,29,1017.0,8.8,0,2025-12-07 14:00:00+00:00
23.4,31,1017.4,7.5,0,2025-12-07 15:00:00+00:00
22.9,31,1017.7,7.0,0,2025-12-07 16:00:00+00:00
22.1,32,1017.8,7.6,0,2025-12-07 17:00:00+00:00
20.8,33,1018.0,7.1,0,2025-12-07 18:00:00+00:00
19.9,34,1017.7,7.0,0,2025-12-07 19:00:00+00:00
19.0,36,1017.8,7.9,0,2025-12-07 20:00:00+00:00
18.2,38,1017.4,8.1,0,2025-12-07 21:00:00+00:00
17.6,40,1017.5,8.3,0,2025-12-07 22:00:00+00:00
17.4,41,1017.5,8.0,0,2025-12-07 23:00:00+00:00
17.1,42,1017.6,8.7,0,2025-12-08 00:00:00+00:00
16.6,42,1018.0,9.7,0,2025-12-08 01:00:00+00:00
16.4,43,1018.9,9.4,0,2025-12-08 02:00:00+00:00
16.6,42,1019.5,8.9,0,2025-12-08 03:00:00+00:00
18.4,37,1020.5,7.9,0,2025-12-08 04:00:00+00:00
21.4,30,1020.8,5.7,0,2025-12-08 05:00:00+00:00
24.9,23,1020.2,5.2,0,2025-12-08 06:00:00+00:00
27.4,20,1019.2,4.8,0,2025-12-08 07:00:00+00:00
28.9,17,1018.1,3.8,0,2025-12-08 08:00:00+00:00
29.6,15,1017.2,3.2,0,2025-12-08 09:00:00+00:00
29.8,14,1016.9,4.4,0,2025-12-08 10:00:00+00:00
29.6,13,1016.9,3.1,0,2025-12-08 11:00:00+00:00
28.4,16,1017.3,2.0,0,2025-12-08 12:00:00+00:00
26.9,22,1017.6,2.1,0,2025-12-08 13:00:00+00:00
26.5,19,1018.1,6.6,0,2025-12-08 14:00:00+00:00
25.7,20,1018.4,9.9,0,2025-12-08 15:00:00+00:00
23.7,27,1018.6,10.1,0,2025-12-08 16:00:00+00:00
22.6,30,1018.5,10.1,0,2025-12-08 17:00:00+00:00
21.5,33,1018.5,9.8,0,2025-12-08 18:00:00+00:00
20.8,34,1018.1,10.4,0,2025-12-08 19:00:00+00:00
20.4,35,1017.5,10.3,0,2025-12-08 20:00:00+00:00
20.1,35,1017.4,9.6,0,2025-12-08 21:00:00+00:00
19.6,36,1017.2,9.1,0,2025-12-08 22:00:00+00:00
18.6,38,1017.3,8.8,0,2025-12-08 23:00:00+00:00
17.8,38,1017.5,9.2,0,2025-12-09 00:00:00+00:00
17.5,38,1017.8,9.0,0,2025-12-09 01:00:00+00:00
17.1,39,1018.4,8.1,0,2025-12-09 02:00:00+00:00
17.2,39,1018.8,7.6,0,2025-12-09 03:00:00+00:00
19.0,36,1019.4,5.7,0,2025-12-09 04:00:00+00:00
21.9,30,1020.0,3.1,0,2025-12-09 05:00:00+00:00
25.5,24,1019.7,1.4,0,2025-12-09 06:00:00+00:00
27.8,19,1019.0,1.3,0,2025-12-09 07:00:00+00:00
29.0,16,1018.0,0.7,0,2025-12-09 08:00:00+00:00
29.6,15,1017.0,3.1,0,2025-12-09 09:00:00+00:00
29.5,18,1016.3,6.5,0,2025-12-09 10:00:00+00:00
28.5,29,1016.2,8.6,0,2025-12-09 11:00:00+00:00
27.0,36,1016.2,7.7,0,2025-12-09 12:00:00+00:00
25.8,38,1016.6,6.0,0,2025-12-09 13:00:00+00:00
24.9,35,1017.3,6.2,0,2025-12-09 14:00:00+00:00
23.5,36,1017.7,6.0,0,2025-12-09 15:00:00+00:00
22.6,36,1017.6,3.8,0,2025-12-09 16:00:00+00:00
22.0,37,1017.5,3.8,0,2025-12-09 17:00:00+00:00
20.5,43,1017.7,3.3,0,2025-12-09 18:00:00+00:00
20.8,38,1017.6,3.9,0,2025-12-09 19:00:00+00:00
20.0,36,1017.4,4.6,0,2025-12-09 20:00:00+00:00
18.5,36,1017.4,6.4,0,2025-12-09 21:00:00+00:00
17.6,37,1017.0,6.4,0,2025-12-09 22:00:00+00:00
16.9,38,1017.0,6.3,0,2025-12-09 23:00:00+00:00
16.2,42,1017.1,4.9,0,2025-12-10 00:00:00+00:00
15.1,46,1017.5,5.9,0,2025-12-10 01:00:00+00:00
14.3,48,1018.1,6.7,0,2025-12-10 02:00:00+00:00
15.0,46,1018.8,7.0,0,2025-12-10 03:00:00+00:00
18.2,35,1019.1,5.0,0,2025-12-10 04:00:00+00:00
22.3,28,1019.1,4.2,0,2025-12-10 05:00:00+00:00
25.4,25,1018.9,1.0,0,2025-12-10 06:00:00+00:00
27.4,22,1018.1,2.3,0,2025-12-10 07:00:00+00:00
28.3,21,1017.4,6.2,0,2025-12-10 08:00:00+00:00
28.2,25,1016.6,9.1,0,2025-12-10 09:00:00+00:00
27.9,27,1016.2,9.8,0,2025-12-10 10:00:00+00:00
27.5,26,1016.4,9.7,0,2025-12-10 11:00:00+00:00
26.0,38,1016.2,7.8,0,2025-12-10 12:00:00+00:00
24.2,54,1016.4,7.2,0,2025-12-10 13:00:00+00:00
23.1,63,1017.1,6.0,0,2025-12-10 14:00:00+00:00
22.4,67,1017.3,5.6,0,2025-12-10 15:00:00+00:00
21.8,71,1017.7,5.6,0,2025-12-10 16:00:00+00:00
21.3,75,1017.7,4.7,0,2025-12-10 17:00:00+00:00
19.7,82,1017.8,2.7,0,2025-12-10 18:00:00+00:00
19.0,81,1017.4,4.7,0,2025-12-10 19:00:00+00:00
17.8,86,1017.2,5.4,0,2025-12-10 20:00:00+00:00
17.2,86,1016.8,4.7,0,2025-12-10 21:00:00+00:00
16.9,85,1016.1,4.5,0,2025-12-10 22:00:00+00:00
16.5,86,1016.0,4.5,0,2025-12-10 23:00:00+00:00
15.4,86,1015.9,2.7,0,2025-12-11 00:00:00+00:00
15.3,85,1016.2,2.7,0,2025-12-11 01:00:00+00:00
15.0,85,1016.7,3.1,0,2025-12-11 02:00:00+00:00
15.7,82,1017.3,2.9,0,2025-12-11 03:00:00+00:00
18.4,76,1017.9,1.8,1,2025-12-11 04:00:00+00:00
21.6,70,1018.4,1.3,2,2025-12-11 05:00:00+00:00
23.8,69,1017.9,3.8,0,2025-12-11 06:00:00+00:00
25.2,62,1016.9,5.4,0,2025-12-11 07:00:00+00:00
26.1,57,1016.0,7.3,1,2025-12-11 08:00:00+00:00
26.2,56,1015.0,9.2,2,2025-12-11 09:00:00+00:00
26.0,56,1014.8,10.2,5,2025-12-11 10:00:00+00:00
25.5,56,1014.9,9.3,5,2025-12-11 11:00:00+00:00
24.8,62,1014.7,8.2,0,2025-12-11 12:00:00+00:00
23.7,69,1015.2,7.6,0,2025-12-11 13:00:00+00:00
22.9,74,1015.7,7.1,0,2025-12-11 14:00:00+00:00
22.2,80,1015.9,6.0,0,2025-12-11 15:00:00+00:00
21.7,84,1016.2,5.2,0,2025-12-11 16:00:00+00:00
21.3,87,1016.1,4.7,0,2025-12-11 17:00:00+00:00
19.7,90,1016.3,3.3,0,2025-12-11 18:00:00+00:00
19.4,90,1016.1,4.0,0,2025-12-11 19:00:00+00:00
18.6,92,1015.6,3.8,11,2025-12-11 20:00:00+00:00
18.1,93,1015.3,4.2,38,2025-12-11 21:00:00+00:00
17.2,94,1014.9,4.9,50,2025-12-11 22:00:00+00:00
16.6,95,1014.6,5.8,98,2025-12-11 23:00:00+00:00
15.2,99,1014.9,5.8,100,2025-12-12 00:00:00+00:00
15.3,99,1015.0,5.6,100,2025-12-12 01:00:00+00:00
15.4,99,1015.6,4.5,100,2025-12-12 02:00:00+00:00
15.8,97,1015.8,3.8,100,2025-12-12 03:00:00+00:00
16.3,99,1016.5,3.2,100,2025-12-12 04:00:00+00:00
18.0,92,1016.9,2.3,100,2025-12-12 05:00:00+00:00
21.3,82,1016.6,3.3,35,2025-12-12 06:00:00+00:00
23.6,71,1015.8,5.8,8,2025-12-12 07:00:00+00:00
24.8,63,1014.8,8.5,1,2025-12-12 08:00:00+00:00
25.2,59,1014.0,9.5,3,2025-12-12 09:00:00+00:00
25.4,57,1013.5,10.4,39,2025-12-12 10:00:00+00:00
25.2,54,1013.4,11.1,100,2025-12-12 11:00:00+00:00
24.4,57,1013.3,10.5,70,2025-12-12 12:00:00+00:00
23.2,65,1013.8,8.6,0,2025-12-12 13:00:00+00:00
22.5,70,1014.5,7.2,0,2025-12-12 14:00:00+00:00
22.1,73,1015.0,7.0,15,2025-12-12 15:00:00+00:00
21.7,77,1015.1,6.9,91,2025-12-12 16:00:00+00:00
21.3,78,1015.1,6.7,79,2025-12-12 17:00:00+00:00
20.4,77,1015.0,4.4,95,2025-12-12 18:00:00+00:00
20.3,77,1014.5,4.6,79,2025-12-12 19:00:00+00:00
19.9,79,1014.1,4.7,19,2025-12-12 20:00:00+00:00
19.6,81,1013.8,5.2,0,2025-12-12 21:00:00+00:00
19.4,84,1013.5,5.7,0,2025-12-12 22:00:00+00:00
19.2,86,1013.3,5.6,2,2025-12-12 23:00:00+00:00
19.0,83,1013.4,5.6,0,2025-12-13 00:00:00+00:00
18.3,85,1013.7,4.4,3,2025-12-13 01:00:00+00:00
17.2,87,1014.5,5.9,13,2025-12-13 02:00:00+00:00
16.6,89,1015.3,6.7,17,2025-12-13 03:00:00+00:00
18.8,80,1015.7,4.2,29,2025-12-13 04:00:00+00:00
22.0,67,1016.4,2.7,73,2025-12-13 05:00:00+00:00
24.1,65,1016.4,4.1,89,2025-12-13 06:00:00+00:00
25.5,56,1015.7,6.4,75,2025-12-13 07:00:00+00:00
26.3,50,1014.8,8.1,33,2025-12-13 08:00:00+00:00
26.6,48,1014.0,9.5,4,2025-12-13 09:00:00+00:00
26.3,47,1013.5,10.1,0,2025-12-13 10:00:00+00:00
25.6,51,1013.4,10.1,0,2025-12-13 11:00:00+00:00
24.7,55,1013.4,9.5,0,2025-12-13 12:00:00+00:00
23.5,66,1013.9,8.1,0,2025-12-13 13:00:00+00:00
22.6,74,1014.8,6.8,0,2025-12-13 14:00:00+00:00
21.9,78,1015.2,4.8,0,2025-12-13 15:00:00+00:00
21.3,81,1015.4,3.7,0,2025-12-13 16:00:00+00:00
20.8,83,1015.3,3.4,0,2025-12-13 17:00:00+00:00
19.7,88,1015.4,2.5,0,2025-12-13 18:00:00+00:00
19.7,87,1015.2,4.8,0,2025-12-13 19:00:00+00:00
19.1,89,1015.0,5.4,55,2025-12-13 20:00:00+00:00
18.4,91,1014.7,5.6,83,2025-12-13 21:00:00+00:00
17.6,94,1014.5,6.2,100,2025-12-13 22:00:00+00:00
17.1,94,1014.5,6.0,99,2025-12-13 23:00:00+00:00
16.6,92,1014.9,6.5,100,2025-12-14 00:00:00+00:00
16.3,89,1015.4,7.1,2,2025-12-14 01:00:00+00:00
16.2,89,1016.4,7.3,0,2025-12-14 02:00:00+00:00
16.6,84,1017.1,7.8,6,2025-12-14 03:00:00+00:00
18.4,72,1017.8,7.2,20,2025-12-14 04:00:00+00:00
21.4,57,1018.3,5.9,93,2025-12-14 05:00:00+00:00
23.2,51,1018.0,6.4,95,2025-12-14 06:00:00+00:00
24.6,39,1017.5,4.5,100,2025-12-14 07:00:00+00:00
25.6,33,1016.3,3.5,96,2025-12-14 08:00:00+00:00
26.4,29,1015.4,2.9,100,2025-12-14 09:00:00+00:00
26.6,28,1014.8,3.4,98,2025-12-14 10:00:00+00:00
26.2,32,1014.8,5.0,99,2025-12-14 11:00:00+00:00
25.4,43,1014.9,7.3,87,2025-12-14 12:00:00+00:00
24.0,55,1015.3,8.1,40,2025-12-14 13:00:00+00:00
23.1,59,1016.1,6.4,0,2025-12-14 14:00:00+00:00
22.5,59,1016.3,2.8,0,2025-12-14 15:00:00+00:00
22.0,53,1016.9,8.3,0,2025-12-14 16:00:00+00:00
21.0,47,1017.0,9.6,0,2025-12-14 17:00:00+00:00
19.9,51,1017.1,9.9,0,2025-12-14 18:00:00+00:00
19.2,53,1016.8,10.3,0,2025-12-14 19:00:00+00:00
18.5,56,1016.5,10.7,0,2025-12-14 20:00:00+00:00
18.1,58,1016.6,10.4,0,2025-12-14 21:00:00+00:00
17.6,60,1016.4,10.7,0,2025-12-14 22:00:00+00:00
17.3,61,1016.1,11.1,0,2025-12-14 23:00:00+00:00
17.1,61,1016.3,11.1,0,2025-12-15 00:00:00+00:00
16.8,62,1016.9,10.5,0,2025-12-15 01:00:00+00:00
16.5,63,1017.7,10.4,0,2025-12-15 02:00:00+00:00
16.6,62,1018.2,10.0,0,2025-12-15 03:00:00+00:00
18.1,56,1018.9,8.0,9,2025-12-15 04:00:00+00:00
20.8,47,1019.5,6.7,19,2025-12-15 05:00:00+00:00
23.6,39,1019.2,6.4,73,2025-12-15 06:00:00+00:00
25.5,31,1018.1,6.5,56,2025-12-15 07:00:00+00:00
26.6,28,1017.0,5.2,96,2025-12-15 08:00:00+00:00
27.3,26,1015.8,4.4,98,2025-12-15 09:00:00+00:00
27.5,25,1015.1,3.6,88,2025-12-15 10:00:00+00:00
27.4,25,1015.0,3.1,32,2025-12-15 11:00:00+00:00
27.0,27,1015.0,4.1,0,2025-12-15 12:00:00+00:00
25.7,31,1015.6,2.0,5,2025-12-15 13:00:00+00:00
24.8,33,1016.2,5.2,0,2025-12-15 14:00:00+00:00
23.7,35,1016.8,10.0,0,2025-12-15 15:00:00+00:00
22.1,42,1017.1,11.0,1,2025-12-15 16:00:00+00:00
21.0,47,1017.2,11.0,0,2025-12-15 17:00:00+00:00
20.1,51,1017.4,11.0,0,2025-12-15 18:00:00+00:00
19.6,54,1017.0,11.1,0,2025-12-15 19:00:00+00:00
19.1,56,1016.4,11.2,0,2025-12-15 20:00:00+00:00
18.7,58,1016.1,11.1,0,2025-12-15 21:00:00+00:00
18.3,58,1015.3,11.6,0,2025-12-15 22:00:00+00:00
18.1,58,1015.3,11.9,0,2025-12-15 23:00:00+00:00
17.8,58,1015.2,11.9,0,2025-12-16 00:00:00+00:00
17.6,57,1015.5,11.7,0,2025-12-16 01:00:00+00:00
17.5,57,1016.2,11.8,0,2025-12-16 02:00:00+00:00
17.8,55,1016.9,11.9,0,2025-12-16 03:00:00+00:00
19.6,49,1017.6,11.1,0,2025-12-16 04:00:00+00:00
22.1,42,1018.1,10.7,0,2025-12-16 05:00:00+00:00
24.6,36,1017.6,11.6,0,2025-12-16 06:00:00+00:00
26.3,30,1016.6,14.1,0,2025-12-16 07:00:00+00:00
27.3,28,1015.6,14.1,0,2025-12-16 08:00:00+00:00
27.9,26,1014.6,13.5,0,2025-12-16 09:00:00+00:00
28.1,25,1014.2,12.2,0,2025-12-16 10:00:00+00:00
27.9,26,1014.0,11.7,0,2025-12-16 11:00:00+00:00
27.0,28,1014.3,11.4,0,2025-12-16 12:00:00+00:00
25.6,31,1014.6,11.1,0,2025-12-16 13:00:00+00:00
24.4,35,1015.2,12.2,0,2025-12-16 14:00:00+00:00
23.1,38,1015.8,12.1,0,2025-12-16 15:00:00+00:00
21.9,43,1016.0,12.5,0,2025-12-16 16:00:00+00:00
21.1,46,1016.4,12.7,0,2025-12-16 17:00:00+00:00
20.4,49,1016.7,12.7,0,2025-12-16 18:00:00+00:00
20.1,49,1016.3,12.4,0,2025-12-16 19:00:00+00:00
19.9,49,1016.0,11.5,0,2025-12-16 20:00:00+00:00
19.6,49,1016.0,10.9,0,2025-12-16 21:00:00+00:00
19.1,49,1015.8,10.4,0,2025-12-16 22:00:00+00:00
18.7,50,1015.6,10.2,0,2025-12-16 23:00:00+00:00
18.1,50,1015.9,8.6,0,2025-12-17 00:00:00+00:00
17.5,51,1016.4,9.2,0,2025-12-17 01:00:00+00:00
17.1,53,1017.3,9.8,0,2025-12-17 02:00:00+00:00
17.4,52,1017.8,10.7,0,2025-12-17 03:00:00+00:00
19.3,47,1018.2,10.5,0,2025-12-17 04:00:00+00:00
22.0,41,1018.6,9.7,0,2025-12-17 05:00:00+00:00
24.6,35,1018.6,10.8,0,2025-12-17 06:00:00+00:00
26.3,30,1017.7,12.8,0,2025-12-17 07:00:00+00:00
27.3,28,1016.9,10.8,0,2025-12-17 08:00:00+00:00
27.8,26,1016.0,10.0,0,2025-12-17 09:00:00+00:00
28.0,25,1015.4,9.3,0,2025-12-17 10:00:00+00:00
27.7,25,1014.8,9.4,0,2025-12-17 11:00:00+00:00
26.9,28,1015.0,8.0,0,2025-12-17 12:00:00+00:00
25.6,33,1015.6,7.0,1,2025-12-17 13:00:00+00:00
25.0,34,1016.4,7.5,57,2025-12-17 14:00:00+00:00
24.2,35,1016.9,8.9,4,2025-12-17 15:00:00+00:00
22.9,39,1017.1,10.6,17,2025-12-17 16:00:00+00:00
22.0,42,1017.0,10.1,38,2025-12-17 17:00:00+00:00
21.0,44,1017.3,9.2,74,2025-12-17 18:00:00+00:00
20.1,47,1017.2,9.0,100,2025-12-17 19:00:00+00:00
19.4,50,1017.0,8.6,98,2025-12-17 20:00:00+00:00
18.7,53,1017.1,8.4,76,2025-12-17 21:00:00+00:00
18.1,54,1017.0,8.4,34,2025-12-17 22:00:00+00:00
17.5,56,1017.0,8.5,20,2025-12-17 23:00:00+00:00
17.1,55,1017.3,8.4,38,2025-12-18 00:00:00+00:00
16.8,56,1017.6,8.5,95,2025-12-18 01:00:00+00:00
16.2,57,1018.2,8.5,98,2025-12-18 02:00:00+00:00
16.4,55,1019.0,8.3,100,2025-12-18 03:00:00+00:00
18.3,49,1019.5,7.7,100,2025-12-18 04:00:00+00:00
21.1,42,1019.6,7.0,100,2025-12-18 05:00:00+00:00
24.4,33,1019.4,3.9,100,2025-12-18 06:00:00+00:00
26.1,29,1018.4,2.3,100,2025-12-18 07:00:00+00:00
27.0,26,1017.1,0.8,99,2025-12-18 08:00:00+00:00
27.6,25,1016.1,2.7,98,2025-12-18 09:00:00+00:00
27.6,26,1015.5,6.2,100,2025-12-18 10:00:00+00:00
26.5,37,1015.2,9.5,95,2025-12-18 11:00:00+00:00
25.3,45,1015.3,9.7,33,2025-12-18 12:00:00+00:00
24.0,50,1015.4,7.9,43,2025-12-18 13:00:00+00:00
23.2,50,1016.0,7.3,88,2025-12-18 14:00:00+00:00
22.4,51,1016.6,7.8,20,2025-12-18 15:00:00+00:00
21.8,51,1017.0,7.9,23,2025-12-18 16:00:00+00:00
21.4,48,1017.2,7.6,38,2025-12-18 17:00:00+00:00
20.9,44,1017.3,6.9,23,2025-12-18 18:00:00+00:00
20.4,44,1016.8,7.5,13,2025-12-18 19:00:00+00:00
19.9,45,1016.5,7.4,0,2025-12-18 20:00:00+00:00
19.4,47,1016.1,6.8,0,2025-12-18 21:00:00+00:00
19.0,49,1015.8,6.6,2,2025-12-18 22:00:00+00:00
18.6,50,1015.5,6.9,2,2025-12-18 23:00:00+00:00
18.1,51,1015.8,6.9,4,2025-12-19 00:00:00+00:00
17.9,51,1015.8,7.7,4,2025-12-19 01:00:00+00:00
17.7,51,1016.3,7.3,5,2025-12-19 02:00:00+00:00
17.9,50,1016.9,7.3,12,2025-12-19 03:00:00+00:00
19.5,45,1017.5,5.5,33,2025-12-19 04:00:00+00:00
22.1,39,1017.8,4.4,44,2025-12-19 05:00:00+00:00
24.4,34,1017.2,3.8,55,2025-12-19 06:00:00+00:00
26.1,29,1016.3,3.7,63,2025-12-19 07:00:00+00:00
27.1,27,1015.1,3.1,59,2025-12-19 08:00:00+00:00
27.9,26,1014.0,2.4,4,2025-12-19 09:00:00+00:00
28.6,24,1013.4,2.9,13,2025-12-19 10:00:00+00:00
28.4,26,1012.9,4.6,0,2025-12-19 11:00:00+00:00
27.4,33,1012.6,6.9,1,2025-12-19 12:00:00+00:00
25.6,46,1012.9,7.7,0,2025-12-19 13:00:00+00:00
24.4,52,1013.5,6.5,0,2025-12-19 14:00:00+00:00
23.7,53,1013.9,6.6,1,2025-12-19 15:00:00+00:00
23.1,55,1014.2,4.6,1,2025-12-19 16:00:00+00:00
22.7,56,1014.0,5.6,0,2025-12-19 17:00:00+00:00
22.3,57,1014.3,4.5,18,2025-12-19 18:00:00+00:00
22.2,54,1013.7,4.7,85,2025-12-19 19:00:00+00:00
22.0,49,1013.3,4.5,100,2025-12-19 20:00:00+00:00
21.8,47,1013.4,2.8,100,2025-12-19 21:00:00+00:00
21.2,48,1013.1,3.3,100,2025-12-19 22:00:00+00:00
20.9,48,1012.7,2.6,100,2025-12-19 23:00:00+00:00
20.6,48,1012.7,2.1,98,2025-12-20 00:00:00+00:00
19.4,53,1012.8,1.9,64,2025-12-20 01:00:00+00:00
19.1,51,1013.3,2.4,91,2025-12-20 02:00:00+00:00
19.0,51,1013.7,4.1,84,2025-12-20 03:00:00+00:00
20.9,45,1014.4,2.7,77,2025-12-20 04:00:00+00:00
23.7,36,1015.1,1.9,99,2025-12-20 05:00:00+00:00
25.9,32,1014.7,1.2,99,2025-12-20 06:00:00+00:00
26.9,30,1013.9,3.8,99,2025-12-20 07:00:00+00:00
27.6,29,1012.9,6.0,100,2025-12-20 08:00:00+00:00
27.6,30,1012.1,7.7,100,2025-12-20 09:00:00+00:00
27.5,31,1011.7,8.3,100,2025-12-20 10:00:00+00:00
26.7,36,1011.4,8.5,100,2025-12-20 11:00:00+00:00
26.1,49,1011.3,8.5,100,2025-12-20 12:00:00+00:00
25.1,55,1011.7,8.4,100,2025-12-20 13:00:00+00:00
24.2,60,1012.5,7.0,100,2025-12-20 14:00:00+00:00
23.5,65,1013.0,5.3,99,2025-12-20 15:00:00+00:00
22.9,69,1013.4,4.7,99,2025-12-20 16:00:00+00:00
22.2,72,1013.3,5.4,99,2025-12-20 17:00:00+00:00
21.5,75,1013.5,5.4,100,2025-12-20 18:00:00+00:00
21.0,78,1013.3,5.4,98,2025-12-20 19:00:00+00:00
20.6,80,1013.3,5.1,98,2025-12-20 20:00:00+00:00
20.3,82,1013.4,5.2,100,2025-12-20 21:00:00+00:00
20.3,83,1013.0,4.7,100,2025-12-20 22:00:00+00:00
20.0,87,1012.9,4.2,91,2025-12-20 23:00:00+00:00
19.0,91,1013.1,2.1,48,2025-12-21 00:00:00+00:00
19.0,92,1013.3,1.4,98,2025-12-21 01:00:00+00:00
18.9,94,1013.8,1.9,92,2025-12-21 02:00:00+00:00
19.1,93,1014.6,3.2,93,2025-12-21 03:00:00+00:00
21.2,85,1015.2,2.2,73,2025-12-21 04:00:00+00:00
23.6,75,1015.7,1.1,77,2025-12-21 05:00:00+00:00
25.1,68,1015.8,5.2,84,2025-12-21 06:00:00+00:00
26.3,57,1015.1,6.9,100,2025-12-21 07:00:00+00:00
26.7,54,1014.2,9.2,100,2025-12-21 08:00:00+00:00
26.7,52,1013.5,10.5,100,2025-12-21 09:00:00+00:00
26.6,50,1013.1,10.8,100,2025-12-21 10:00:00+00:00
26.2,49,1012.9,10.8,99,2025-12-21 11:00:00+00:00
25.5,46,1013.2,8.7,95,2025-12-21 12:00:00+00:00
24.2,55,1013.5,7.7,95,2025-12-21 13:00:00+00:00
23.3,65,1014.0,7.1,87,2025-12-21 14:00:00+00:00
22.7,72,1014.6,6.8,55,2025-12-21 15:00:00+00:00
22.0,77,1015.1,7.0,89,2025-12-21 16:00:00+00:00
21.5,79,1015.2,7.6,6,2025-12-21 17:00:00+00:00
21.4,67,1015.4,8.1,1,2025-12-21 18:00:00+00:00
21.4,62,1015.2,7.7,0,2025-12-21 19:00:00+00:00
21.1,61,1015.3,8.1,0,2025-12-21 20:00:00+00:00
20.7,60,1015.1,8.6,0,2025-12-21 21:00:00+00:00
20.4,56,1015.0,8.5,0,2025-12-21 22:00:00+00:00
19.9,55,1014.9,7.8,0,2025-12-21 23:00:00+00:00
18.8,70,1015.0,8.5,0,2025-12-22 00:00:00+00:00
18.6,69,1015.0,8.7,0,2025-12-22 01:00:00+00:00
18.0,68,1015.5,8.7,0,2025-12-22 02:00:00+00:00
17.9,64,1016.0,7.5,0,2025-12-22 03:00:00+00:00
19.4,56,1016.9,6.0,0,2025-12-22 04:00:00+00:00
22.1,46,1017.4,3.4,0,2025-12-22 05:00:00+00:00
24.8,33,1017.4,2.7,0,2025-12-22 06:00:00+00:00
25.9,30,1016.5,1.5,0,2025-12-22 07:00:00+00:00
26.6,30,1015.4,4.1,0,2025-12-22 08:00:00+00:00
26.8,31,1014.7,6.7,0,2025-12-22 09:00:00+00:00
26.7,33,1014.0,8.5,0,2025-12-22 10:00:00+00:00
26.1,36,1013.6,9.3,0,2025-12-22 11:00:00+00:00
25.0,43,1013.7,9.7,0,2025-12-22 12:00:00+00:00
23.6,48,1014.1,8.5,0,2025-12-22 13:00:00+00:00
22.7,50,1014.8,6.8,0,2025-12-22 14:00:00+00:00
22.1,50,1015.4,7.0,0,2025-12-22 15:00:00+00:00
21.9,48,1016.1,8.3,0,2025-12-22 16:00:00+00:00
22.0,51,1016.2,8.5,0,2025-12-22 17:00:00+00:00
21.1,58,1016.4,9.5,0,2025-12-22 18:00:00+00:00
20.4,61,1016.2,9.9,1,2025-12-22 19:00:00+00:00
20.0,63,1015.9,9.9,9,2025-12-22 20:00:00+00:00
19.6,65,1015.9,10.4,15,2025-12-22 21:00:00+00:00
19.2,66,1015.9,10.7,73,2025-12-22 22:00:00+00:00
18.8,67,1015.7,11.0,98,2025-12-22 23:00:00+00:00
18.6,66,1015.6,11.4,36,2025-12-23 00:00:00+00:00
18.2,67,1015.8,11.7,0,2025-12-23 01:00:00+00:00
17.7,68,1016.5,11.5,0,2025-12-23 02:00:00+00:00
17.7,68,1017.2,11.6,0,2025-12-23 03:00:00+00:00
19.2,62,1018.2,9.8,0,2025-12-23 04:00:00+00:00
21.7,51,1018.8,8.9,0,2025-12-23 05:00:00+00:00
24.1,41,1018.4,10.7,0,2025-12-23 06:00:00+00:00
25.5,34,1017.5,10.3,0,2025-12-23 07:00:00+00:00
26.2,30,1016.4,9.4,0,2025-12-23 08:00:00+00:00
26.7,27,1015.4,8.5,0,2025-12-23 09:00:00+00:00
26.9,26,1014.8,8.0,0,2025-12-23 10:00:00+00:00
26.7,26,1014.6,8.2,0,2025-12-23 11:00:00+00:00
26.2,26,1014.8,8.6,0,2025-12-23 12:00:00+00:00
25.2,29,1015.1,8.9,0,2025-12-23 13:00:00+00:00
24.3,32,1016.0,11.0,0,2025-12-23 14:00:00+00:00
23.3,36,1016.3,11.4,0,2025-12-23 15:00:00+00:00
21.9,43,1016.7,10.9,0,2025-12-23 16:00:00+00:00
20.9,48,1016.9,10.0,0,2025-12-23 17:00:00+00:00
20.0,54,1017.2,9.4,0,2025-12-23 18:00:00+00:00
19.4,57,1016.9,9.1,0,2025-12-23 19:00:00+00:00
18.8,58,1016.7,9.5,0,2025-12-23 20:00:00+00:00
18.3,58,1016.3,9.6,0,2025-12-23 21:00:00+00:00
17.8,57,1015.8,10.0,0,2025-12-23 22:00:00+00:00
17.4,56,1015.4,10.2,0,2025-12-23 23:00:00+00:00
16.9,56,1015.6,10.1,0,2025-12-24 00:00:00+00:00
16.7,56,1015.9,9.8,0,2025-12-24 01:00:00+00:00
16.4,56,1016.5,9.5,0,2025-12-24 02:00:00+00:00
16.4,55,1017.1,9.3,0,2025-12-24 03:00:00+00:00
17.6,50,1017.6,7.3,0,2025-12-24 04:00:00+00:00
20.3,40,1018.3,6.1,0,2025-12-24 05:00:00+00:00
22.8,34,1018.3,5.6,0,2025-12-24 06:00:00+00:00
24.4,28,1017.2,5.2,0,2025-12-24 07:00:00+00:00
25.4,24,1015.8,3.6,0,2025-12-24 08:00:00+00:00
26.1,22,1015.1,1.2,0,2025-12-24 09:00:00+00:00
26.4,21,1014.5,2.1,0,2025-12-24 10:00:00+00:00
26.0,23,1014.1,5.5,0,2025-12-24 11:00:00+00:00
24.5,39,1014.1,10.5,0,2025-12-24 12:00:00+00:00
23.0,45,1014.3,10.4,0,2025-12-24 13:00:00+00:00
21.9,49,1014.8,9.1,2,2025-12-24 14:00:00+00:00
21.0,54,1015.1,7.8,61,2025-12-24 15:00:00+00:00
20.2,57,1015.2,6.4,59,2025-12-24 16:00:00+00:00
19.6,59,1015.3,6.9,43,2025-12-24 17:00:00+00:00
18.7,61,1015.3,7.1,91,2025-12-24 18:00:00+00:00
18.4,57,1015.1,7.0,91,2025-12-24 19:00:00+00:00
17.8,54,1014.7,7.2,70,2025-12-24 20:00:00+00:00
17.1,54,1014.7,7.4,5,2025-12-24 21:00:00+00:00
16.4,55,1014.4,7.4,0,2025-12-24 22:00:00+00:00
15.8,58,1014.4,7.2,0,2025-12-24 23:00:00+00:00
15.3,60,1014.5,5.0,32,2025-12-25 00:00:00+00:00
14.9,62,1014.8,5.1,100,2025-12-25 01:00:00+00:00
14.8,63,1015.1,5.7,100,2025-12-25 02:00:00+00:00
15.0,61,1016.0,6.0,100,2025-12-25 03:00:00+00:00
16.7,56,1016.7,4.9,100,2025-12-25 04:00:00+00:00
19.8,46,1017.2,3.1,99,2025-12-25 05:00:00+00:00
22.1,47,1017.1,1.4,95,2025-12-25 06:00:00+00:00
23.5,44,1016.3,2.5,94,2025-12-25 07:00:00+00:00
24.1,42,1015.1,5.1,100,2025-12-25 08:00:00+00:00
24.2,45,1014.2,6.9,100,2025-12-25 09:00:00+00:00
24.1,48,1013.8,7.9,100,2025-12-25 10:00:00+00:00
23.7,52,1013.5,7.9,85,2025-12-25 11:00:00+00:00
23.1,52,1013.5,8.9,100,2025-12-25 12:00:00+00:00
22.3,55,1014.1,8.9,100,2025-12-25 13:00:00+00:00
21.6,60,1014.8,7.9,91,2025-12-25 14:00:00+00:00
20.8,66,1015.2,6.0,100,2025-12-25 15:00:00+00:00
20.1,71,1015.5,5.9,100,2025-12-25 16:00:00+00:00
19.6,74,1015.6,6.2,100,2025-12-25 17:00:00+00:00
19.4,78,1015.7,4.9,100,2025-12-25 18:00:00+00:00
19.2,79,1015.1,4.0,63,2025-12-25 19:00:00+00:00
18.4,83,1014.9,5.2,11,2025-12-25 20:00:00+00:00
17.4,88,1014.9,5.9,58,2025-12-25 21:00:00+00:00
16.8,90,1014.6,6.5,14,2025-12-25 22:00:00+00:00
16.2,91,1014.3,6.3,0,2025-12-25 23:00:00+00:00
15.5,92,1014.5,5.9,1,2025-12-26 00:00:00+00:00
15.1,91,1014.9,7.1,0,2025-12-26 01:00:00+00:00
14.9,89,1015.6,7.3,0,2025-12-26 02:00:00+00:00
15.1,83,1016.2,7.4,0,2025-12-26 03:00:00+00:00
17.1,70,1016.7,7.1,0,2025-12-26 04:00:00+00:00
20.2,54,1016.9,5.4,1,2025-12-26 05:00:00+00:00
22.2,55,1016.8,2.4,1,2025-12-26 06:00:00+00:00
23.5,43,1015.9,1.0,1,2025-12-26 07:00:00+00:00
24.2,39,1014.8,3.6,0,2025-12-26 08:00:00+00:00
24.6,39,1013.9,6.2,5,2025-12-26 09:00:00+00:00
24.4,40,1013.4,7.9,23,2025-12-26 10:00:00+00:00
23.8,45,1013.3,8.7,13,2025-12-26 11:00:00+00:00
22.9,51,1013.4,8.2,0,2025-12-26 12:00:00+00:00
22.0,58,1013.6,6.6,5,2025-12-26 13:00:00+00:00
21.3,63,1014.3,6.3,70,2025-12-26 14:00:00+00:00
20.6,65,1014.6,5.8,88,2025-12-26 15:00:00+00:00
20.0,67,1015.1,6.8,29,2025-12-26 16:00:00+00:00
19.4,69,1015.2,6.3,60,2025-12-26 17:00:00+00:00
18.7,70,1015.3,5.2,48,2025-12-26 18:00:00+00:00
18.4,71,1015.3,6.5,73,2025-12-26 19:00:00+00:00
18.1,71,1015.1,7.2,27,2025-12-26 20:00:00+00:00
17.7,69,1015.1,7.9,17,2025-12-26 21:00:00+00:00
17.3,65,1015.1,7.8,11,2025-12-26 22:00:00+00:00
16.7,61,1014.9,8.1,0,2025-12-26 23:00:00+00:00
16.0,57,1014.8,8.1,0,2025-12-27 00:00:00+00:00
15.5,59,1015.1,8.4,0,2025-12-27 01:00:00+00:00
15.1,61,1015.5,8.3,0,2025-12-27 02:00:00+00:00
15.3,61,1016.3,8.0,0,2025-12-27 03:00:00+00:00
16.8,56,1017.1,7.9,0,2025-12-27 04:00:00+00:00
19.8,46,1017.7,5.0,0,2025-12-27 05:00:00+00:00
22.6,36,1017.6,4.8,0,2025-12-27 06:00:00+00:00
24.3,30,1016.9,4.3,0,2025-12-27 07:00:00+00:00
25.1,28,1015.6,2.8,0,2025-12-27 08:00:00+00:00
25.5,26,1014.5,3.6,0,2025-12-27 09:00:00+00:00
25.6,27,1013.9,6.0,0,2025-12-27 10:00:00+00:00
25.2,30,1013.4,8.2,0,2025-12-27 11:00:00+00:00
23.9,39,1013.4,10.5,0,2025-12-27 12:00:00+00:00
22.6,44,1013.7,9.9,0,2025-12-27 13:00:00+00:00
21.9,43,1014.5,7.3,0,2025-12-27 14:00:00+00:00
21.3,46,1015.0,7.3,0,2025-12-27 15:00:00+00:00
20.7,50,1015.4,7.0,0,2025-12-27 16:00:00+00:00
20.2,52,1015.5,7.0,0,2025-12-27 17:00:00+00:00
19.3,53,1015.6,7.1,0,2025-12-27 18:00:00+00:00
18.8,48,1015.4,8.6,0,2025-12-27 19:00:00+00:00
18.4,44,1015.2,7.2,0,2025-12-27 20:00:00+00:00
17.7,46,1015.1,7.8,0,2025-12-27 21:00:00+00:00
17.0,49,1015.3,7.6,0,2025-12-27 22:00:00+00:00
16.4,51,1015.4,7.0,0,2025-12-27 23:00:00+00:00
16.1,52,1015.2,6.7,0,2025-12-28 00:00:00+00:00
15.8,52,1015.4,7.9,0,2025-12-28 01:00:00+00:00
15.6,51,1016.0,8.3,0,2025-12-28 02:00:00+00:00
15.7,51,1016.7,7.9,0,2025-12-28 03:00:00+00:00
17.1,47,1017.4,7.5,13,2025-12-28 04:00:00+00:00
20.0,39,1017.9,4.3,20,2025-12-28 05:00:00+00:00
22.9,31,1018.0,4.5,46,2025-12-28 06:00:00+00:00
24.5,27,1017.0,3.6,58,2025-12-28 07:00:00+00:00
25.3,26,1015.8,3.8,87,2025-12-28 08:00:00+00:00
25.5,26,1014.4,4.9,89,2025-12-28 09:00:00+00:00
25.7,26,1014.1,5.5,74,2025-12-28 10:00:00+00:00
25.4,27,1013.5,6.3,32,2025-12-28 11:00:00+00:00
24.4,34,1013.4,8.6,19,2025-12-28 12:00:00+00:00
22.9,42,1013.7,8.1,43,2025-12-28 13:00:00+00:00
22.0,45,1014.2,6.6,47,2025-12-28 14:00:00+00:00
21.1,48,1014.8,6.4,9,2025-12-28 15:00:00+00:00
20.4,52,1015.1,7.0,18,2025-12-28 16:00:00+00:00
20.1,53,1015.3,6.8,0,2025-12-28 17:00:00+00:00
19.3,54,1015.6,6.9,0,2025-12-28 18:00:00+00:00
19.1,49,1015.1,7.4,0,2025-12-28 19:00:00+00:00
18.7,46,1015.0,7.7,0,2025-12-28 20:00:00+00:00
18.2,45,1014.7,7.3,0,2025-12-28 21:00:00+00:00
17.4,47,1014.3,7.6,0,2025-12-28 22:00:00+00:00
16.7,51,1014.2,6.9,0,2025-12-28 23:00:00+00:00
16.0,55,1014.2,6.2,0,2025-12-29 00:00:00+00:00
15.5,58,1014.4,6.6,0,2025-12-29 01:00:00+00:00
15.1,60,1015.1,7.2,0,2025-12-29 02:00:00+00:00
15.2,60,1015.8,7.4,0,2025-12-29 03:00:00+00:00
16.9,54,1016.9,6.0,0,2025-12-29 04:00:00+00:00
19.6,44,1017.5,4.2,0,2025-12-29 05:00:00+00:00
22.2,38,1017.3,4.1,0,2025-12-29 06:00:00+00:00
24.2,33,1016.5,4.1,0,2025-12-29 07:00:00+00:00
25.2,32,1015.3,4.3,0,2025-12-29 08:00:00+00:00
25.5,32,1014.1,6.5,0,2025-12-29 09:00:00+00:00
25.3,33,1013.7,7.6,0,2025-12-29 10:00:00+00:00
25.0,34,1013.2,7.9,0,2025-12-29 11:00:00+00:00
24.1,36,1013.1,7.6,0,2025-12-29 12:00:00+00:00
22.8,43,1013.4,7.7,0,2025-12-29 13:00:00+00:00
22.0,51,1014.5,8.1,0,2025-12-29 14:00:00+00:00
21.2,59,1014.8,8.5,0,2025-12-29 15:00:00+00:00
20.7,62,1015.1,7.6,0,2025-12-29 16:00:00+00:00
20.2,63,1015.2,7.8,0,2025-12-29 17:00:00+00:00
19.4,65,1015.3,6.7,0,2025-12-29 18:00:00+00:00
18.7,67,1014.8,6.1,0,2025-12-29 19:00:00+00:00
18.0,70,1014.3,6.7,2,2025-12-29 20:00:00+00:00
17.8,70,1014.0,5.1,1,2025-12-29 21:00:00+00:00
17.6,71,1013.4,4.8,0,2025-12-29 22:00:00+00:00
17.0,73,1013.2,5.2,0,2025-12-29 23:00:00+00:00
16.8,70,1012.8,4.4,6,2025-12-30 00:00:00+00:00
16.4,70,1013.2,5.3,5,2025-12-30 01:00:00+00:00
16.2,69,1013.6,6.0,5,2025-12-30 02:00:00+00:00
16.4,66,1014.3,4.9,8,2025-12-30 03:00:00+00:00
18.2,58,1015.0,4.4,4,2025-12-30 04:00:00+00:00
21.3,48,1015.6,3.3,8,2025-12-30 05:00:00+00:00
23.0,51,1015.3,2.5,9,2025-12-30 06:00:00+00:00
24.0,52,1014.0,6.7,6,2025-12-30 07:00:00+00:00
24.4,53,1012.7,8.5,9,2025-12-30 08:00:00+00:00
24.2,56,1011.7,10.7,11,2025-12-30 09:00:00+00:00
23.9,60,1011.3,10.1,17,2025-12-30 10:00:00+00:00
23.4,66,1010.9,11.9,32,2025-12-30 11:00:00+00:00
22.7,72,1010.3,10.3,35,2025-12-30 12:00:00+00:00
22.5,75,1010.5,7.9,14,2025-12-30 13:00:00+00:00
22.2,79,1011.0,7.2,20,2025-12-30 14:00:00+00:00
22.1,80,1011.5,9.1,21,2025-12-30 15:00:00+00:00
21.7,84,1011.4,11.8,16,2025-12-30 16:00:00+00:00
21.4,86,1011.4,12.1,24,2025-12-30 17:00:00+00:00
21.4,86,1011.1,9.2,43,2025-12-30 18:00:00+00:00
21.7,83,1010.8,8.9,59,2025-12-30 19:00:00+00:00
19.3,83,1011.5,19.7,100,2025-12-30 20:00:00+00:00
19.2,88,1010.7,6.8,20,2025-12-30 21:00:00+00:00
18.5,91,1009.9,0.7,5,2025-12-30 22:00:00+00:00
18.5,90,1009.6,0.7,31,2025-12-30 23:00:00+00:00
20.4,85,1008.9,9.1,13,2025-12-31 00:00:00+00:00
20.3,83,1008.9,9.1,0,2025-12-31 01:00:00+00:00
20.2,82,1009.4,9.0,20,2025-12-31 02:00:00+00:00
20.6,80,1009.9,12.4,19,2025-12-31 03:00:00+00:00
22.4,61,1010.7,13.0,5,2025-12-31 04:00:00+00:00
23.0,49,1011.5,17.2,9,2025-12-31 05:00:00+00:00
24.1,46,1010.9,12.8,30,2025-12-31 06:00:00+00:00
24.1,47,1010.1,13.6,6,2025-12-31 07:00:00+00:00
24.2,46,1009.0,12.3,2,2025-12-31 08:00:00+00:00
24.2,44,1008.2,11.1,0,2025-12-31 09:00:00+00:00
23.8,42,1007.8,12.2,0,2025-12-31 10:00:00+00:00
23.2,39,1007.9,13.2,0,2025-12-31 11:00:00+00:00
22.3,48,1008.2,12.4,0,2025-12-31 12:00:00+00:00
21.3,54,1008.7,9.8,0,2025-12-31 13:00:00+00:00
20.6,58,1009.4,5.9,0,2025-12-31 14:00:00+00:00
20.0,60,1010.0,4.7,0,2025-12-31 15:00:00+00:00
19.6,60,1010.5,6.0,0,2025-12-31 16:00:00+00:00
19.0,61,1011.2,6.0,0,2025-12-31 17:00:00+00:00
18.5,66,1011.4,4.1,0,2025-12-31 18:00:00+00:00
18.7,64,1011.3,5.0,0,2025-12-31 19:00:00+00:00
18.3,66,1011.1,2.8,5,2025-12-31 20:00:00+00:00
17.7,69,1011.3,6.6,0,2025-12-31 21:00:00+00:00
17.2,71,1011.3,7.0,0,2025-12-31 22:00:00+00:00
16.8,73,1011.2,7.3,0,2025-12-31 23:00:00+00:00
16.2,77,1011.7,8.7,0,2026-01-01 00:00:00+00:00
16.1,78,1012.3,8.4,0,2026-01-01 01:00:00+00:00
15.9,80,1013.0,8.0,0,2026-01-01 02:00:00+00:00
16.0,79,1014.2,8.0,0,2026-01-01 03:00:00+00:00
17.5,69,1015.0,6.9,0,2026-01-01 04:00:00+00:00
19.5,59,1015.8,6.7,0,2026-01-01 05:00:00+00:00
21.3,53,1016.0,6.7,0,2026-01-01 06:00:00+00:00
22.7,46,1015.5,5.6,0,2026-01-01 07:00:00+00:00
23.7,42,1014.3,3.7,0,2026-01-01 08:00:00+00:00
24.4,39,1013.4,3.6,5,2026-01-01 09:00:00+00:00
24.7,37,1012.8,3.3,13,2026-01-01 10:00:00+00:00
24.5,38,1012.5,4.6,84,2026-01-01 11:00:00+00:00
23.8,40,1012.8,5.7,5,2026-01-01 12:00:00+00:00
21.9,57,1013.7,10.4,11,2026-01-01 13:00:00+00:00
20.9,62,1014.8,9.1,0,2026-01-01 14:00:00+00:00
20.5,63,1015.5,6.4,0,2026-01-01 15:00:00+00:00
20.2,62,1016.0,7.3,0,2026-01-01 16:00:00+00:00
19.9,58,1016.3,7.3,0,2026-01-01 17:00:00+00:00
19.3,55,1016.5,8.2,0,2026-01-01 18:00:00+00:00
18.5,57,1016.2,8.5,0,2026-01-01 19:00:00+00:00
17.9,61,1016.3,7.7,0,2026-01-01 20:00:00+00:00
17.5,64,1016.1,7.6,0,2026-01-01 21:00:00+00:00
17.1,66,1016.0,8.4,0,2026-01-01 22:00:00+00:00
16.5,68,1016.1,9.3,0,2026-01-01 23:00:00+00:00
15.9,71,1016.2,8.5,0,2026-01-02 00:00:00+00:00
15.8,70,1016.9,8.8,0,2026-01-02 01:00:00+00:00
15.5,68,1017.7,9.0,0,2026-01-02 02:00:00+00:00
15.6,65,1018.5,9.3,0,2026-01-02 03:00:00+00:00
17.1,58,1019.5,7.5,0,2026-01-02 04:00:00+00:00
19.4,48,1020.1,6.7,0,2026-01-02 05:00:00+00:00
21.5,41,1020.2,6.8,0,2026-01-02 06:00:00+00:00
22.9,38,1019.6,5.1,0,2026-01-02 07:00:00+00:00
23.8,35,1018.5,3.5,0,2026-01-02 08:00:00+00:00
24.4,33,1017.4,2.5,0,2026-01-02 09:00:00+00:00
24.6,32,1016.8,2.1,0,2026-01-02 10:00:00+00:00
24.4,32,1016.5,2.9,0,2026-01-02 11:00:00+00:00
23.8,36,1016.3,6.7,0,2026-01-02 12:00:00+00:00
22.2,50,1016.6,11.6,0,2026-01-02 13:00:00+00:00
21.2,54,1017.3,10.8,0,2026-01-02 14:00:00+00:00
20.7,57,1017.8,6.5,0,2026-01-02 15:00:00+00:00
20.1,60,1018.0,4.0,0,2026-01-02 16:00:00+00:00
19.5,61,1018.1,5.7,0,2026-01-02 17:00:00+00:00
19.0,56,1018.3,5.9,0,2026-01-02 18:00:00+00:00
18.5,52,1018.0,6.6,0,2026-01-02 19:00:00+00:00
17.6,52,1017.9,6.5,0,2026-01-02 20:00:00+00:00
16.8,54,1017.6,6.5,0,2026-01-02 21:00:00+00:00
16.3,56,1017.5,6.5,0,2026-01-02 22:00:00+00:00
15.8,59,1017.3,5.9,1,2026-01-02 23:00:00+00:00
15.2,62,1017.3,4.9,0,2026-01-03 00:00:00+00:00
14.9,64,1017.4,5.3,0,2026-01-03 01:00:00+00:00
14.6,65,1017.9,5.9,0,2026-01-03 02:00:00+00:00
14.7,65,1018.5,6.9,0,2026-01-03 03:00:00+00:00
16.1,61,1019.2,5.8,1,2026-01-03 04:00:00+00:00
18.6,53,1019.7,4.9,2,2026-01-03 05:00:00+00:00
20.6,47,1019.8,5.3,0,2026-01-03 06:00:00+00:00
21.8,48,1018.9,3.2,0,2026-01-03 07:00:00+00:00
22.6,47,1017.7,4.0,2,2026-01-03 08:00:00+00:00
23.1,46,1016.7,6.6,2,2026-01-03 09:00:00+00:00
23.1,48,1016.0,8.0,2,2026-01-03 10:00:00+00:00
22.9,50,1015.7,7.8,2,2026-01-03 11:00:00+00:00
22.4,52,1015.5,8.2,0,2026-01-03 12:00:00+00:00
21.6,55,1015.9,7.7,0,2026-01-03 13:00:00+00:00
20.8,61,1016.6,6.7,0,2026-01-03 14:00:00+00:00
20.0,67,1017.1,5.0,0,2026-01-03 15:00:00+00:00
19.2,71,1017.6,4.3,0,2026-01-03 16:00:00+00:00
18.6,74,1018.0,3.6,0,2026-01-03 17:00:00+00:00
17.6,79,1017.9,2.1,0,2026-01-03 18:00:00+00:00
17.9,78,1017.5,3.5,0,2026-01-03 19:00:00+00:00
17.6,80,1017.2,4.0,0,2026-01-03 20:00:00+00:00
16.9,84,1017.1,4.6,0,2026-01-03 21:00:00+00:00
16.1,88,1017.1,5.4,0,2026-01-03 22:00:00+00:00
15.7,89,1016.9,5.7,0,2026-01-03 23:00:00+00:00
15.0,88,1017.3,5.9,0,2026-01-04 00:00:00+00:00
14.7,88,1017.4,6.4,0,2026-01-04 01:00:00+00:00
14.5,88,1018.1,7.0,0,2026-01-04 02:00:00+00:00
14.8,84,1018.7,7.0,0,2026-01-04 03:00:00+00:00
16.4,74,1019.5,6.0,0,2026-01-04 04:00:00+00:00
18.9,59,1020.1,5.3,0,2026-01-04 05:00:00+00:00
21.0,55,1020.1,6.4,0,2026-01-04 06:00:00+00:00
22.3,54,1019.3,4.7,0,2026-01-04 07:00:00+00:00
23.2,49,1018.1,4.9,0,2026-01-04 08:00:00+00:00
23.7,48,1017.0,6.3,0,2026-01-04 09:00:00+00:00
23.6,50,1016.5,7.6,0,2026-01-04 10:00:00+00:00
23.0,55,1016.3,8.9,0,2026-01-04 11:00:00+00:00
22.1,52,1016.5,7.8,0,2026-01-04 12:00:00+00:00
21.1,60,1017.0,7.3,0,2026-01-04 13:00:00+00:00
20.3,70,1017.8,7.6,0,2026-01-04 14:00:00+00:00
19.8,76,1018.4,6.8,0,2026-01-04 15:00:00+00:00
19.4,80,1018.6,5.6,0,2026-01-04 16:00:00+00:00
18.9,82,1018.6,4.6,0,2026-01-04 17:00:00+00:00
18.1,87,1018.8,2.7,0,2026-01-04 18:00:00+00:00
17.9,88,1018.4,4.5,0,2026-01-04 19:00:00+00:00
17.4,91,1018.1,5.3,0,2026-01-04 20:00:00+00:00
16.9,93,1017.9,5.7,4,2026-01-04 21:00:00+00:00
16.6,93,1017.7,6.6,0,2026-01-04 22:00:00+00:00
16.2,93,1017.8,7.2,0,2026-01-04 23:00:00+00:00
15.8,92,1018.2,7.1,0,2026-01-05 00:00:00+00:00
15.8,88,1018.8,6.9,0,2026-01-05 01:00:00+00:00
15.6,86,1019.3,7.1,2,2026-01-05 02:00:00+00:00
15.5,85,1020.1,6.8,2,2026-01-05 03:00:00+00:00
17.0,75,1020.7,5.1,0,2026-01-05 04:00:00+00:00
19.3,60,1021.2,5.0,0,2026-01-05 05:00:00+00:00
21.4,49,1021.5,4.9,0,2026-01-05 06:00:00+00:00
22.6,45,1020.5,3.6,0,2026-01-05 07:00:00+00:00
23.7,40,1019.5,2.4,0,2026-01-05 08:00:00+00:00
24.3,37,1018.4,2.9,0,2026-01-05 09:00:00+00:00
24.4,37,1017.7,4.2,0,2026-01-05 10:00:00+00:00
23.9,43,1017.3,6.8,0,2026-01-05 11:00:00+00:00
22.9,52,1017.1,7.9,0,2026-01-05 12:00:00+00:00
21.7,57,1017.4,8.9,0,2026-01-05 13:00:00+00:00
21.0,61,1018.2,7.1,0,2026-01-05 14:00:00+00:00
20.6,65,1018.7,4.9,0,2026-01-05 15:00:00+00:00
20.5,66,1018.9,5.2,0,2026-01-05 16:00:00+00:00
19.9,59,1019.0,8.2,1,2026-01-05 17:00:00+00:00
19.2,57,1019.1,9.4,0,2026-01-05 18:00:00+00:00
18.7,60,1018.9,9.4,0,2026-01-05 19:00:00+00:00
18.3,62,1018.7,9.3,9,2026-01-05 20:00:00+00:00
18.0,62,1018.5,9.3,12,2026-01-05 21:00:00+00:00
17.5,64,1018.3,9.2,10,2026-01-05 22:00:00+00:00
17.1,66,1018.3,9.1,8,2026-01-05 23:00:00+00:00
16.4,70,1018.3,8.8,5,2026-01-06 00:00:00+00:00
16.1,71,1018.9,8.3,3,2026-01-06 01:00:00+00:00
15.8,72,1019.8,7.4,5,2026-01-06 02:00:00+00:00
15.9,71,1020.5,8.2,0,2026-01-06 03:00:00+00:00
17.2,63,1021.3,7.0,1,2026-01-06 04:00:00+00:00
19.1,54,1021.8,8.6,0,2026-01-06 05:00:00+00:00
21.3,47,1021.4,8.7,0,2026-01-06 06:00:00+00:00
23.2,36,1020.5,11.4,1,2026-01-06 07:00:00+00:00
24.3,29,1019.5,11.8,1,2026-01-06 08:00:00+00:00
24.8,27,1018.4,11.2,0,2026-01-06 09:00:00+00:00
24.8,26,1017.8,10.2,0,2026-01-06 10:00:00+00:00
24.6,26,1017.8,10.2,0,2026-01-06 11:00:00+00:00
24.0,27,1018.0,10.1,0,2026-01-06 12:00:00+00:00
22.9,30,1018.6,10.9,0,2026-01-06 13:00:00+00:00
22.0,34,1019.4,12.7,0,2026-01-06 14:00:00+00:00
21.0,37,1020.0,12.8,0,2026-01-06 15:00:00+00:00
20.0,41,1020.5,12.5,4,2026-01-06 16:00:00+00:00
19.2,46,1020.7,12.0,5,2026-01-06 17:00:00+00:00
18.5,50,1020.7,11.6,1,2026-01-06 18:00:00+00:00
17.8,54,1020.4,10.3,0,2026-01-06 19:00:00+00:00
17.2,57,1020.2,9.9,0,2026-01-06 20:00:00+00:00
16.8,59,1020.3,10.3,0,2026-01-06 21:00:00+00:00
16.4,60,1019.8,11.3,0,2026-01-06 22:00:00+00:00
16.0,62,1019.8,11.7,0,2026-01-06 23:00:00+00:00
15.6,62,1019.8,10.8,0,2026-01-07 00:00:00+00:00
15.4,62,1020.4,10.6,0,2026-01-07 01:00:00+00:00
15.3,62,1020.7,11.2,0,2026-01-07 02:00:00+00:00
15.5,61,1021.2,11.5,0,2026-01-07 03:00:00+00:00
16.9,56,1021.7,9.8,0,2026-01-07 04:00:00+00:00
18.9,49,1022.3,10.2,0,2026-01-07 05:00:00+00:00
20.8,42,1022.1,11.3,0,2026-01-07 06:00:00+00:00
22.4,32,1021.3,12.4,0,2026-01-07 07:00:00+00:00
23.3,27,1020.1,12.2,0,2026-01-07 08:00:00+00:00
23.8,25,1018.9,11.6,0,2026-01-07 09:00:00+00:00
23.8,25,1018.3,11.8,0,2026-01-07 10:00:00+00:00
23.5,25,1018.2,12.3,0,2026-01-07 11:00:00+00:00
22.7,27,1018.3,12.1,0,2026-01-07 12:00:00+00:00
21.8,28,1018.8,12.2,0,2026-01-07 13:00:00+00:00
20.9,29,1019.6,13.7,0,2026-01-07 14:00:00+00:00
19.9,33,1020.1,13.6,0,2026-01-07 15:00:00+00:00
18.7,40,1020.8,12.9,0,2026-01-07 16:00:00+00:00
17.6,47,1021.0,13.6,0,2026-01-07 17:00:00+00:00
17.1,50,1021.3,14.4,0,2026-01-07 18:00:00+00:00
16.7,50,1020.9,14.1,0,2026-01-07 19:00:00+00:00
16.3,50,1020.4,13.7,0,2026-01-07 20:00:00+00:00
15.9,50,1020.3,13.5,0,2026-01-07 21:00:00+00:00
15.6,50,1020.3,13.4,0,2026-01-07 22:00:00+00:00
15.3,51,1020.2,14.4,0,2026-01-07 23:00:00+00:00
15.0,51,1020.3,14.2,0,2026-01-08 00:00:00+00:00
14.9,52,1020.6,14.3,5,2026-01-08 01:00:00+00:00
14.6,53,1021.3,13.2,14,2026-01-08 02:00:00+00:00
14.7,53,1021.7,13.1,4,2026-01-08 03:00:00+00:00
15.7,50,1022.6,10.0,0,2026-01-08 04:00:00+00:00
17.6,45,1022.9,11.4,0,2026-01-08 05:00:00+00:00
19.5,36,1023.0,12.6,30,2026-01-08 06:00:00+00:00
20.8,26,1021.9,13.4,0,2026-01-08 07:00:00+00:00
21.9,21,1020.8,12.4,0,2026-01-08 08:00:00+00:00
22.5,18,1019.5,10.8,0,2026-01-08 09:00:00+00:00
22.7,18,1018.9,10.5,0,2026-01-08 10:00:00+00:00
22.5,19,1018.7,10.5,0,2026-01-08 11:00:00+00:00
21.9,20,1018.6,10.4,0,2026-01-08 12:00:00+00:00
21.0,22,1019.0,9.7,0,2026-01-08 13:00:00+00:00
20.0,25,1019.8,11.4,0,2026-01-08 14:00:00+00:00
19.0,28,1020.4,12.2,0,2026-01-08 15:00:00+00:00
18.0,32,1020.9,12.1,0,2026-01-08 16:00:00+00:00
17.0,39,1020.9,10.9,0,2026-01-08 17:00:00+00:00
16.1,45,1020.9,10.5,0,2026-01-08 18:00:00+00:00
15.6,48,1020.4,10.7,0,2026-01-08 19:00:00+00:00
15.2,49,1020.5,10.4,0,2026-01-08 20:00:00+00:00
14.8,49,1020.4,10.3,0,2026-01-08 21:00:00+00:00
14.5,49,1020.0,9.9,0,2026-01-08 22:00:00+00:00
14.3,49,1019.8,9.4,0,2026-01-08 23:00:00+00:00
13.8,48,1019.5,8.9,0,2026-01-09 00:00:00+00:00
13.5,48,1019.6,8.8,0,2026-01-09 01:00:00+00:00
13.2,49,1019.6,8.5,0,2026-01-09 02:00:00+00:00
13.2,49,1020.4,8.0,0,2026-01-09 03:00:00+00:00
14.6,45,1021.4,6.2,0,2026-01-09 04:00:00+00:00
16.8,38,1022.2,6.6,0,2026-01-09 05:00:00+00:00
19.2,31,1022.2,7.3,0,2026-01-09 06:00:00+00:00
21.0,25,1021.5,7.1,0,2026-01-09 07:00:00+00:00
22.2,22,1020.5,6.4,0,2026-01-09 08:00:00+00:00
22.8,21,1019.4,5.5,0,2026-01-09 09:00:00+00:00
23.1,21,1018.5,5.2,0,2026-01-09 10:00:00+00:00
23.1,21,1017.9,4.8,0,2026-01-09 11:00:00+00:00
22.7,21,1017.9,4.2,0,2026-01-09 12:00:00+00:00
21.8,23,1018.1,2.0,0,2026-01-09 13:00:00+00:00
20.6,28,1018.9,1.5,0,2026-01-09 14:00:00+00:00
19.6,27,1019.5,6.2,0,2026-01-09 15:00:00+00:00
18.6,26,1020.0,9.2,0,2026-01-09 16:00:00+00:00
17.3,31,1020.3,11.0,0,2026-01-09 17:00:00+00:00
16.6,35,1020.6,11.6,0,2026-01-09 18:00:00+00:00
16.1,37,1020.4,11.1,0,2026-01-09 19:00:00+00:00
15.5,40,1020.1,10.6,0,2026-01-09 20:00:00+00:00
14.9,43,1019.8,10.8,0,2026-01-09 21:00:00+00:00
14.3,46,1019.8,10.6,5,2026-01-09 22:00:00+00:00
14.1,46,1020.0,10.7,2,2026-01-09 23:00:00+00:00
13.7,47,1019.7,11.2,0,2026-01-10 00:00:00+00:00
13.6,46,1020.0,10.7,0,2026-01-10 01:00:00+00:00
13.4,46,1020.6,10.6,0,2026-01-10 02:00:00+00:00
13.5,45,1021.0,10.3,0,2026-01-10 03:00:00+00:00
15.0,41,1021.6,9.2,0,2026-01-10 04:00:00+00:00
17.4,35,1021.9,8.2,0,2026-01-10 05:00:00+00:00
19.5,30,1021.9,8.3,0,2026-01-10 06:00:00+00:00
21.2,24,1021.2,6.8,0,2026-01-10 07:00:00+00:00
22.3,22,1020.1,5.2,0,2026-01-10 08:00:00+00:00
23.0,23,1019.1,5.4,0,2026-01-10 09:00:00+00:00
23.3,23,1018.4,6.1,0,2026-01-10 10:00:00+00:00
23.3,23,1018.0,5.9,0,2026-01-10 11:00:00+00:00
23.0,26,1017.9,7.1,0,2026-01-10 12:00:00+00:00
22.3,27,1018.5,4.7,0,2026-01-10 13:00:00+00:00
21.5,29,1019.2,4.1,0,2026-01-10 14:00:00+00:00
20.0,34,1020.2,8.6,0,2026-01-10 15:00:00+00:00
18.9,32,1020.7,8.0,0,2026-01-10 16:00:00+00:00
17.5,35,1021.1,9.7,0,2026-01-10 17:00:00+00:00
16.5,39,1021.5,8.8,0,2026-01-10 18:00:00+00:00
15.7,44,1021.4,9.3,0,2026-01-10 19:00:00+00:00
14.9,48,1021.1,9.6,0,2026-01-10 20:00:00+00:00
14.3,52,1021.0,9.1,0,2026-01-10 21:00:00+00:00
13.8,54,1020.7,9.1,0,2026-01-10 22:00:00+00:00
13.4,55,1020.8,9.6,0,2026-01-10 23:00:00+00:00
13.0,54,1020.9,9.8,0,2026-01-11 00:00:00+00:00
12.4,57,1021.5,10.0,0,2026-01-11 01:00:00+00:00
12.1,58,1022.1,10.6,0,2026-01-11 02:00:00+00:00
12.1,58,1022.7,10.5,0,2026-01-11 03:00:00+00:00
13.6,52,1023.6,9.1,0,2026-01-11 04:00:00+00:00
16.2,43,1024.4,8.8,0,2026-01-11 05:00:00+00:00
19.1,32,1024.2,7.6,0,2026-01-11 06:00:00+00:00
21.3,24,1023.1,7.6,0,2026-01-11 07:00:00+00:00
22.7,21,1021.7,8.2,1,2026-01-11 08:00:00+00:00
23.5,17,1020.5,8.3,4,2026-01-11 09:00:00+00:00
23.8,16,1019.7,8.5,2,2026-01-11 10:00:00+00:00
23.7,16,1019.3,8.8,1,2026-01-11 11:00:00+00:00
23.0,16,1019.3,9.5,2,2026-01-11 12:00:00+00:00
21.7,19,1019.8,9.5,0,2026-01-11 13:00:00+00:00
20.4,23,1020.6,10.8,1,2026-01-11 14:00:00+00:00
19.1,27,1021.0,11.6,57,2026-01-11 15:00:00+00:00
17.6,32,1021.1,11.8,23,2026-01-11 16:00:00+00:00
16.4,39,1021.4,11.5,32,2026-01-11 17:00:00+00:00
15.4,42,1021.5,10.8,0,2026-01-11 18:00:00+00:00
14.7,46,1021.1,10.5,0,2026-01-11 19:00:00+00:00
14.1,48,1020.8,9.8,0,2026-01-11 20:00:00+00:00
13.6,49,1020.7,9.6,0,2026-01-11 21:00:00+00:00
13.2,49,1020.4,8.9,0,2026-01-11 22:00:00+00:00
12.8,48,1020.3,8.9,0,2026-01-11 23:00:00+00:00
12.5,47,1020.0,8.9,0,2026-01-12 00:00:00+00:00
11.9,48,1020.1,8.7,0,2026-01-12 01:00:00+00:00
11.4,48,1020.5,8.0,0,2026-01-12 02:00:00+00:00
11.3,49,1021.0,7.9,0,2026-01-12 03:00:00+00:00
12.7,44,1021.3,5.7,0,2026-01-12 04:00:00+00:00
15.2,39,1022.0,4.5,0,2026-01-12 05:00:00+00:00
18.3,32,1021.8,3.1,0,2026-01-12 06:00:00+00:00
20.5,28,1021.0,1.8,0,2026-01-12 07:00:00+00:00
22.0,29,1019.6,1.4,14,2026-01-12 08:00:00+00:00
22.8,33,1018.7,4.1,46,2026-01-12 09:00:00+00:00
22.8,40,1018.0,7.3,45,2026-01-12 10:00:00+00:00
22.3,45,1017.7,9.0,76,2026-01-12 11:00:00+00:00
21.2,50,1017.8,8.7,100,2026-01-12 12:00:00+00:00
20.2,57,1018.0,6.5,99,2026-01-12 13:00:00+00:00
19.7,62,1018.7,5.6,84,2026-01-12 14:00:00+00:00
19.4,65,1019.3,4.5,1,2026-01-12 15:00:00+00:00
18.9,74,1019.8,0.9,0,2026-01-12 16:00:00+00:00
18.5,73,1020.1,1.0,0,2026-01-12 17:00:00+00:00
17.2,75,1020.4,2.8,0,2026-01-12 18:00:00+00:00
17.0,69,1020.3,4.6,0,2026-01-12 19:00:00+00:00
16.0,62,1020.2,6.1,0,2026-01-12 20:00:00+00:00
15.2,52,1020.2,6.2,0,2026-01-12 21:00:00+00:00
14.4,48,1019.9,7.7,0,2026-01-12 22:00:00+00:00
14.0,47,1019.7,8.1,0,2026-01-12 23:00:00+00:00
13.3,48,1019.4,7.6,0,2026-01-13 00:00:00+00:00
13.0,49,1019.6,7.6,0,2026-01-13 01:00:00+00:00
12.6,51,1020.4,8.3,0,2026-01-13 02:00:00+00:00
12.7,51,1020.9,8.2,1,2026-01-13 03:00:00+00:00
14.2,46,1021.7,6.2,1,2026-01-13 04:00:00+00:00
16.7,41,1022.3,5.7,0,2026-01-13 05:00:00+00:00
19.7,36,1022.2,5.9,0,2026-01-13 06:00:00+00:00
22.0,31,1021.2,6.0,1,2026-01-13 07:00:00+00:00
23.2,32,1019.9,4.5,0,2026-01-13 08:00:00+00:00
24.0,32,1018.7,3.1,1,2026-01-13 09:00:00+00:00
24.4,33,1018.0,1.6,0,2026-01-13 10:00:00+00:00
24.2,34,1017.6,2.3,2,2026-01-13 11:00:00+00:00
23.1,42,1017.5,9.1,2,2026-01-13 12:00:00+00:00
21.3,50,1017.7,9.8,0,2026-01-13 13:00:00+00:00
20.5,51,1018.4,5.1,0,2026-01-13 14:00:00+00:00
20.3,52,1019.0,0.5,0,2026-01-13 15:00:00+00:00
19.9,53,1019.4,4.3,0,2026-01-13 16:00:00+00:00
19.2,52,1019.7,4.3,0,2026-01-13 17:00:00+00:00
17.8,53,1019.6,3.4,0,2026-01-13 18:00:00+00:00
18.1,45,1019.1,4.6,0,2026-01-13 19:00:00+00:00
17.4,46,1018.9,4.4,0,2026-01-13 20:00:00+00:00
16.6,49,1018.5,3.7,0,2026-01-13 21:00:00+00:00
16.0,52,1018.1,4.0,5,2026-01-13 22:00:00+00:00
15.4,55,1017.5,4.7,3,2026-01-13 23:00:00+00:00
14.7,55,1017.6,4.0,2,2026-01-14 00:00:00+00:00
14.4,57,1017.7,3.3,0,2026-01-14 01:00:00+00:00
14.3,58,1018.1,2.3,0,2026-01-14 02:00:00+00:00
14.4,58,1018.4,3.1,0,2026-01-14 03:00:00+00:00
16.4,52,1018.7,2.5,0,2026-01-14 04:00:00+00:00
19.4,49,1019.1,1.1,0,2026-01-14 05:00:00+00:00
21.7,50,1019.0,2.9,0,2026-01-14 06:00:00+00:00
23.0,51,1018.1,5.4,0,2026-01-14 07:00:00+00:00
23.7,52,1017.0,8.6,0,2026-01-14 08:00:00+00:00
23.9,56,1016.0,10.4,0,2026-01-14 09:00:00+00:00
23.7,60,1015.5,10.8,0,2026-01-14 10:00:00+00:00
23.2,65,1015.4,10.7,0,2026-01-14 11:00:00+00:00
22.9,66,1015.2,9.6,0,2026-01-14 12:00:00+00:00
21.8,71,1015.6,7.3,0,2026-01-14 13:00:00+00:00
21.1,76,1016.0,6.0,0,2026-01-14 14:00:00+00:00
20.8,78,1016.5,5.5,0,2026-01-14 15:00:00+00:00
20.5,81,1016.7,4.8,0,2026-01-14 16:00:00+00:00
20.0,86,1016.8,4.2,0,2026-01-14 17:00:00+00:00
19.8,86,1016.7,5.8,0,2026-01-14 18:00:00+00:00
19.7,84,1016.4,7.5,0,2026-01-14 19:00:00+00:00
19.4,85,1016.0,7.5,0,2026-01-14 20:00:00+00:00
19.2,85,1015.2,7.1,0,2026-01-14 21:00:00+00:00
18.7,88,1014.8,4.6,0,2026-01-14 22:00:00+00:00
18.4,89,1014.7,5.0,2,2026-01-14 23:00:00+00:00
16.8,91,1014.6,2.7,0,2026-01-15 00:00:00+00:00
16.4,93,1014.8,1.8,0,2026-01-15 01:00:00+00:00
16.1,95,1015.4,0.9,0,2026-01-15 02:00:00+00:00
16.4,95,1015.8,1.3,9,2026-01-15 03:00:00+00:00
17.8,92,1016.6,2.6,2,2026-01-15 04:00:00+00:00
20.7,78,1017.4,2.8,5,2026-01-15 05:00:00+00:00
22.9,70,1017.4,3.6,26,2026-01-15 06:00:00+00:00
24.1,64,1016.7,7.7,25,2026-01-15 07:00:00+00:00
24.6,60,1016.0,11.4,18,2026-01-15 08:00:00+00:00
24.7,55,1015.1,12.1,13,2026-01-15 09:00:00+00:00
24.5,56,1014.5,11.1,5,2026-01-15 10:00:00+00:00
24.2,58,1014.0,11.0,5,2026-01-15 11:00:00+00:00
23.8,61,1014.0,11.3,9,2026-01-15 12:00:00+00:00
22.9,67,1014.1,9.5,0,2026-01-15 13:00:00+00:00
22.1,73,1014.6,8.0,0,2026-01-15 14:00:00+00:00
21.7,75,1015.2,6.8,1,2026-01-15 15:00:00+00:00
21.2,77,1015.5,5.2,0,2026-01-15 16:00:00+00:00
20.6,79,1015.4,5.5,0,2026-01-15 17:00:00+00:00
19.2,84,1015.6,3.2,0,2026-01-15 18:00:00+00:00
19.3,81,1015.2,4.2,0,2026-01-15 19:00:00+00:00
18.9,82,1014.9,4.0,0,2026-01-15 20:00:00+00:00
18.6,82,1014.8,3.5,19,2026-01-15 21:00:00+00:00
18.2,85,1014.6,2.5,77,2026-01-15 22:00:00+00:00
17.7,86,1014.5,1.9,95,2026-01-15 23:00:00+00:00
16.9,89,1014.4,3.5,100,2026-01-16 00:00:00+00:00
16.8,89,1014.6,5.1,94,2026-01-16 01:00:00+00:00
16.9,88,1014.9,5.1,100,2026-01-16 02:00:00+00:00
17.3,86,1015.5,4.1,95,2026-01-16 03:00:00+00:00
18.7,79,1015.9,3.5,100,2026-01-16 04:00:00+00:00
21.2,69,1016.3,2.3,98,2026-01-16 05:00:00+00:00
23.2,62,1016.4,4.8,98,2026-01-16 06:00:00+00:00
24.4,57,1015.5,9.8,88,2026-01-16 07:00:00+00:00
24.9,53,1014.4,11.6,93,2026-01-16 08:00:00+00:00
24.8,53,1013.5,11.5,56,2026-01-16 09:00:00+00:00
25.1,51,1012.8,11.1,24,2026-01-16 10:00:00+00:00
24.8,50,1012.5,11.9,12,2026-01-16 11:00:00+00:00
24.1,54,1012.5,11.8,11,2026-01-16 12:00:00+00:00
22.8,67,1012.7,8.5,0,2026-01-16 13:00:00+00:00
21.8,76,1013.1,6.9,3,2026-01-16 14:00:00+00:00
21.5,79,1013.5,7.0,27,2026-01-16 15:00:00+00:00
21.3,79,1013.5,7.3,4,2026-01-16 16:00:00+00:00
21.1,79,1013.4,7.2,2,2026-01-16 17:00:00+00:00
20.9,78,1013.4,7.0,9,2026-01-16 18:00:00+00:00
21.1,77,1013.0,8.8,1,2026-01-16 19:00:00+00:00
20.9,78,1012.7,8.5,4,2026-01-16 20:00:00+00:00
20.7,81,1012.4,7.5,16,2026-01-16 21:00:00+00:00
20.5,83,1012.1,8.0,27,2026-01-16 22:00:00+00:00
20.6,83,1012.2,9.1,26,2026-01-16 23:00:00+00:00
20.1,83,1012.3,7.4,36,2026-01-17 00:00:00+00:00
19.7,86,1012.4,7.6,34,2026-01-17 01:00:00+00:00
19.3,87,1012.9,7.7,37,2026-01-17 02:00:00+00:00
19.5,83,1013.8,6.8,25,2026-01-17 03:00:00+00:00
20.8,75,1014.3,5.2,35,2026-01-17 04:00:00+00:00
22.7,68,1014.9,5.7,16,2026-01-17 05:00:00+00:00
23.8,65,1015.2,8.1,16,2026-01-17 06:00:00+00:00
25.0,56,1014.2,9.6,25,2026-01-17 07:00:00+00:00
25.4,52,1013.2,12.0,26,2026-01-17 08:00:00+00:00
25.3,51,1012.1,13.0,28,2026-01-17 09:00:00+00:00
25.1,50,1011.2,12.7,40,2026-01-17 10:00:00+00:00
24.6,52,1010.8,12.2,33,2026-01-17 11:00:00+00:00
23.9,53,1010.9,11.8,67,2026-01-17 12:00:00+00:00
23.0,60,1010.8,11.0,18,2026-01-17 13:00:00+00:00
22.2,65,1011.3,8.8,2,2026-01-17 14:00:00+00:00
21.7,68,1011.8,7.5,1,2026-01-17 15:00:00+00:00
21.2,70,1011.8,6.5,1,2026-01-17 16:00:00+00:00
20.8,72,1011.9,6.5,6,2026-01-17 17:00:00+00:00
20.1,74,1012.3,4.0,0,2026-01-17 18:00:00+00:00
19.9,74,1011.7,3.9,0,2026-01-17 19:00:00+00:00
19.3,75,1011.5,4.8,0,2026-01-17 20:00:00+00:00
18.7,77,1011.1,4.1,1,2026-01-17 21:00:00+00:00
18.3,79,1010.7,3.1,2,2026-01-17 22:00:00+00:00
17.8,80,1010.4,4.6,2,2026-01-17 23:00:00+00:00
17.3,84,1010.5,6.0,0,2026-01-18 00:00:00+00:00
17.2,84,1010.9,6.0,2,2026-01-18 01:00:00+00:00
17.1,85,1011.7,6.0,2,2026-01-18 02:00:00+00:00
16.8,85,1012.6,6.9,2,2026-01-18 03:00:00+00:00
18.1,79,1013.3,6.4,1,2026-01-18 04:00:00+00:00
20.8,66,1013.6,5.1,0,2026-01-18 05:00:00+00:00
22.4,60,1014.1,5.5,3,2026-01-18 06:00:00+00:00
23.3,56,1013.4,5.1,19,2026-01-18 07:00:00+00:00
23.7,53,1012.5,6.8,34,2026-01-18 08:00:00+00:00
23.7,54,1011.7,8.6,27,2026-01-18 09:00:00+00:00
23.5,56,1011.3,9.2,20,2026-01-18 10:00:00+00:00
23.3,56,1010.9,8.7,17,2026-01-18 11:00:00+00:00
22.9,58,1011.1,10.0,15,2026-01-18 12:00:00+00:00
22.2,66,1011.4,9.5,9,2026-01-18 13:00:00+00:00
21.9,71,1011.9,8.0,1,2026-01-18 14:00:00+00:00
21.7,69,1012.4,7.1,0,2026-01-18 15:00:00+00:00
21.6,68,1012.7,6.3,0,2026-01-18 16:00:00+00:00
21.4,69,1013.0,7.7,0,2026-01-18 17:00:00+00:00
21.1,68,1013.4,6.2,0,2026-01-18 18:00:00+00:00
21.1,68,1013.3,4.8,0,2026-01-18 19:00:00+00:00
20.2,76,1013.0,0.5,0,2026-01-18 20:00:00+00:00
19.3,79,1013.1,1.5,0,2026-01-18 21:00:00+00:00
18.5,80,1013.0,4.1,0,2026-01-18 22:00:00+00:00
17.3,85,1013.0,5.0,0,2026-01-18 23:00:00+00:00
16.9,85,1013.2,3.0,0,2026-01-19 00:00:00+00:00
16.9,85,1013.3,4.0,0,2026-01-19 01:00:00+00:00
16.6,85,1014.3,4.8,0,2026-01-19 02:00:00+00:00
16.6,85,1015.2,4.3,0,2026-01-19 03:00:00+00:00
18.4,76,1015.9,3.6,0,2026-01-19 04:00:00+00:00
20.9,66,1016.6,3.2,0,2026-01-19 05:00:00+00:00
22.5,63,1016.8,3.2,0,2026-01-19 06:00:00+00:00
23.6,55,1016.3,5.6,13,2026-01-19 07:00:00+00:00
24.2,52,1015.4,7.7,10,2026-01-19 08:00:00+00:00
24.3,50,1014.3,9.4,5,2026-01-19 09:00:00+00:00
24.3,50,1014.0,10.4,1,2026-01-19 10:00:00+00:00
23.4,57,1013.5,10.7,0,2026-01-19 11:00:00+00:00
22.5,58,1013.5,9.8,0,2026-01-19 12:00:00+00:00
21.7,66,1013.7,8.6,0,2026-01-19 13:00:00+00:00
21.3,69,1014.1,6.7,0,2026-01-19 14:00:00+00:00
21.0,68,1014.6,6.3,0,2026-01-19 15:00:00+00:00
20.8,64,1014.8,6.2,0,2026-01-19 16:00:00+00:00
20.3,63,1014.9,7.4,0,2026-01-19 17:00:00+00:00
19.7,63,1015.2,6.6,0,2026-01-19 18:00:00+00:00
19.5,62,1014.8,6.4,0,2026-01-19 19:00:00+00:00
18.9,62,1014.5,5.0,0,2026-01-19 20:00:00+00:00
18.2,64,1014.4,3.0,0,2026-01-19 21:00:00+00:00
17.6,67,1014.1,4.2,0,2026-01-19 22:00:00+00:00
16.9,69,1014.2,4.0,0,2026-01-19 23:00:00+00:00
15.8,74,1014.4,3.9,0,2026-01-20 00:00:00+00:00
15.8,74,1014.7,4.0,0,2026-01-20 01:00:00+00:00
15.7,76,1015.3,4.1,0,2026-01-20 02:00:00+00:00
15.6,77,1015.9,5.2,0,2026-01-20 03:00:00+00:00
17.5,68,1016.8,4.5,0,2026-01-20 04:00:00+00:00
20.6,56,1017.1,3.5,35,2026-01-20 05:00:00+00:00
22.4,51,1017.1,2.2,0,2026-01-20 06:00:00+00:00
23.5,44,1016.3,5.3,0,2026-01-20 07:00:00+00:00
23.9,42,1015.5,8.5,0,2026-01-20 08:00:00+00:00
24.0,40,1014.6,10.5,1,2026-01-20 09:00:00+00:00
23.7,39,1014.2,10.5,0,2026-01-20 10:00:00+00:00
23.2,44,1014.0,9.8,0,2026-01-20 11:00:00+00:00
22.8,45,1014.1,8.6,0,2026-01-20 12:00:00+00:00
22.0,52,1014.2,7.0,0,2026-01-20 13:00:00+00:00
21.4,58,1014.7,6.0,0,2026-01-20 14:00:00+00:00
21.2,58,1015.0,5.4,0,2026-01-20 15:00:00+00:00
20.9,59,1015.1,6.1,0,2026-01-20 16:00:00+00:00
20.6,61,1015.4,4.5,0,2026-01-20 17:00:00+00:00
19.7,62,1015.8,3.8,0,2026-01-20 18:00:00+00:00
19.3,64,1016.0,5.0,0,2026-01-20 19:00:00+00:00
18.1,68,1015.8,4.8,0,2026-01-20 20:00:00+00:00
17.2,73,1015.6,5.5,0,2026-01-20 21:00:00+00:00
16.9,74,1015.1,5.8,0,2026-01-20 22:00:00+00:00
16.7,76,1014.8,5.5,0,2026-01-20 23:00:00+00:00
15.6,81,1014.9,5.2,0,2026-01-21 00:00:00+00:00
15.2,83,1015.2,5.9,0,2026-01-21 01:00:00+00:00
15.0,83,1015.9,6.6,0,2026-01-21 02:00:00+00:00
15.2,79,1016.6,6.8,0,2026-01-21 03:00:00+00:00
17.1,69,1017.3,7.0,0,2026-01-21 04:00:00+00:00
20.1,55,1017.9,5.3,0,2026-01-21 05:00:00+00:00
21.6,50,1018.0,2.0,0,2026-01-21 06:00:00+00:00
22.9,44,1017.5,3.9,0,2026-01-21 07:00:00+00:00
23.5,42,1016.4,6.7,0,2026-01-21 08:00:00+00:00
23.7,42,1015.2,7.6,0,2026-01-21 09:00:00+00:00
23.7,43,1014.5,7.6,0,2026-01-21 10:00:00+00:00
23.3,46,1014.0,7.2,0,2026-01-21 11:00:00+00:00
22.6,50,1014.0,8.4,0,2026-01-21 12:00:00+00:00
21.7,55,1014.1,8.9,7,2026-01-21 13:00:00+00:00
21.0,59,1014.7,7.7,1,2026-01-21 14:00:00+00:00
20.4,63,1015.3,7.0,0,2026-01-21 15:00:00+00:00
20.1,64,1015.3,5.7,0,2026-01-21 16:00:00+00:00
19.7,67,1015.5,6.7,0,2026-01-21 17:00:00+00:00
19.3,71,1015.6,4.3,0,2026-01-21 18:00:00+00:00
19.4,72,1015.4,6.7,0,2026-01-21 19:00:00+00:00
19.1,73,1015.2,6.5,0,2026-01-21 20:00:00+00:00
18.4,79,1014.7,2.3,1,2026-01-21 21:00:00+00:00
18.2,79,1014.0,0.4,0,2026-01-21 22:00:00+00:00
18.2,80,1013.4,0.4,3,2026-01-21 23:00:00+00:00
16.9,82,1013.3,3.6,4,2026-01-22 00:00:00+00:00
16.8,83,1013.4,4.3,9,2026-01-22 01:00:00+00:00
16.7,85,1013.8,4.9,22,2026-01-22 02:00:00+00:00
17.8,84,1013.7,5.5,30,2026-01-22 03:00:00+00:00
20.5,79,1014.2,7.3,49,2026-01-22 04:00:00+00:00
22.2,66,1014.5,17.6,55,2026-01-22 05:00:00+00:00
23.1,63,1014.3,20.9,96,2026-01-22 06:00:00+00:00
23.6,58,1013.7,20.7,84,2026-01-22 07:00:00+00:00
21.6,72,1013.3,15.4,99,2026-01-22 08:00:00+00:00
19.9,80,1012.7,23.2,98,2026-01-22 09:00:00+00:00
20.3,81,1012.1,23.8,79,2026-01-22 10:00:00+00:00
19.3,76,1011.9,14.5,23,2026-01-22 11:00:00+00:00
19.3,69,1012.1,9.5,23,2026-01-22 12:00:00+00:00
18.9,59,1012.4,10.2,48,2026-01-22 13:00:00+00:00
18.6,53,1013.5,12.2,7,2026-01-22 14:00:00+00:00
17.7,44,1014.1,15.2,13,2026-01-22 15:00:00+00:00
16.7,45,1015.0,17.7,1,2026-01-22 16:00:00+00:00
14.8,39,1015.8,18.0,0,2026-01-22 17:00:00+00:00
14.2,37,1016.0,17.9,0,2026-01-22 18:00:00+00:00
13.3,38,1016.2,17.4,0,2026-01-22 19:00:00+00:00
12.8,39,1016.2,16.1,0,2026-01-22 20:00:00+00:00
12.5,39,1016.4,16.6,0,2026-01-22 21:00:00+00:00
12.1,41,1016.5,16.5,0,2026-01-22 22:00:00+00:00
11.5,44,1016.5,14.3,0,2026-01-22 23:00:00+00:00
10.7,50,1016.5,13.1,0,2026-01-23 00:00:00+00:00
10.4,51,1017.0,13.5,0,2026-01-23 01:00:00+00:00
10.0,53,1017.6,13.5,0,2026-01-23 02:00:00+00:00
9.8,54,1018.4,14.8,0,2026-01-23 03:00:00+00:00
10.8,51,1018.9,13.0,0,2026-01-23 04:00:00+00:00
12.9,40,1019.5,12.8,0,2026-01-23 05:00:00+00:00
15.0,34,1019.9,11.0,0,2026-01-23 06:00:00+00:00
16.1,29,1019.3,12.8,0,2026-01-23 07:00:00+00:00
16.8,28,1018.3,13.3,0,2026-01-23 08:00:00+00:00
17.3,30,1017.3,11.8,0,2026-01-23 09:00:00+00:00
17.6,29,1016.8,10.5,8,2026-01-23 10:00:00+00:00
17.1,32,1016.6,10.9,0,2026-01-23 11:00:00+00:00
16.4,38,1016.8,10.8,57,2026-01-23 12:00:00+00:00
15.3,46,1017.0,10.8,27,2026-01-23 13:00:00+00:00
14.5,49,1017.6,9.7,20,2026-01-23 14:00:00+00:00
14.1,50,1017.9,6.8,5,2026-01-23 15:00:00+00:00
14.1,50,1018.1,5.5,3,2026-01-23 16:00:00+00:00
13.6,54,1018.0,4.2,23,2026-01-23 17:00:00+00:00
12.1,60,1018.2,3.8,37,2026-01-23 18:00:00+00:00
12.5,58,1018.1,3.6,48,2026-01-23 19:00:00+00:00
12.3,56,1018.0,6.1,9,2026-01-23 20:00:00+00:00
11.9,55,1018.0,5.9,24,2026-01-23 21:00:00+00:00
11.2,57,1018.1,6.6,45,2026-01-23 22:00:00+00:00
10.6,59,1018.4,7.8,38,2026-01-23 23:00:00+00:00
9.7,60,1019.2,8.7,34,2026-01-24 00:00:00+00:00
9.3,56,1019.9,10.5,8,2026-01-24 01:00:00+00:00
9.9,50,1020.6,12.2,9,2026-01-24 02:00:00+00:00
10.6,47,1021.7,12.5,42,2026-01-24 03:00:00+00:00
12.2,45,1022.4,12.5,57,2026-01-24 04:00:00+00:00
14.3,45,1023.0,12.2,13,2026-01-24 05:00:00+00:00
16.5,41,1024.0,12.7,55,2026-01-24 06:00:00+00:00
18.1,28,1023.5,15.8,70,2026-01-24 07:00:00+00:00
18.9,25,1022.3,16.5,81,2026-01-24 08:00:00+00:00
19.4,26,1020.8,16.2,100,2026-01-24 09:00:00+00:00
19.6,26,1020.2,16.3,100,2026-01-24 10:00:00+00:00
19.4,26,1019.6,15.7,97,2026-01-24 11:00:00+00:00
18.8,29,1019.8,15.3,100,2026-01-24 12:00:00+00:00
17.9,32,1020.3,14.5,100,2026-01-24 13:00:00+00:00
16.9,37,1021.2,14.7,99,2026-01-24 14:00:00+00:00
16.2,39,1021.6,14.7,84,2026-01-24 15:00:00+00:00
15.4,41,1022.0,15.0,98,2026-01-24 16:00:00+00:00
14.7,43,1022.1,15.3,100,2026-01-24 17:00:00+00:00
14.4,42,1021.7,16.9,99,2026-01-24 18:00:00+00:00
14.2,42,1021.6,17.5,100,2026-01-24 19:00:00+00:00
13.8,43,1021.0,17.5,100,2026-01-24 20:00:00+00:00
13.5,44,1020.8,17.1,100,2026-01-24 21:00:00+00:00
13.1,45,1020.4,16.9,99,2026-01-24 22:00:00+00:00
12.8,45,1020.8,16.6,100,2026-01-24 23:00:00+00:00
12.4,47,1020.2,16.9,100,2026-01-25 00:00:00+00:00
12.3,47,1020.4,16.5,100,2026-01-25 01:00:00+00:00
12.1,47,1020.9,16.4,100,2026-01-25 02:00:00+00:00
12.0,48,1021.2,16.1,100,2026-01-25 03:00:00+00:00
12.9,46,1021.8,15.1,100,2026-01-25 04:00:00+00:00
14.4,42,1021.7,15.4,99,2026-01-25 05:00:00+00:00
16.2,36,1021.6,17.7,100,2026-01-25 06:00:00+00:00
17.8,29,1020.8,17.6,100,2026-01-25 07:00:00+00:00
18.8,24,1019.3,17.2,100,2026-01-25 08:00:00+00:00
19.8,22,1018.2,16.6,100,2026-01-25 09:00:00+00:00
20.3,21,1017.4,15.6,100,2026-01-25 10:00:00+00:00
20.4,22,1017.0,14.4,100,2026-01-25 11:00:00+00:00
19.8,25,1017.2,13.4,100,2026-01-25 12:00:00+00:00
18.8,29,1017.3,12.3,100,2026-01-25 13:00:00+00:00
18.0,32,1018.0,11.9,97,2026-01-25 14:00:00+00:00
17.1,36,1018.5,12.1,100,2026-01-25 15:00:00+00:00
16.3,40,1019.0,11.9,100,2026-01-25 16:00:00+00:00
15.5,43,1019.0,11.8,88,2026-01-25 17:00:00+00:00
15.1,45,1018.7,13.0,91,2026-01-25 18:00:00+00:00
14.7,46,1018.3,12.8,99,2026-01-25 19:00:00+00:00
14.4,46,1017.6,13.7,96,2026-01-25 20:00:00+00:00
14.3,46,1017.2,13.4,99,2026-01-25 21:00:00+00:00
14.1,46,1016.8,13.3,41,2026-01-25 22:00:00+00:00
13.9,46,1016.5,13.4,23,2026-01-25 23:00:00+00:00
13.6,47,1016.3,13.6,100,2026-01-26 00:00:00+00:00
13.9,46,1016.5,13.5,78,2026-01-26 01:00:00+00:00
13.8,47,1017.4,14.0,77,2026-01-26 02:00:00+00:00
14.3,45,1018.4,13.6,42,2026-01-26 03:00:00+00:00
15.3,43,1019.6,11.6,46,2026-01-26 04:00:00+00:00
17.0,39,1020.0,12.9,31,2026-01-26 05:00:00+00:00
18.3,36,1019.4,15.6,61,2026-01-26 06:00:00+00:00
19.5,31,1018.1,14.9,91,2026-01-26 07:00:00+00:00
19.8,28,1017.1,11.8,48,2026-01-26 08:00:00+00:00
21.3,25,1015.9,9.3,63,2026-01-26 09:00:00+00:00
21.6,25,1015.3,7.6,12,2026-01-26 10:00:00+00:00
21.6,25,1014.9,6.8,8,2026-01-26 11:00:00+00:00
21.3,25,1014.8,5.6,3,2026-01-26 12:00:00+00:00
20.6,26,1015.4,6.0,12,2026-01-26 13:00:00+00:00
19.6,28,1016.5,7.9,3,2026-01-26 14:00:00+00:00
18.7,32,1017.2,10.6,2,2026-01-26 15:00:00+00:00
17.3,37,1017.6,11.2,0,2026-01-26 16:00:00+00:00
16.1,41,1018.0,11.2,73,2026-01-26 17:00:00+00:00
15.9,42,1017.8,11.3,80,2026-01-26 18:00:00+00:00
16.0,41,1017.7,9.3,37,2026-01-26 19:00:00+00:00
15.7,40,1017.3,10.8,77,2026-01-26 20:00:00+00:00
15.7,39,1017.4,9.9,74,2026-01-26 21:00:00+00:00
15.6,39,1017.3,10.4,84,2026-01-26 22:00:00+00:00
15.3,41,1017.4,10.9,13,2026-01-26 23:00:00+00:00
15.2,43,1017.9,11.5,10,2026-01-27 00:00:00+00:00
14.1,49,1018.2,10.4,15,2026-01-27 01:00:00+00:00
13.5,51,1019.1,9.4,7,2026-01-27 02:00:00+00:00
13.4,51,1020.0,9.2,3,2026-01-27 03:00:00+00:00
14.5,47,1020.9,6.4,1,2026-01-27 04:00:00+00:00
16.8,41,1021.3,5.0,0,2026-01-27 05:00:00+00:00
19.5,32,1021.4,4.4,0,2026-01-27 06:00:00+00:00
21.1,25,1020.7,4.5,0,2026-01-27 07:00:00+00:00
22.2,23,1019.4,6.2,0,2026-01-27 08:00:00+00:00
22.7,22,1018.5,9.1,0,2026-01-27 09:00:00+00:00
22.5,24,1017.7,11.9,0,2026-01-27 10:00:00+00:00
21.9,27,1017.6,12.6,0,2026-01-27 11:00:00+00:00
21.5,27,1017.4,11.0,0,2026-01-27 12:00:00+00:00
20.3,33,1017.8,9.4,0,2026-01-27 13:00:00+00:00
19.1,43,1018.5,8.3,0,2026-01-27 14:00:00+00:00
18.5,50,1019.4,6.9,0,2026-01-27 15:00:00+00:00
18.1,53,1019.9,4.2,0,2026-01-27 16:00:00+00:00
17.4,59,1019.9,1.3,0,2026-01-27 17:00:00+00:00
16.7,62,1020.4,0.3,0,2026-01-27 18:00:00+00:00
17.1,62,1020.3,0.2,0,2026-01-27 19:00:00+00:00
16.8,62,1020.0,1.7,0,2026-01-27 20:00:00+00:00
17.0,56,1019.7,4.0,0,2026-01-27 21:00:00+00:00
16.0,59,1019.6,8.3,18,2026-01-27 22:00:00+00:00
15.0,60,1019.3,7.3,53,2026-01-27 23:00:00+00:00
14.6,53,1019.8,8.5,100,2026-01-28 00:00:00+00:00
14.4,53,1020.1,8.1,100,2026-01-28 01:00:00+00:00
14.0,55,1020.8,9.1,16,2026-01-28 02:00:00+00:00
13.9,56,1021.6,9.0,2,2026-01-28 03:00:00+00:00
15.5,52,1022.4,7.9,0,2026-01-28 04:00:00+00:00
18.1,43,1023.0,8.3,0,2026-01-28 05:00:00+00:00
20.7,37,1022.9,9.7,0,2026-01-28 06:00:00+00:00
22.0,34,1022.1,8.1,0,2026-01-28 07:00:00+00:00
22.9,31,1020.9,6.7,3,2026-01-28 08:00:00+00:00
23.4,29,1019.7,7.0,0,2026-01-28 09:00:00+00:00
23.5,29,1018.9,7.9,23,2026-01-28 10:00:00+00:00
23.2,31,1018.4,8.8,39,2026-01-28 11:00:00+00:00
22.4,37,1018.4,10.5,27,2026-01-28 12:00:00+00:00
21.3,41,1018.6,9.9,70,2026-01-28 13:00:00+00:00
20.3,44,1019.1,8.5,89,2026-01-28 14:00:00+00:00
19.5,49,1019.7,7.0,43,2026-01-28 15:00:00+00:00
18.8,54,1019.9,5.5,98,2026-01-28 16:00:00+00:00
18.0,60,1020.1,6.3,84,2026-01-28 17:00:00+00:00
17.4,64,1020.1,5.3,90,2026-01-28 18:00:00+00:00
17.3,65,1019.9,6.5,85,2026-01-28 19:00:00+00:00
16.7,67,1019.4,7.2,92,2026-01-28 20:00:00+00:00
16.1,70,1019.1,7.0,98,2026-01-28 21:00:00+00:00
15.5,70,1018.5,7.2,100,2026-01-28 22:00:00+00:00
15.4,60,1018.2,7.2,100,2026-01-28 23:00:00+00:00
15.2,52,1018.2,8.3,100,2026-01-29 00:00:00+00:00
14.5,53,1018.3,8.3,100,2026-01-29 01:00:00+00:00
13.9,55,1019.1,8.6,100,2026-01-29 02:00:00+00:00
13.9,56,1019.7,8.8,100,2026-01-29 03:00:00+00:00
15.5,51,1020.2,8.7,99,2026-01-29 04:00:00+00:00
18.3,42,1020.6,7.4,100,2026-01-29 05:00:00+00:00
20.8,35,1020.9,8.5,100,2026-01-29 06:00:00+00:00
22.2,30,1020.1,8.0,100,2026-01-29 07:00:00+00:00
23.1,28,1018.9,7.6,100,2026-01-29 08:00:00+00:00
23.6,27,1017.6,7.4,100,2026-01-29 09:00:00+00:00
23.7,27,1016.7,6.7,100,2026-01-29 10:00:00+00:00
23.6,27,1016.3,6.1,100,2026-01-29 11:00:00+00:00
23.6,28,1016.2,7.7,98,2026-01-29 12:00:00+00:00
22.9,29,1016.4,6.9,100,2026-01-29 13:00:00+00:00
21.9,32,1017.2,7.1,100,2026-01-29 14:00:00+00:00
21.0,34,1017.7,9.2,100,2026-01-29 15:00:00+00:00
20.3,38,1018.0,11.0,98,2026-01-29 16:00:00+00:00
19.5,41,1018.3,11.6,99,2026-01-29 17:00:00+00:00
18.6,45,1018.5,11.6,77,2026-01-29 18:00:00+00:00
17.8,49,1018.3,11.3,33,2026-01-29 19:00:00+00:00
17.1,52,1017.9,11.6,34,2026-01-29 20:00:00+00:00
16.6,53,1017.7,11.7,24,2026-01-29 21:00:00+00:00
16.2,55,1017.0,11.7,53,2026-01-29 22:00:00+00:00
15.9,55,1016.8,11.8,32,2026-01-29 23:00:00+00:00
15.7,55,1017.1,11.7,98,2026-01-30 00:00:00+00:00
15.7,55,1017.1,11.2,52,2026-01-30 01:00:00+00:00
15.5,55,1017.6,11.0,0,2026-01-30 02:00:00+00:00
15.5,55,1018.1,10.7,0,2026-01-30 03:00:00+00:00
17.0,50,1018.9,9.2,0,2026-01-30 04:00:00+00:00
19.5,42,1019.3,8.6,0,2026-01-30 05:00:00+00:00
21.9,35,1019.4,8.7,0,2026-01-30 06:00:00+00:00
23.3,29,1018.7,5.0,0,2026-01-30 07:00:00+00:00
24.0,26,1017.4,2.6,0,2026-01-30 08:00:00+00:00
24.6,25,1016.4,1.7,0,2026-01-30 09:00:00+00:00
24.6,26,1015.4,6.2,0,2026-01-30 10:00:00+00:00
24.3,29,1014.9,8.7,0,2026-01-30 11:00:00+00:00
23.4,34,1014.9,10.6,0,2026-01-30 12:00:00+00:00
22.0,38,1015.1,12.3,0,2026-01-30 13:00:00+00:00
20.8,43,1015.6,10.5,0,2026-01-30 14:00:00+00:00
19.9,48,1016.4,10.1,0,2026-01-30 15:00:00+00:00
19.3,51,1017.0,7.8,0,2026-01-30 16:00:00+00:00
18.8,52,1017.2,6.7,0,2026-01-30 17:00:00+00:00
18.4,52,1017.1,5.9,5,2026-01-30 18:00:00+00:00
18.3,47,1016.8,7.2,14,2026-01-30 19:00:00+00:00
17.7,46,1016.7,6.9,0,2026-01-30 20:00:00+00:00
16.6,50,1016.8,7.7,0,2026-01-30 21:00:00+00:00
15.9,54,1016.8,7.8,0,2026-01-30 22:00:00+00:00
15.5,56,1016.7,7.8,0,2026-01-30 23:00:00+00:00
15.2,57,1016.4,8.9,0,2026-01-31 00:00:00+00:00
15.0,58,1016.7,8.7,0,2026-01-31 01:00:00+00:00
14.8,59,1017.4,8.2,0,2026-01-31 02:00:00+00:00
14.8,59,1018.0,8.2,0,2026-01-31 03:00:00+00:00
16.4,53,1018.8,7.6,0,2026-01-31 04:00:00+00:00
19.5,43,1019.3,5.0,0,2026-01-31 05:00:00+00:00
22.1,33,1019.2,4.6,0,2026-01-31 06:00:00+00:00
23.6,29,1018.4,1.1,0,2026-01-31 07:00:00+00:00
24.6,27,1017.2,2.5,0,2026-01-31 08:00:00+00:00
24.9,28,1016.1,7.3,0,2026-01-31 09:00:00+00:00
24.6,36,1015.5,12.1,0,2026-01-31 10:00:00+00:00
24.1,40,1015.2,12.7,0,2026-01-31 11:00:00+00:00
23.2,43,1015.3,12.1,0,2026-01-31 12:00:00+00:00
22.0,51,1015.5,11.0,0,2026-01-31 13:00:00+00:00
20.9,60,1016.2,9.0,0,2026-01-31 14:00:00+00:00
20.1,66,1016.5,7.2,0,2026-01-31 15:00:00+00:00
19.7,70,1016.8,6.4,0,2026-01-31 16:00:00+00:00
19.3,73,1017.2,6.6,0,2026-01-31 17:00:00+00:00
18.8,76,1017.2,5.1,0,2026-01-31 18:00:00+00:00
18.6,77,1017.2,5.5,0,2026-01-31 19:00:00+00:00
18.1,80,1017.0,5.5,0,2026-01-31 20:00:00+00:00
17.7,82,1016.9,5.6,0,2026-01-31 21:00:00+00:00
17.3,83,1016.6,5.8,0,2026-01-31 22:00:00+00:00
17.1,84,1016.4,5.4,1,2026-01-31 23:00:00+00:00
16.5,86,1016.6,5.5,0,2026-02-01 00:00:00+00:00
16.3,85,1017.0,6.4,1,2026-02-01 01:00:00+00:00
16.1,85,1017.7,6.7,1,2026-02-01 02:00:00+00:00
16.6,81,1018.4,6.7,0,2026-02-01 03:00:00+00:00
18.4,71,1019.1,6.1,0,2026-02-01 04:00:00+00:00
21.1,56,1019.6,3.9,0,2026-02-01 05:00:00+00:00
22.8,53,1019.8,1.8,0,2026-02-01 06:00:00+00:00
24.3,46,1019.0,2.3,0,2026-02-01 07:00:00+00:00
25.2,43,1018.0,4.6,0,2026-02-01 08:00:00+00:00
25.5,45,1016.9,8.2,0,2026-02-01 09:00:00+00:00
25.1,55,1016.5,12.1,5,2026-02-01 10:00:00+00:00
24.5,57,1016.2,12.7,7,2026-02-01 11:00:00+00:00
23.6,58,1016.3,10.3,11,2026-02-01 12:00:00+00:00
22.9,62,1016.7,8.1,0,2026-02-01 13:00:00+00:00
21.8,71,1017.1,7.8,0,2026-02-01 14:00:00+00:00
21.1,77,1017.5,7.5,0,2026-02-01 15:00:00+00:00
20.8,79,1018.2,7.1,0,2026-02-01 16:00:00+00:00
20.4,83,1018.6,6.8,0,2026-02-01 17:00:00+00:00
19.8,84,1018.8,6.2,0,2026-02-01 18:00:00+00:00
19.5,83,1018.9,8.5,0,2026-02-01 19:00:00+00:00
19.1,80,1018.8,8.5,0,2026-02-01 20:00:00+00:00
18.8,76,1018.8,8.4,0,2026-02-01 21:00:00+00:00
18.3,72,1018.6,8.6,4,2026-02-01 22:00:00+00:00
17.7,68,1018.5,8.4,0,2026-02-01 23:00:00+00:00
17.0,69,1018.2,8.3,0,2026-02-02 00:00:00+00:00
17.0,64,1018.8,8.7,0,2026-02-02 01:00:00+00:00
17.0,63,1019.5,9.1,0,2026-02-02 02:00:00+00:00
17.4,61,1019.8,9.6,0,2026-02-02 03:00:00+00:00
19.5,53,1020.4,8.9,0,2026-02-02 04:00:00+00:00
22.5,42,1020.8,8.6,0,2026-02-02 05:00:00+00:00
25.0,33,1020.5,10.6,0,2026-02-02 06:00:00+00:00
26.5,28,1019.6,9.2,2,2026-02-02 07:00:00+00:00
27.2,26,1018.4,7.0,1,2026-02-02 08:00:00+00:00
27.6,25,1017.5,5.5,0,2026-02-02 09:00:00+00:00
27.6,25,1016.8,3.4,0,2026-02-02 10:00:00+00:00
27.1,26,1016.3,4.6,0,2026-02-02 11:00:00+00:00
25.5,43,1016.4,11.5,0,2026-02-02 12:00:00+00:00
24.7,45,1016.6,11.2,0,2026-02-02 13:00:00+00:00
23.7,47,1017.2,8.7,0,2026-02-02 14:00:00+00:00
23.2,49,1017.7,5.5,0,2026-02-02 15:00:00+00:00
22.6,53,1018.0,4.1,1,2026-02-02 16:00:00+00:00
22.2,49,1018.2,6.0,0,2026-02-02 17:00:00+00:00
21.6,43,1018.4,5.6,0,2026-02-02 18:00:00+00:00
21.0,43,1018.1,7.3,0,2026-02-02 19:00:00+00:00
20.2,47,1018.1,7.9,0,2026-02-02 20:00:00+00:00
19.5,50,1017.8,8.6,0,2026-02-02 21:00:00+00:00
19.0,52,1017.7,9.1,0,2026-02-02 22:00:00+00:00
18.5,54,1017.6,9.7,0,2026-02-02 23:00:00+00:00
18.2,55,1018.0,9.2,0,2026-02-03 00:00:00+00:00
17.9,56,1018.4,8.8,0,2026-02-03 01:00:00+00:00
17.6,57,1019.2,9.3,1,2026-02-03 02:00:00+00:00
17.7,57,1019.6,9.5,2,2026-02-03 03:00:00+00:00
19.5,51,1020.4,8.0,15,2026-02-03 04:00:00+00:00
22.2,42,1020.5,7.3,13,2026-02-03 05:00:00+00:00
24.9,34,1020.2,9.6,22,2026-02-03 06:00:00+00:00
26.4,28,1019.2,9.0,42,2026-02-03 07:00:00+00:00
27.3,25,1018.0,6.9,44,2026-02-03 08:00:00+00:00
27.7,24,1017.2,4.9,2,2026-02-03 09:00:00+00:00
27.9,23,1016.7,5.6,0,2026-02-03 10:00:00+00:00
27.7,25,1016.4,7.2,0,2026-02-03 11:00:00+00:00
26.1,36,1016.6,10.5,0,2026-02-03 12:00:00+00:00
24.8,39,1016.7,10.1,0,2026-02-03 13:00:00+00:00
23.7,40,1017.1,7.8,0,2026-02-03 14:00:00+00:00
22.9,44,1017.3,7.7,0,2026-02-03 15:00:00+00:00
22.1,50,1017.9,8.1,0,2026-02-03 16:00:00+00:00
21.9,51,1018.5,8.5,0,2026-02-03 17:00:00+00:00
21.6,50,1018.6,7.8,0,2026-02-03 18:00:00+00:00
21.1,47,1018.5,9.0,0,2026-02-03 19:00:00+00:00
20.6,44,1018.4,6.7,0,2026-02-03 20:00:00+00:00
20.2,44,1017.9,5.9,0,2026-02-03 21:00:00+00:00
19.4,46,1017.7,7.1,0,2026-02-03 22:00:00+00:00
18.6,49,1017.6,8.6,0,2026-02-03 23:00:00+00:00
18.3,51,1018.2,8.1,0,2026-02-04 00:00:00+00:00
18.1,52,1018.4,8.4,0,2026-02-04 01:00:00+00:00
17.9,53,1019.1,9.4,0,2026-02-04 02:00:00+00:00
18.4,51,1019.7,11.0,0,2026-02-04 03:00:00+00:00
20.5,46,1020.3,11.6,0,2026-02-04 04:00:00+00:00
23.7,39,1020.6,11.1,0,2026-02-04 05:00:00+00:00
26.3,30,1020.6,14.0,0,2026-02-04 06:00:00+00:00
27.5,23,1019.8,15.1,0,2026-02-04 07:00:00+00:00
28.1,21,1018.8,14.5,0,2026-02-04 08:00:00+00:00
28.6,19,1017.8,13.5,0,2026-02-04 09:00:00+00:00
28.7,18,1016.9,13.1,0,2026-02-04 10:00:00+00:00
28.6,18,1016.5,13.0,0,2026-02-04 11:00:00+00:00
28.2,19,1016.3,13.4,0,2026-02-04 12:00:00+00:00
27.4,20,1016.5,11.1,0,2026-02-04 13:00:00+00:00
26.4,23,1017.0,10.8,0,2026-02-04 14:00:00+00:00
25.3,27,1017.8,12.0,11,2026-02-04 15:00:00+00:00
24.2,32,1018.4,13.4,20,2026-02-04 16:00:00+00:00
23.3,36,1018.4,14.3,0,2026-02-04 17:00:00+00:00
22.6,39,1018.3,13.9,2,2026-02-04 18:00:00+00:00
22.0,40,1018.2,13.5,6,2026-02-04 19:00:00+00:00
21.5,42,1018.0,14.1,9,2026-02-04 20:00:00+00:00
21.2,42,1017.9,14.2,25,2026-02-04 21:00:00+00:00
20.8,43,1017.4,14.0,1,2026-02-04 22:00:00+00:00
20.5,42,1017.3,14.0,91,2026-02-04 23:00:00+00:00
20.1,43,1017.3,14.1,2,2026-02-05 00:00:00+00:00
19.8,43,1017.6,13.9,21,2026-02-05 01:00:00+00:00
19.5,44,1018.3,13.1,2,2026-02-05 02:00:00+00:00
19.5,44,1019.0,13.2,0,2026-02-05 03:00:00+00:00
20.8,41,1019.4,12.2,0,2026-02-05 04:00:00+00:00
23.0,35,1020.1,12.2,0,2026-02-05 05:00:00+00:00
25.3,29,1020.2,13.4,0,2026-02-05 06:00:00+00:00
27.0,24,1019.4,12.6,0,2026-02-05 07:00:00+00:00
28.1,21,1018.4,11.2,0,2026-02-05 08:00:00+00:00
28.7,20,1017.5,9.9,0,2026-02-05 09:00:00+00:00
28.9,20,1016.9,9.0,0,2026-02-05 10:00:00+00:00
28.7,20,1016.6,8.9,0,2026-02-05 11:00:00+00:00
28.1,21,1016.7,8.8,0,2026-02-05 12:00:00+00:00
27.2,24,1017.1,7.0,0,2026-02-05 13:00:00+00:00
25.7,28,1017.6,3.2,0,2026-02-05 14:00:00+00:00
24.6,30,1018.3,4.2,0,2026-02-05 15:00:00+00:00
23.5,33,1018.6,6.5,0,2026-02-05 16:00:00+00:00
22.6,35,1018.8,7.7,0,2026-02-05 17:00:00+00:00
21.8,34,1018.9,6.3,0,2026-02-05 18:00:00+00:00
21.4,35,1018.7,8.2,0,2026-02-05 19:00:00+00:00
20.5,37,1018.1,8.8,0,2026-02-05 20:00:00+00:00
19.7,40,1018.1,8.3,0,2026-02-05 21:00:00+00:00
18.8,44,1017.8,7.4,0,2026-02-05 22:00:00+00:00
17.9,47,1017.7,7.2,0,2026-02-05 23:00:00+00:00
17.5,50,1017.8,6.6,0,2026-02-06 00:00:00+00:00
17.3,51,1018.4,7.3,1,2026-02-06 01:00:00+00:00
17.1,51,1019.1,7.5,52,2026-02-06 02:00:00+00:00
17.4,50,1019.5,7.6,0,2026-02-06 03:00:00+00:00
19.5,44,1020.4,7.1,0,2026-02-06 04:00:00+00:00
22.8,35,1020.6,4.6,0,2026-02-06 05:00:00+00:00
25.4,28,1020.5,2.9,9,2026-02-06 06:00:00+00:00
26.9,24,1019.8,1.5,0,2026-02-06 07:00:00+00:00
27.7,22,1018.9,4.4,7,2026-02-06 08:00:00+00:00
27.9,24,1018.1,10.0,2,2026-02-06 09:00:00+00:00
27.3,31,1017.3,13.4,40,2026-02-06 10:00:00+00:00
27.1,28,1016.9,12.2,98,2026-02-06 11:00:00+00:00
26.4,29,1016.8,11.7,100,2026-02-06 12:00:00+00:00
25.0,36,1017.0,9.2,66,2026-02-06 13:00:00+00:00
23.4,51,1017.2,7.8,93,2026-02-06 14:00:00+00:00
22.2,65,1017.7,8.1,53,2026-02-06 15:00:00+00:00
21.6,69,1018.2,9.8,79,2026-02-06 16:00:00+00:00
21.2,70,1018.7,9.2,50,2026-02-06 17:00:00+00:00
20.5,77,1019.0,7.5,100,2026-02-06 18:00:00+00:00
20.3,80,1018.4,7.3,100,2026-02-06 19:00:00+00:00
20.0,81,1018.1,9.5,100,2026-02-06 20:00:00+00:00
19.8,81,1017.7,8.9,100,2026-02-06 21:00:00+00:00
19.3,87,1017.1,8.4,93,2026-02-06 22:00:00+00:00
18.8,90,1016.6,8.3,97,2026-02-06 23:00:00+00:00
18.6,84,1016.6,7.1,100,2026-02-07 00:00:00+00:00
18.1,84,1016.8,5.9,100,2026-02-07 01:00:00+00:00
17.2,86,1017.4,3.8,98,2026-02-07 02:00:00+00:00
16.9,85,1017.9,4.2,98,2026-02-07 03:00:00+00:00
19.3,72,1018.3,4.0,100,2026-02-07 04:00:00+00:00
22.5,58,1018.7,2.8,71,2026-02-07 05:00:00+00:00
25.0,51,1018.8,2.3,84,2026-02-07 06:00:00+00:00
26.8,42,1018.0,3.6,80,2026-02-07 07:00:00+00:00
27.3,46,1016.8,7.4,100,2026-02-07 08:00:00+00:00
27.1,54,1015.7,10.8,96,2026-02-07 09:00:00+00:00
26.9,49,1015.0,12.1,99,2026-02-07 10:00:00+00:00
26.4,47,1014.6,11.3,98,2026-02-07 11:00:00+00:00
25.5,52,1014.2,9.5,97,2026-02-07 12:00:00+00:00
24.0,68,1014.5,9.9,98,2026-02-07 13:00:00+00:00
22.6,79,1015.0,8.3,100,2026-02-07 14:00:00+00:00
21.9,84,1015.6,7.8,99,2026-02-07 15:00:00+00:00
21.4,88,1016.2,6.0,98,2026-02-07 16:00:00+00:00
20.9,90,1016.5,4.4,86,2026-02-07 17:00:00+00:00
20.2,92,1016.5,4.6,94,2026-02-07 18:00:00+00:00
20.1,91,1016.1,5.1,95,2026-02-07 19:00:00+00:00
19.5,94,1016.0,4.8,85,2026-02-07 20:00:00+00:00
19.0,93,1015.8,5.9,87,2026-02-07 21:00:00+00:00
18.8,91,1015.3,4.8,42,2026-02-07 22:00:00+00:00
18.2,92,1015.2,4.8,48,2026-02-07 23:00:00+00:00
17.3,95,1015.0,4.0,38,2026-02-08 00:00:00+00:00
17.0,92,1015.1,5.2,45,2026-02-08 01:00:00+00:00
16.9,89,1015.6,5.4,45,2026-02-08 02:00:00+00:00
17.1,84,1016.2,5.0,34,2026-02-08 03:00:00+00:00
18.9,73,1016.7,3.6,5,2026-02-08 04:00:00+00:00
21.6,63,1016.9,2.5,48,2026-02-08 05:00:00+00:00
24.1,49,1016.9,0.2,100,2026-02-08 06:00:00+00:00
26.0,39,1016.3,3.5,9,2026-02-08 07:00:00+00:00
26.5,40,1014.9,7.7,2,2026-02-08 08:00:00+00:00
26.5,42,1013.5,10.0,3,2026-02-08 09:00:00+00:00
26.4,41,1012.6,10.4,3,2026-02-08 10:00:00+00:00
25.9,41,1012.3,10.2,2,2026-02-08 11:00:00+00:00
25.0,46,1012.1,10.0,30,2026-02-08 12:00:00+00:00
23.6,55,1012.3,9.2,0,2026-02-08 13:00:00+00:00
22.1,73,1012.5,7.4,0,2026-02-08 14:00:00+00:00
21.3,84,1012.9,6.8,0,2026-02-08 15:00:00+00:00
20.7,89,1013.6,8.2,0,2026-02-08 16:00:00+00:00
20.4,92,1014.0,10.2,3,2026-02-08 17:00:00+00:00
20.4,91,1014.0,10.8,7,2026-02-08 18:00:00+00:00
20.4,90,1013.5,9.8,4,2026-02-08 19:00:00+00:00
20.2,89,1013.3,9.0,32,2026-02-08 20:00:00+00:00
20.0,89,1013.0,8.0,5,2026-02-08 21:00:00+00:00
19.6,90,1012.6,8.4,3,2026-02-08 22:00:00+00:00
19.4,90,1012.0,7.3,2,2026-02-08 23:00:00+00:00
18.7,94,1011.9,4.4,5,2026-02-09 00:00:00+00:00
18.8,93,1011.9,4.9,13,2026-02-09 01:00:00+00:00
18.8,92,1012.6,5.4,27,2026-02-09 02:00:00+00:00
19.5,87,1013.4,7.6,19,2026-02-09 03:00:00+00:00
21.6,78,1014.1,7.2,5,2026-02-09 04:00:00+00:00
23.6,61,1014.8,12.1,2,2026-02-09 05:00:00+00:00
25.0,55,1014.7,14.4,6,2026-02-09 06:00:00+00:00
25.4,54,1014.3,15.7,18,2026-02-09 07:00:00+00:00
25.6,53,1013.5,16.0,19,2026-02-09 08:00:00+00:00
25.7,52,1012.5,16.2,20,2026-02-09 09:00:00+00:00
25.4,53,1011.8,15.9,29,2026-02-09 10:00:00+00:00
24.9,57,1011.8,15.2,22,2026-02-09 11:00:00+00:00
24.4,61,1011.8,14.1,2,2026-02-09 12:00:00+00:00
23.5,69,1012.1,12.7,0,2026-02-09 13:00:00+00:00
22.6,74,1012.4,11.0,0,2026-02-09 14:00:00+00:00
22.3,78,1013.1,10.3,0,2026-02-09 15:00:00+00:00
22.1,80,1013.4,11.9,0,2026-02-09 16:00:00+00:00
21.9,83,1013.4,12.5,0,2026-02-09 17:00:00+00:00
21.9,82,1013.5,11.8,0,2026-02-09 18:00:00+00:00
21.7,84,1013.3,10.0,1,2026-02-09 19:00:00+00:00
21.3,87,1012.8,9.2,0,2026-02-09 20:00:00+00:00
21.2,89,1012.5,9.1,13,2026-02-09 21:00:00+00:00
21.0,91,1012.0,9.2,8,2026-02-09 22:00:00+00:00
20.9,92,1012.2,8.6,20,2026-02-09 23:00:00+00:00
20.1,90,1012.5,7.3,84,2026-02-10 00:00:00+00:00
19.7,87,1013.1,7.2,69,2026-02-10 01:00:00+00:00
19.8,85,1013.9,6.1,62,2026-02-10 02:00:00+00:00
20.3,83,1014.6,6.0,41,2026-02-10 03:00:00+00:00
21.8,77,1015.3,3.4,16,2026-02-10 04:00:00+00:00
23.8,68,1016.0,4.1,5,2026-02-10 05:00:00+00:00
25.0,60,1016.1,5.0,13,2026-02-10 06:00:00+00:00
26.2,51,1015.6,5.6,27,2026-02-10 07:00:00+00:00
26.8,48,1014.7,7.5,20,2026-02-10 08:00:00+00:00
27.0,49,1013.9,9.6,30,2026-02-10 09:00:00+00:00
26.3,55,1013.5,12.3,28,2026-02-10 10:00:00+00:00
25.6,57,1013.7,13.5,34,2026-02-10 11:00:00+00:00
24.6,60,1014.2,13.0,38,2026-02-10 12:00:00+00:00
23.9,68,1014.7,11.2,94,2026-02-10 13:00:00+00:00
23.0,77,1015.8,10.5,96,2026-02-10 14:00:00+00:00
22.5,81,1016.4,6.9,100,2026-02-10 15:00:00+00:00
22.1,84,1017.2,4.3,100,2026-02-10 16:00:00+00:00
21.9,85,1017.8,3.8,100,2026-02-10 17:00:00+00:00
21.1,89,1018.1,1.9,88,2026-02-10 18:00:00+00:00
21.4,86,1017.9,5.1,36,2026-02-10 19:00:00+00:00
21.1,87,1017.6,5.5,50,2026-02-10 20:00:00+00:00
20.6,89,1017.5,6.9,99,2026-02-10 21:00:00+00:00
20.1,88,1017.1,7.9,98,2026-02-10 22:00:00+00:00
19.9,78,1017.2,8.4,100,2026-02-10 23:00:00+00:00
19.5,68,1017.5,8.0,99,2026-02-11 00:00:00+00:00
19.4,61,1018.2,9.0,99,2026-02-11 01:00:00+00:00
19.4,59,1019.2,9.2,100,2026-02-11 02:00:00+00:00
19.8,55,1019.9,9.8,100,2026-02-11 03:00:00+00:00
21.7,48,1020.6,9.4,89,2026-02-11 04:00:00+00:00
23.7,43,1021.1,10.6,7,2026-02-11 05:00:00+00:00
25.4,39,1021.3,14.2,17,2026-02-11 06:00:00+00:00
27.2,32,1020.5,16.1,98,2026-02-11 07:00:00+00:00
28.2,28,1019.2,16.5,29,2026-02-11 08:00:00+00:00
28.9,25,1018.1,16.1,0,2026-02-11 09:00:00+00:00
29.3,23,1017.4,15.5,0,2026-02-11 10:00:00+00:00
29.2,22,1016.9,15.3,1,2026-02-11 11:00:00+00:00
28.7,24,1016.5,14.1,0,2026-02-11 12:00:00+00:00
28.0,26,1017.2,13.1,0,2026-02-11 13:00:00+00:00
27.0,30,1018.0,13.4,0,2026-02-11 14:00:00+00:00
25.9,35,1018.3,13.3,0,2026-02-11 15:00:00+00:00
24.9,40,1018.7,12.6,0,2026-02-11 16:00:00+00:00
23.9,44,1018.8,11.8,0,2026-02-11 17:00:00+00:00
23.1,46,1018.8,10.3,1,2026-02-11 18:00:00+00:00
22.5,48,1018.5,10.7,26,2026-02-11 19:00:00+00:00
21.9,48,1018.1,10.6,24,2026-02-11 20:00:00+00:00
21.7,48,1018.1,10.5,38,2026-02-11 21:00:00+00:00
21.2,49,1017.9,10.5,70,2026-02-11 22:00:00+00:00
20.5,51,1017.6,10.5,100,2026-02-11 23:00:00+00:00
19.7,55,1017.8,10.4,100,2026-02-12 00:00:00+00:00
19.3,57,1018.1,10.1,98,2026-02-12 01:00:00+00:00
19.0,58,1018.8,9.4,100,2026-02-12 02:00:00+00:00
19.2,57,1019.4,9.5,100,2026-02-12 03:00:00+00:00
20.8,52,1020.1,8.0,99,2026-02-12 04:00:00+00:00
23.8,42,1020.5,7.9,21,2026-02-12 05:00:00+00:00
26.5,34,1020.2,8.9,30,2026-02-12 06:00:00+00:00
28.3,25,1019.3,7.5,37,2026-02-12 07:00:00+00:00
29.3,21,1017.9,4.8,85,2026-02-12 08:00:00+00:00
29.5,20,1016.8,2.8,71,2026-02-12 09:00:00+00:00
29.5,23,1016.0,7.3,97,2026-02-12 10:00:00+00:00
29.4,24,1015.0,9.8,97,2026-02-12 11:00:00+00:00
28.2,28,1014.8,12.4,75,2026-02-12 12:00:00+00:00
26.2,38,1015.0,13.0,23,2026-02-12 13:00:00+00:00
24.3,48,1015.6,10.3,48,2026-02-12 14:00:00+00:00
23.3,55,1016.3,7.5,97,2026-02-12 15:00:00+00:00
22.7,60,1016.8,6.1,98,2026-02-12 16:00:00+00:00
22.2,62,1017.1,6.7,98,2026-02-12 17:00:00+00:00
21.6,66,1017.4,7.3,98,2026-02-12 18:00:00+00:00
21.3,69,1017.0,8.6,98,2026-02-12 19:00:00+00:00
20.9,73,1016.4,9.3,100,2026-02-12 20:00:00+00:00
20.5,75,1015.9,9.8,88,2026-02-12 21:00:00+00:00
20.1,77,1015.3,9.7,39,2026-02-12 22:00:00+00:00
19.9,78,1014.5,7.6,54,2026-02-12 23:00:00+00:00
19.0,79,1014.5,4.5,100,2026-02-13 00:00:00+00:00
18.6,81,1014.6,5.2,96,2026-02-13 01:00:00+00:00
17.9,86,1015.1,2.4,100,2026-02-13 02:00:00+00:00
18.1,83,1015.7,2.5,86,2026-02-13 03:00:00+00:00
20.4,73,1016.5,1.4,33,2026-02-13 04:00:00+00:00
23.0,64,1016.9,0.3,27,2026-02-13 05:00:00+00:00
25.2,55,1017.0,2.9,8,2026-02-13 06:00:00+00:00
26.7,49,1016.3,6.0,2,2026-02-13 07:00:00+00:00
27.1,54,1015.3,10.6,3,2026-02-13 08:00:00+00:00
27.0,53,1014.5,13.1,0,2026-02-13 09:00:00+00:00
27.0,48,1014.1,12.8,0,2026-02-13 10:00:00+00:00
26.7,48,1013.8,12.6,2,2026-02-13 11:00:00+00:00
25.8,52,1013.4,12.2,0,2026-02-13 12:00:00+00:00
24.5,63,1013.5,10.6,0,2026-02-13 13:00:00+00:00
23.1,74,1013.7,9.1,0,2026-02-13 14:00:00+00:00
22.3,80,1014.4,7.7,0,2026-02-13 15:00:00+00:00
21.8,81,1014.9,6.9,0,2026-02-13 16:00:00+00:00
21.5,81,1015.1,6.5,0,2026-02-13 17:00:00+00:00
20.9,82,1015.3,6.0,0,2026-02-13 18:00:00+00:00
20.7,83,1015.0,7.9,0,2026-02-13 19:00:00+00:00
20.4,83,1014.3,8.2,0,2026-02-13 20:00:00+00:00
20.1,81,1013.8,7.3,0,2026-02-13 21:00:00+00:00
19.6,84,1013.5,6.1,0,2026-02-13 22:00:00+00:00
18.9,88,1013.4,5.4,0,2026-02-13 23:00:00+00:00
17.9,92,1013.4,4.0,0,2026-02-14 00:00:00+00:00
17.5,95,1013.6,5.2,3,2026-02-14 01:00:00+00:00
16.9,97,1014.6,4.2,3,2026-02-14 02:00:00+00:00
16.9,97,1015.3,2.5,1,2026-02-14 03:00:00+00:00
19.5,87,1016.0,0.6,0,2026-02-14 04:00:00+00:00
22.3,81,1016.5,1.3,0,2026-02-14 05:00:00+00:00
24.6,70,1016.3,4.8,0,2026-02-14 06:00:00+00:00
26.2,62,1015.8,7.7,1,2026-02-14 07:00:00+00:00
27.0,55,1014.8,9.7,0,2026-02-14 08:00:00+00:00
27.5,50,1014.1,10.7,0,2026-02-14 09:00:00+00:00
27.5,48,1013.4,11.7,0,2026-02-14 10:00:00+00:00
27.0,51,1012.9,11.6,0,2026-02-14 11:00:00+00:00
25.7,58,1012.8,10.4,0,2026-02-14 12:00:00+00:00
24.3,66,1012.8,9.4,0,2026-02-14 13:00:00+00:00
22.9,76,1013.2,8.1,0,2026-02-14 14:00:00+00:00
22.0,84,1013.9,5.9,0,2026-02-14 15:00:00+00:00
21.5,90,1014.4,6.5,0,2026-02-14 16:00:00+00:00
20.9,94,1014.5,6.1,3,2026-02-14 17:00:00+00:00
20.3,95,1014.8,5.1,2,2026-02-14 18:00:00+00:00
20.2,95,1014.3,6.6,15,2026-02-14 19:00:00+00:00
19.9,97,1014.0,8.3,66,2026-02-14 20:00:00+00:00
19.7,97,1013.8,8.6,99,2026-02-14 21:00:00+00:00
19.7,99,1013.5,8.7,100,2026-02-14 22:00:00+00:00
19.8,100,1013.3,7.7,100,2026-02-14 23:00:00+00:00
19.4,98,1013.5,4.9,52,2026-02-15 00:00:00+00:00
19.1,98,1013.8,3.8,70,2026-02-15 01:00:00+00:00
18.6,99,1014.4,3.5,100,2026-02-15 02:00:00+00:00
18.6,99,1015.0,2.8,100,2026-02-15 03:00:00+00:00
19.2,98,1015.5,2.7,100,2026-02-15 04:00:00+00:00
21.2,88,1016.2,4.3,100,2026-02-15 05:00:00+00:00
23.7,75,1015.9,4.9,51,2026-02-15 06:00:00+00:00
25.7,65,1015.5,6.4,16,2026-02-15 07:00:00+00:00
26.7,60,1014.6,9.5,9,2026-02-15 08:00:00+00:00
26.9,60,1013.6,11.6,3,2026-02-15 09:00:00+00:00
26.6,60,1012.8,12.0,0,2026-02-15 10:00:00+00:00
25.9,63,1012.0,11.8,0,2026-02-15 11:00:00+00:00
24.4,70,1012.1,10.9,1,2026-02-15 12:00:00+00:00
23.3,77,1012.0,10.2,2,2026-02-15 13:00:00+00:00
22.5,82,1012.0,8.7,4,2026-02-15 14:00:00+00:00
22.1,85,1012.5,8.0,29,2026-02-15 15:00:00+00:00
21.8,87,1012.9,7.6,20,2026-02-15 16:00:00+00:00
21.5,88,1013.1,6.8,14,2026-02-15 17:00:00+00:00
21.3,91,1012.9,6.7,23,2026-02-15 18:00:00+00:00
21.3,91,1012.6,7.4,14,2026-02-15 19:00:00+00:00
21.0,91,1012.2,6.5,31,2026-02-15 20:00:00+00:00
20.8,91,1011.6,6.3,86,2026-02-15 21:00:00+00:00
20.7,91,1011.0,5.9,81,2026-02-15 22:00:00+00:00
20.8,91,1010.8,6.0,39,2026-02-15 23:00:00+00:00
20.4,90,1010.7,6.7,50,2026-02-16 00:00:00+00:00
20.5,87,1011.0,8.0,18,2026-02-16 01:00:00+00:00
20.5,86,1011.5,7.4,22,2026-02-16 02:00:00+00:00
21.1,84,1012.0,7.2,15,2026-02-16 03:00:00+00:00
22.7,76,1012.5,8.7,16,2026-02-16 04:00:00+00:00
23.7,69,1012.7,9.6,9,2026-02-16 05:00:00+00:00
24.7,62,1012.8,11.0,22,2026-02-16 06:00:00+00:00
25.3,59,1012.1,13.3,13,2026-02-16 07:00:00+00:00
25.6,58,1011.3,15.1,20,2026-02-16 08:00:00+00:00
25.4,58,1010.0,15.1,16,2026-02-16 09:00:00+00:00
25.2,57,1009.1,14.8,10,2026-02-16 10:00:00+00:00
24.9,58,1008.5,14.3,2,2026-02-16 11:00:00+00:00
24.0,64,1008.2,13.0,3,2026-02-16 12:00:00+00:00
23.2,69,1008.1,12.6,5,2026-02-16 13:00:00+00:00
22.7,72,1008.5,11.5,5,2026-02-16 14:00:00+00:00
22.4,75,1009.7,10.7,9,2026-02-16 15:00:00+00:00
22.2,76,1010.4,8.2,5,2026-02-16 16:00:00+00:00
21.9,79,1010.5,8.6,9,2026-02-16 17:00:00+00:00
21.7,80,1010.9,10.9,20,2026-02-16 18:00:00+00:00
21.7,80,1011.1,10.4,16,2026-02-16 19:00:00+00:00
21.4,82,1010.4,10.0,10,2026-02-16 20:00:00+00:00
21.1,84,1010.0,7.5,5,2026-02-16 21:00:00+00:00
20.7,86,1009.7,4.8,8,2026-02-16 22:00:00+00:00
20.5,87,1009.4,5.4,8,2026-02-16 23:00:00+00:00
19.9,89,1009.4,0.3,14,2026-02-17 00:00:00+00:00
20.2,87,1009.7,2.8,25,2026-02-17 01:00:00+00:00
19.8,89,1010.4,5.3,45,2026-02-17 02:00:00+00:00
19.8,88,1011.2,6.4,95,2026-02-17 03:00:00+00:00
21.0,82,1011.9,4.9,25,2026-02-17 04:00:00+00:00
22.6,72,1012.5,4.5,51,2026-02-17 05:00:00+00:00
23.1,66,1013.2,5.3,24,2026-02-17 06:00:00+00:00
24.4,58,1012.9,5.2,30,2026-02-17 07:00:00+00:00
25.1,55,1012.0,7.1,45,2026-02-17 08:00:00+00:00
25.1,55,1011.3,8.7,39,2026-02-17 09:00:00+00:00
24.3,58,1011.0,6.1,31,2026-02-17 10:00:00+00:00
24.3,56,1010.5,8.7,40,2026-02-17 11:00:00+00:00
23.1,66,1010.8,7.9,38,2026-02-17 12:00:00+00:00
22.4,72,1011.1,7.6,14,2026-02-17 13:00:00+00:00
21.7,77,1011.8,6.6,2,2026-02-17 14:00:00+00:00
21.3,81,1012.5,3.8,2,2026-02-17 15:00:00+00:00
21.4,79,1013.1,1.9,0,2026-02-17 16:00:00+00:00
21.3,80,1012.9,2.1,0,2026-02-17 17:00:00+00:00
20.5,80,1013.3,2.5,0,2026-02-17 18:00:00+00:00
20.7,70,1013.3,6.2,0,2026-02-17 19:00:00+00:00
19.9,65,1013.1,7.5,0,2026-02-17 20:00:00+00:00
19.2,65,1012.7,9.0,0,2026-02-17 21:00:00+00:00
18.8,66,1012.5,9.2,0,2026-02-17 22:00:00+00:00
18.6,66,1012.6,8.6,0,2026-02-17 23:00:00+00:00
18.1,67,1012.7,9.4,0,2026-02-18 00:00:00+00:00
17.7,68,1013.4,9.5,0,2026-02-18 01:00:00+00:00
17.5,68,1014.2,8.4,0,2026-02-18 02:00:00+00:00
17.9,67,1014.4,7.6,0,2026-02-18 03:00:00+00:00
19.7,60,1015.0,5.3,0,2026-02-18 04:00:00+00:00
21.9,51,1015.5,5.0,0,2026-02-18 05:00:00+00:00
24.0,46,1015.2,4.7,0,2026-02-18 06:00:00+00:00
25.6,39,1014.3,3.1,0,2026-02-18 07:00:00+00:00
26.5,36,1013.5,4.0,0,2026-02-18 08:00:00+00:00
26.6,40,1012.5,10.2,5,2026-02-18 09:00:00+00:00
25.8,48,1011.8,15.3,50,2026-02-18 10:00:00+00:00
24.8,46,1011.5,16.3,28,2026-02-18 11:00:00+00:00
24.8,46,1011.0,15.2,42,2026-02-18 12:00:00+00:00
23.8,48,1011.4,12.6,14,2026-02-18 13:00:00+00:00
23.0,53,1012.4,10.9,10,2026-02-18 14:00:00+00:00
22.5,59,1013.2,9.6,2,2026-02-18 15:00:00+00:00
22.1,64,1013.9,7.9,0,2026-02-18 16:00:00+00:00
21.6,66,1014.2,9.0,0,2026-02-18 17:00:00+00:00
21.2,70,1014.2,6.1,0,2026-02-18 18:00:00+00:00
21.2,68,1014.2,6.4,0,2026-02-18 19:00:00+00:00
20.7,70,1014.0,7.4,0,2026-02-18 20:00:00+00:00
20.2,68,1014.1,8.6,0,2026-02-18 21:00:00+00:00
20.1,59,1013.9,8.6,0,2026-02-18 22:00:00+00:00
20.1,52,1013.5,9.7,2,2026-02-18 23:00:00+00:00
20.6,49,1013.6,11.0,0,2026-02-19 00:00:00+00:00
20.4,49,1013.8,10.5,0,2026-02-19 01:00:00+00:00
20.3,51,1014.5,10.6,0,2026-02-19 02:00:00+00:00
21.2,49,1015.1,11.8,0,2026-02-19 03:00:00+00:00
23.3,43,1015.9,10.9,0,2026-02-19 04:00:00+00:00
25.9,36,1016.1,12.3,0,2026-02-19 05:00:00+00:00
27.9,31,1016.2,13.2,0,2026-02-19 06:00:00+00:00
28.8,26,1015.5,14.8,0,2026-02-19 07:00:00+00:00
29.6,23,1014.4,15.6,0,2026-02-19 08:00:00+00:00
29.9,21,1013.6,17.2,0,2026-02-19 09:00:00+00:00
30.0,21,1012.9,17.7,0,2026-02-19 10:00:00+00:00
29.9,21,1012.5,17.5,0,2026-02-19 11:00:00+00:00
29.5,22,1012.5,17.1,0,2026-02-19 12:00:00+00:00
28.6,26,1013.0,15.5,0,2026-02-19 13:00:00+00:00
27.6,28,1013.8,12.9,0,2026-02-19 14:00:00+00:00
26.8,31,1014.5,12.1,0,2026-02-19 15:00:00+00:00
26.0,34,1015.0,9.8,0,2026-02-19 16:00:00+00:00
24.9,37,1015.2,11.1,0,2026-02-19 17:00:00+00:00
24.3,38,1015.4,12.3,0,2026-02-19 18:00:00+00:00
24.4,36,1015.4,12.7,0,2026-02-19 19:00:00+00:00
24.2,36,1015.2,13.1,0,2026-02-19 20:00:00+00:00
23.7,37,1015.0,12.9,0,2026-02-19 21:00:00+00:00
23.3,38,1014.8,13.1,0,2026-02-19 22:00:00+00:00
22.9,40,1014.8,13.0,0,2026-02-19 23:00:00+00:00
22.3,42,1014.9,12.8,0,2026-02-20 00:00:00+00:00
22.0,43,1015.3,11.9,0,2026-02-20 01:00:00+00:00
21.6,44,1016.2,11.4,0,2026-02-20 02:00:00+00:00
22.0,43,1017.1,12.0,0,2026-02-20 03:00:00+00:00
23.8,39,1017.8,10.4,0,2026-02-20 04:00:00+00:00
26.4,34,1018.0,12.9,0,2026-02-20 05:00:00+00:00
28.6,27,1017.9,17.1,0,2026-02-20 06:00:00+00:00
29.4,24,1017.3,16.9,0,2026-02-20 07:00:00+00:00
30.1,23,1016.6,14.5,0,2026-02-20 08:00:00+00:00
30.5,22,1015.3,13.6,0,2026-02-20 09:00:00+00:00
30.6,22,1014.5,13.4,0,2026-02-20 10:00:00+00:00
30.4,22,1014.1,13.7,0,2026-02-20 11:00:00+00:00
29.8,23,1014.1,13.7,0,2026-02-20 12:00:00+00:00
28.9,25,1014.5,13.8,0,2026-02-20 13:00:00+00:00
27.8,30,1015.1,12.5,0,2026-02-20 14:00:00+00:00
27.2,33,1015.6,11.1,0,2026-02-20 15:00:00+00:00
26.3,35,1015.8,12.5,0,2026-02-20 16:00:00+00:00
25.3,37,1015.8,12.5,0,2026-02-20 17:00:00+00:00
24.5,40,1015.6,11.1,0,2026-02-20 18:00:00+00:00
24.1,41,1015.3,11.7,0,2026-02-20 19:00:00+00:00
23.4,42,1015.1,11.8,0,2026-02-20 20:00:00+00:00
23.0,43,1014.6,11.2,0,2026-02-20 21:00:00+00:00
22.7,43,1014.1,11.7,0,2026-02-20 22:00:00+00:00
22.5,43,1013.9,11.9,0,2026-02-20 23:00:00+00:00
22.3,45,1013.5,12.2,0,2026-02-21 00:00:00+00:00
22.1,45,1013.6,11.9,0,2026-02-21 01:00:00+00:00
21.8,46,1014.1,11.4,0,2026-02-21 02:00:00+00:00
22.4,45,1014.6,11.3,0,2026-02-21 03:00:00+00:00
24.4,40,1015.1,8.6,0,2026-02-21 04:00:00+00:00
27.1,34,1015.2,8.1,0,2026-02-21 05:00:00+00:00
29.0,29,1015.1,5.4,0,2026-02-21 06:00:00+00:00
29.8,25,1014.3,3.6,0,2026-02-21 07:00:00+00:00
30.1,26,1013.0,8.1,0,2026-02-21 08:00:00+00:00
30.3,28,1011.7,12.7,0,2026-02-21 09:00:00+00:00
29.8,32,1010.7,16.0,0,2026-02-21 10:00:00+00:00
29.7,27,1010.1,15.6,0,2026-02-21 11:00:00+00:00
28.9,26,1010.1,13.9,0,2026-02-21 12:00:00+00:00
27.8,30,1010.5,11.4,0,2026-02-21 13:00:00+00:00
26.3,38,1010.4,8.9,0,2026-02-21 14:00:00+00:00
25.2,42,1010.5,8.8,0,2026-02-21 15:00:00+00:00
24.5,44,1010.7,8.8,0,2026-02-21 16:00:00+00:00
24.0,46,1010.6,9.2,0,2026-02-21 17:00:00+00:00
23.2,53,1010.4,9.2,0,2026-02-21 18:00:00+00:00
22.6,60,1010.2,9.4,0,2026-02-21 19:00:00+00:00
21.9,68,1010.0,10.6,0,2026-02-21 20:00:00+00:00
21.6,73,1009.6,9.9,0,2026-02-21 21:00:00+00:00
21.3,77,1009.0,8.7,0,2026-02-21 22:00:00+00:00
21.0,80,1008.8,7.2,0,2026-02-21 23:00:00+00:00
20.4,84,1008.6,5.8,0,2026-02-22 00:00:00+00:00
20.7,85,1009.0,7.0,0,2026-02-22 01:00:00+00:00
20.8,87,1009.2,7.7,0,2026-02-22 02:00:00+00:00
21.3,87,1009.7,8.2,0,2026-02-22 03:00:00+00:00
23.3,77,1010.3,8.1,0,2026-02-22 04:00:00+00:00
25.1,63,1010.6,10.1,0,2026-02-22 05:00:00+00:00
26.9,52,1010.5,12.5,0,2026-02-22 06:00:00+00:00
27.6,48,1009.8,13.9,0,2026-02-22 07:00:00+00:00
27.8,47,1009.0,14.4,0,2026-02-22 08:00:00+00:00
27.9,46,1008.0,14.7,0,2026-02-22 09:00:00+00:00
27.7,46,1007.2,14.2,0,2026-02-22 10:00:00+00:00
27.0,52,1006.8,13.4,0,2026-02-22 11:00:00+00:00
25.9,58,1006.6,11.5,0,2026-02-22 12:00:00+00:00
24.9,66,1007.0,9.6,0,2026-02-22 13:00:00+00:00
23.8,74,1007.4,7.4,0,2026-02-22 14:00:00+00:00
23.2,80,1007.8,6.4,0,2026-02-22 15:00:00+00:00
22.7,84,1008.3,8.2,0,2026-02-22 16:00:00+00:00
22.4,86,1008.4,8.5,0,2026-02-22 17:00:00+00:00
22.0,87,1008.3,7.0,0,2026-02-22 18:00:00+00:00
21.9,87,1008.4,7.7,0,2026-02-22 19:00:00+00:00
21.5,89,1008.5,7.2,0,2026-02-22 20:00:00+00:00
21.3,90,1008.4,6.5,0,2026-02-22 21:00:00+00:00
21.1,91,1008.0,7.1,0,2026-02-22 22:00:00+00:00
20.9,92,1007.7,7.5,0,2026-02-22 23:00:00+00:00
20.4,91,1007.2,6.4,0,2026-02-23 00:00:00+00:00
20.4,92,1007.7,6.7,0,2026-02-23 01:00:00+00:00
20.1,94,1008.5,6.1,5,2026-02-23 02:00:00+00:00
20.3,93,1009.4,5.3,20,2026-02-23 03:00:00+00:00
21.9,88,1010.0,3.7,4,2026-02-23 04:00:00+00:00
24.4,73,1010.4,7.8,21,2026-02-23 05:00:00+00:00
26.5,58,1010.3,7.4,0,2026-02-23 06:00:00+00:00
28.0,47,1009.7,8.9,0,2026-02-23 07:00:00+00:00
28.7,43,1008.8,10.5,0,2026-02-23 08:00:00+00:00
28.8,42,1008.0,11.2,2,2026-02-23 09:00:00+00:00
28.5,44,1007.3,11.0,9,2026-02-23 10:00:00+00:00
27.9,48,1006.9,10.1,2,2026-02-23 11:00:00+00:00
26.9,54,1006.9,11.5,0,2026-02-23 12:00:00+00:00
25.2,63,1007.7,10.3,0,2026-02-23 13:00:00+00:00
23.6,75,1008.2,8.6,0,2026-02-23 14:00:00+00:00
23.1,81,1009.0,6.6,0,2026-02-23 15:00:00+00:00
22.7,85,1009.5,7.8,0,2026-02-23 16:00:00+00:00
22.3,89,1009.6,8.3,0,2026-02-23 17:00:00+00:00
21.9,92,1009.9,3.4,0,2026-02-23 18:00:00+00:00
21.7,93,1009.9,4.6,0,2026-02-23 19:00:00+00:00
21.1,95,1009.7,5.8,9,2026-02-23 20:00:00+00:00
20.6,96,1009.3,6.8,36,2026-02-23 21:00:00+00:00
20.3,97,1009.1,6.1,98,2026-02-23 22:00:00+00:00
20.1,97,1008.8,7.2,98,2026-02-23 23:00:00+00:00
19.7,98,1008.8,7.6,100,2026-02-24 00:00:00+00:00
19.4,100,1009.2,8.0,100,2026-02-24 01:00:00+00:00
19.1,100,1009.9,8.2,100,2026-02-24 02:00:00+00:00
19.2,99,1010.7,8.2,100,2026-02-24 03:00:00+00:00
20.3,91,1011.5,4.9,29,2026-02-24 04:00:00+00:00
23.7,69,1011.7,2.2,2,2026-02-24 05:00:00+00:00
26.9,52,1011.8,2.0,1,2026-02-24 06:00:00+00:00
28.8,40,1011.2,5.6,0,2026-02-24 07:00:00+00:00
29.5,39,1010.4,7.6,0,2026-02-24 08:00:00+00:00
30.0,38,1009.6,9.8,0,2026-02-24 09:00:00+00:00
29.8,38,1009.1,11.2,14,2026-02-24 10:00:00+00:00
29.0,39,1008.6,12.9,53,2026-02-24 11:00:00+00:00
28.1,41,1008.3,13.0,3,2026-02-24 12:00:00+00:00
26.8,51,1008.8,10.0,1,2026-02-24 13:00:00+00:00
25.7,56,1009.6,7.8,10,2026-02-24 14:00:00+00:00
24.9,61,1010.3,8.4,0,2026-02-24 15:00:00+00:00
24.2,62,1010.7,7.0,0,2026-02-24 16:00:00+00:00
23.8,61,1011.1,5.6,0,2026-02-24 17:00:00+00:00
23.0,70,1011.2,4.5,0,2026-02-24 18:00:00+00:00
22.6,68,1011.1,6.7,0,2026-02-24 19:00:00+00:00
21.9,71,1011.0,7.2,0,2026-02-24 20:00:00+00:00
21.5,76,1010.7,6.8,0,2026-02-24 21:00:00+00:00
21.0,81,1010.5,7.5,0,2026-02-24 22:00:00+00:00
20.5,83,1010.2,5.6,0,2026-02-24 23:00:00+00:00
20.0,87,1010.3,1.9,7,2026-02-25 00:00:00+00:00
19.9,87,1010.7,3.4,0,2026-02-25 01:00:00+00:00
19.4,85,1011.4,6.2,0,2026-02-25 02:00:00+00:00
20.3,73,1012.1,5.4,1,2026-02-25 03:00:00+00:00
23.2,55,1012.8,3.1,0,2026-02-25 04:00:00+00:00
26.4,39,1012.9,2.4,0,2026-02-25 05:00:00+00:00
28.3,37,1013.1,3.6,1,2026-02-25 06:00:00+00:00
29.1,43,1012.3,7.3,24,2026-02-25 07:00:00+00:00
28.6,59,1011.4,11.5,20,2026-02-25 08:00:00+00:00
28.6,54,1010.5,12.8,16,2026-02-25 09:00:00+00:00
28.8,48,1010.0,12.3,10,2026-02-25 10:00:00+00:00
28.2,52,1009.9,13.4,3,2026-02-25 11:00:00+00:00
27.2,50,1009.8,13.9,0,2026-02-25 12:00:00+00:00
26.1,58,1010.1,12.6,0,2026-02-25 13:00:00+00:00
24.7,71,1010.6,10.1,0,2026-02-25 14:00:00+00:00
24.2,74,1011.3,9.5,0,2026-02-25 15:00:00+00:00
23.8,75,1012.1,8.5,0,2026-02-25 16:00:00+00:00
23.5,75,1012.4,5.4,0,2026-02-25 17:00:00+00:00
23.2,78,1012.5,5.0,0,2026-02-25 18:00:00+00:00
22.7,83,1012.3,6.4,0,2026-02-25 19:00:00+00:00
22.1,88,1012.0,7.0,0,2026-02-25 20:00:00+00:00
21.7,91,1011.5,5.1,0,2026-02-25 21:00:00+00:00
21.2,95,1010.9,5.3,0,2026-02-25 22:00:00+00:00
20.9,96,1010.6,7.5,9,2026-02-25 23:00:00+00:00
20.7,94,1010.6,6.0,17,2026-02-26 00:00:00+00:00
20.5,93,1010.6,4.6,23,2026-02-26 01:00:00+00:00
19.7,96,1011.0,4.5,32,2026-02-26 02:00:00+00:00
19.8,93,1011.4,6.6,2,2026-02-26 03:00:00+00:00
22.5,76,1011.9,1.4,1,2026-02-26 04:00:00+00:00
24.5,71,1012.2,5.8,13,2026-02-26 05:00:00+00:00
27.0,59,1012.2,6.1,13,2026-02-26 06:00:00+00:00
28.6,55,1011.3,8.3,9,2026-02-26 07:00:00+00:00
29.4,55,1010.3,10.8,6,2026-02-26 08:00:00+00:00
30.1,51,1009.2,12.4,13,2026-02-26 09:00:00+00:00
30.1,48,1008.1,14.6,3,2026-02-26 10:00:00+00:00
29.8,44,1007.7,14.3,1,2026-02-26 11:00:00+00:00
29.4,37,1007.4,13.0,1,2026-02-26 12:00:00+00:00
27.9,43,1007.7,12.4,0,2026-02-26 13:00:00+00:00
26.0,52,1007.8,10.7,0,2026-02-26 14:00:00+00:00
25.1,58,1008.5,10.5,0,2026-02-26 15:00:00+00:00
24.5,64,1008.9,11.7,0,2026-02-26 16:00:00+00:00
24.2,64,1008.9,12.8,0,2026-02-26 17:00:00+00:00
24.0,64,1009.0,13.1,0,2026-02-26 18:00:00+00:00
23.9,63,1008.8,13.1,0,2026-02-26 19:00:00+00:00
23.6,59,1008.5,13.0,0,2026-02-26 20:00:00+00:00
23.2,60,1008.4,12.3,0,2026-02-26 21:00:00+00:00
22.8,63,1007.9,11.5,0,2026-02-26 22:00:00+00:00
22.3,74,1007.7,11.8,0,2026-02-26 23:00:00+00:00
21.8,84,1007.6,12.1,0,2026-02-27 00:00:00+00:00
21.6,89,1007.9,11.2,0,2026-02-27 01:00:00+00:00
21.4,92,1008.2,10.5,0,2026-02-27 02:00:00+00:00
22.1,90,1009.0,9.4,0,2026-02-27 03:00:00+00:00
23.9,80,1009.5,9.6,0,2026-02-27 04:00:00+00:00
25.9,63,1009.5,9.7,0,2026-02-27 05:00:00+00:00
27.2,54,1009.4,11.4,0,2026-02-27 06:00:00+00:00
27.5,55,1008.9,14.4,0,2026-02-27 07:00:00+00:00
27.5,54,1008.1,15.3,0,2026-02-27 08:00:00+00:00
27.6,54,1007.3,15.6,0,2026-02-27 09:00:00+00:00
27.3,55,1006.6,15.4,0,2026-02-27 10:00:00+00:00
26.7,59,1006.3,15.3,0,2026-02-27 11:00:00+00:00
25.8,63,1005.9,14.1,0,2026-02-27 12:00:00+00:00
24.8,72,1006.3,12.5,0,2026-02-27 13:00:00+00:00
23.9,80,1006.5,10.5,0,2026-02-27 14:00:00+00:00
23.6,82,1007.2,10.2,0,2026-02-27 15:00:00+00:00
23.3,84,1007.7,10.1,0,2026-02-27 16:00:00+00:00
23.1,85,1007.8,9.6,0,2026-02-27 17:00:00+00:00
23.1,82,1007.6,9.3,0,2026-02-27 18:00:00+00:00
22.9,84,1007.8,8.3,0,2026-02-27 19:00:00+00:00
22.7,85,1007.5,8.6,0,2026-02-27 20:00:00+00:00
22.6,85,1007.2,9.1,0,2026-02-27 21:00:00+00:00
22.3,86,1006.9,8.3,0,2026-02-27 22:00:00+00:00
22.0,89,1006.7,8.0,0,2026-02-27 23:00:00+00:00
21.8,88,1006.5,8.8,0,2026-02-28 00:00:00+00:00
21.8,89,1006.9,9.5,0,2026-02-28 01:00:00+00:00
21.6,90,1007.7,9.8,0,2026-02-28 02:00:00+00:00
22.3,86,1008.6,9.3,0,2026-02-28 03:00:00+00:00
24.3,76,1009.2,10.0,0,2026-02-28 04:00:00+00:00
26.1,63,1009.5,11.0,0,2026-02-28 05:00:00+00:00
27.3,54,1009.8,11.7,0,2026-02-28 06:00:00+00:00
28.0,52,1009.4,12.6,0,2026-02-28 07:00:00+00:00
28.3,51,1008.6,14.2,0,2026-02-28 08:00:00+00:00
28.3,50,1007.8,15.0,0,2026-02-28 09:00:00+00:00
28.1,49,1007.4,14.4,1,2026-02-28 10:00:00+00:00
27.7,47,1007.1,13.2,0,2026-02-28 11:00:00+00:00
26.7,55,1006.9,12.5,0,2026-02-28 12:00:00+00:00
25.2,68,1007.3,11.9,0,2026-02-28 13:00:00+00:00
23.8,81,1007.7,10.8,0,2026-02-28 14:00:00+00:00
23.3,85,1008.4,10.3,0,2026-02-28 15:00:00+00:00
23.0,87,1009.0,10.4,1,2026-02-28 16:00:00+00:00
22.6,89,1009.5,10.3,2,2026-02-28 17:00:00+00:00
22.3,90,1009.6,8.7,5,2026-02-28 18:00:00+00:00
22.1,91,1009.7,6.6,22,2026-02-28 19:00:00+00:00
21.9,91,1009.4,6.2,30,2026-02-28 20:00:00+00:00
21.5,93,1009.0,6.5,80,2026-02-28 21:00:00+00:00
21.2,94,1008.8,6.9,100,2026-02-28 22:00:00+00:00
21.2,94,1008.6,6.6,100,2026-02-28 23:00:00+00:00
21.2,94,1008.6,6.9,99,2026-03-01 00:00:00+00:00
21.0,95,1009.2,5.6,97,2026-03-01 01:00:00+00:00
20.8,96,1009.7,5.5,95,2026-03-01 02:00:00+00:00
20.9,93,1010.4,4.5,22,2026-03-01 03:00:00+00:00
22.5,82,1011.5,5.1,16,2026-03-01 04:00:00+00:00
24.4,68,1011.8,5.6,16,2026-03-01 05:00:00+00:00
26.2,60,1011.7,6.4,9,2026-03-01 06:00:00+00:00
27.2,56,1011.2,10.4,1,2026-03-01 07:00:00+00:00
27.2,58,1010.5,13.1,2,2026-03-01 08:00:00+00:00
27.3,56,1009.7,13.4,0,2026-03-01 09:00:00+00:00
27.0,56,1009.1,13.2,0,2026-03-01 10:00:00+00:00
26.6,57,1008.9,12.6,0,2026-03-01 11:00:00+00:00
25.7,61,1008.7,11.8,0,2026-03-01 12:00:00+00:00
24.5,69,1009.1,10.5,0,2026-03-01 13:00:00+00:00
23.4,77,1009.5,8.8,0,2026-03-01 14:00:00+00:00
22.9,81,1010.1,7.9,0,2026-03-01 15:00:00+00:00
22.6,83,1010.7,7.3,0,2026-03-01 16:00:00+00:00
22.2,85,1011.3,6.2,0,2026-03-01 17:00:00+00:00
22.0,87,1011.4,5.7,0,2026-03-01 18:00:00+00:00
21.8,88,1011.6,5.1,0,2026-03-01 19:00:00+00:00
21.3,90,1011.4,4.7,5,2026-03-01 20:00:00+00:00
20.8,93,1011.1,4.6,20,2026-03-01 21:00:00+00:00
20.5,96,1010.9,4.8,22,2026-03-01 22:00:00+00:00
20.3,96,1010.9,5.5,52,2026-03-01 23:00:00+00:00
20.7,96,1011.0,6.6,99,2026-03-02 00:00:00+00:00
20.5,98,1011.3,6.3,98,2026-03-02 01:00:00+00:00
20.3,99,1011.8,6.0,100,2026-03-02 02:00:00+00:00
20.3,99,1012.4,5.9,100,2026-03-02 03:00:00+00:00
22.2,87,1013.1,7.9,34,2026-03-02 04:00:00+00:00
24.8,72,1013.4,5.6,15,2026-03-02 05:00:00+00:00
27.2,57,1013.6,5.8,0,2026-03-02 06:00:00+00:00
29.0,47,1013.0,7.0,0,2026-03-02 07:00:00+00:00
29.3,51,1012.2,10.5,0,2026-03-02 08:00:00+00:00
28.4,58,1011.5,14.1,0,2026-03-02 09:00:00+00:00
27.8,57,1011.0,14.3,0,2026-03-02 10:00:00+00:00
27.1,59,1010.6,12.1,0,2026-03-02 11:00:00+00:00
25.8,68,1010.7,10.9,0,2026-03-02 12:00:00+00:00
24.8,74,1011.1,10.1,0,2026-03-02 13:00:00+00:00
23.7,81,1011.6,8.8,0,2026-03-02 14:00:00+00:00
23.2,85,1012.4,8.8,0,2026-03-02 15:00:00+00:00
23.0,87,1013.3,7.2,0,2026-03-02 16:00:00+00:00
22.6,89,1013.8,7.1,0,2026-03-02 17:00:00+00:00
22.4,92,1014.0,6.7,5,2026-03-02 18:00:00+00:00
22.0,93,1013.9,6.0,10,2026-03-02 19:00:00+00:00
21.6,95,1013.5,5.9,16,2026-03-02 20:00:00+00:00
21.3,97,1013.1,7.5,57,2026-03-02 21:00:00+00:00
20.9,98,1012.7,7.3,100,2026-03-02 22:00:00+00:00
21.0,99,1012.4,10.1,100,2026-03-02 23:00:00+00:00
21.1,98,1012.5,8.4,31,2026-03-03 00:00:00+00:00
20.4,98,1012.6,7.3,68,2026-03-03 01:00:00+00:00
19.7,99,1013.1,7.1,95,2026-03-03 02:00:00+00:00
20.3,94,1013.8,5.8,13,2026-03-03 03:00:00+00:00
22.3,79,1014.4,3.7,1,2026-03-03 04:00:00+00:00
25.3,59,1014.8,3.3,2,2026-03-03 05:00:00+00:00
28.5,43,1014.7,2.5,0,2026-03-03 06:00:00+00:00
30.3,34,1014.3,6.3,0,2026-03-03 07:00:00+00:00
30.3,35,1013.6,10.3,0,2026-03-03 08:00:00+00:00
30.2,34,1012.7,11.2,0,2026-03-03 09:00:00+00:00
29.7,36,1011.9,11.4,0,2026-03-03 10:00:00+00:00
28.7,46,1011.4,11.4,0,2026-03-03 11:00:00+00:00
27.2,56,1011.8,10.7,0,2026-03-03 12:00:00+00:00
25.8,65,1012.2,8.9,0,2026-03-03 13:00:00+00:00
24.1,78,1012.7,8.2,0,2026-03-03 14:00:00+00:00
23.3,85,1013.4,7.0,0,2026-03-03 15:00:00+00:00
22.7,87,1014.0,6.5,0,2026-03-03 16:00:00+00:00
22.1,91,1014.4,8.1,0,2026-03-03 17:00:00+00:00
21.6,96,1014.4,9.1,0,2026-03-03 18:00:00+00:00
21.3,97,1014.2,10.6,61,2026-03-03 19:00:00+00:00
21.0,98,1013.9,9.5,100,2026-03-03 20:00:00+00:00
20.8,98,1013.5,10.1,100,2026-03-03 21:00:00+00:00
20.9,95,1013.0,8.4,33,2026-03-03 22:00:00+00:00
20.6,96,1012.8,7.3,10,2026-03-03 23:00:00+00:00
20.2,98,1012.7,7.2,93,2026-03-04 00:00:00+00:00
20.1,95,1013.5,6.0,99,2026-03-04 01:00:00+00:00
19.9,97,1014.1,5.2,96,2026-03-04 02:00:00+00:00
20.3,95,1015.0,6.0,43,2026-03-04 03:00:00+00:00
22.1,83,1015.7,7.6,39,2026-03-04 04:00:00+00:00
24.1,71,1016.1,5.4,12,2026-03-04 05:00:00+00:00
26.2,53,1016.0,7.3,0,2026-03-04 06:00:00+00:00
27.5,47,1015.6,10.5,0,2026-03-04 07:00:00+00:00
27.9,47,1014.9,11.5,0,2026-03-04 08:00:00+00:00
28.1,43,1014.0,12.3,0,2026-03-04 09:00:00+00:00
27.7,43,1013.4,12.7,0,2026-03-04 10:00:00+00:00
27.0,45,1012.8,12.6,0,2026-03-04 11:00:00+00:00
25.5,60,1012.7,12.8,0,2026-03-04 12:00:00+00:00
24.3,70,1013.1,12.1,0,2026-03-04 13:00:00+00:00
23.2,76,1013.6,11.3,0,2026-03-04 14:00:00+00:00
22.7,75,1014.3,11.1,0,2026-03-04 15:00:00+00:00
22.3,77,1014.9,9.2,0,2026-03-04 16:00:00+00:00
21.8,80,1015.0,8.2,0,2026-03-04 17:00:00+00:00
21.4,84,1015.0,8.7,0,2026-03-04 18:00:00+00:00
21.3,85,1014.7,8.7,0,2026-03-04 19:00:00+00:00
21.1,88,1014.3,8.7,0,2026-03-04 20:00:00+00:00
20.8,88,1013.8,9.2,0,2026-03-04 21:00:00+00:00
20.7,88,1013.3,9.6,0,2026-03-04 22:00:00+00:00
20.7,90,1013.0,10.0,0,2026-03-04 23:00:00+00:00
20.9,93,1012.7,11.0,0,2026-03-05 00:00:00+00:00
21.0,93,1013.2,10.6,0,2026-03-05 01:00:00+00:00
20.9,91,1013.5,10.4,0,2026-03-05 02:00:00+00:00
21.8,86,1014.1,9.6,0,2026-03-05 03:00:00+00:00
24.0,73,1014.5,12.6,0,2026-03-05 04:00:00+00:00
25.9,61,1014.9,14.5,0,2026-03-05 05:00:00+00:00
26.7,58,1015.0,16.3,4,2026-03-05 06:00:00+00:00
27.4,54,1014.8,16.4,1,2026-03-05 07:00:00+00:00
27.9,50,1013.9,16.9,0,2026-03-05 08:00:00+00:00
28.0,46,1012.9,17.1,0,2026-03-05 09:00:00+00:00
27.5,47,1012.0,17.1,0,2026-03-05 10:00:00+00:00
26.6,53,1011.3,16.7,0,2026-03-05 11:00:00+00:00
25.6,61,1011.1,16.6,0,2026-03-05 12:00:00+00:00
24.6,68,1011.3,16.0,0,2026-03-05 13:00:00+00:00
23.7,76,1011.5,14.1,0,2026-03-05 14:00:00+00:00
23.3,82,1011.7,11.8,0,2026-03-05 15:00:00+00:00
23.0,86,1012.3,11.9,0,2026-03-05 16:00:00+00:00
22.8,87,1012.4,11.5,0,2026-03-05 17:00:00+00:00
22.7,87,1012.5,12.1,0,2026-03-05 18:00:00+00:00
22.7,89,1011.8,12.6,0,2026-03-05 19:00:00+00:00
22.6,90,1011.3,13.0,0,2026-03-05 20:00:00+00:00
22.6,90,1010.9,13.5,2,2026-03-05 21:00:00+00:00
22.4,92,1010.2,13.7,32,2026-03-05 22:00:00+00:00
22.5,91,1010.0,14.3,36,2026-03-05 23:00:00+00:00
22.6,90,1009.7,14.9,51,2026-03-06 00:00:00+00:00
22.7,90,1009.9,14.4,36,2026-03-06 01:00:00+00:00
22.5,92,1010.3,13.3,30,2026-03-06 02:00:00+00:00
23.4,86,1011.0,14.1,21,2026-03-06 03:00:00+00:00
25.1,76,1011.5,14.5,22,2026-03-06 04:00:00+00:00
26.4,69,1011.9,15.3,11,2026-03-06 05:00:00+00:00
27.8,62,1012.0,15.1,5,2026-03-06 06:00:00+00:00
28.7,58,1011.7,15.8,2,2026-03-06 07:00:00+00:00
29.0,58,1010.9,16.0,0,2026-03-06 08:00:00+00:00
29.0,58,1009.9,16.2,0,2026-03-06 09:00:00+00:00
28.8,60,1009.2,15.4,0,2026-03-06 10:00:00+00:00
28.2,63,1008.6,14.3,0,2026-03-06 11:00:00+00:00
27.2,71,1008.3,13.1,0,2026-03-06 12:00:00+00:00
25.9,76,1008.6,12.4,0,2026-03-06 13:00:00+00:00
24.8,82,1009.0,10.9,0,2026-03-06 14:00:00+00:00
24.2,88,1009.5,9.5,0,2026-03-06 15:00:00+00:00
23.8,90,1009.8,9.0,0,2026-03-06 16:00:00+00:00
23.6,90,1010.0,8.6,0,2026-03-06 17:00:00+00:00
23.4,91,1009.9,8.6,0,2026-03-06 18:00:00+00:00
23.3,92,1009.8,8.7,0,2026-03-06 19:00:00+00:00
23.1,92,1009.6,7.9,0,2026-03-06 20:00:00+00:00
23.0,93,1009.2,7.2,0,2026-03-06 21:00:00+00:00
22.7,93,1008.8,7.5,0,2026-03-06 22:00:00+00:00
22.7,92,1008.7,7.9,0,2026-03-06 23:00:00+00:00
22.5,93,1008.6,7.4,0,2026-03-07 00:00:00+00:00
22.5,94,1008.9,7.1,0,2026-03-07 01:00:00+00:00
22.1,95,1009.7,5.9,0,2026-03-07 02:00:00+00:00
23.2,94,1010.3,6.6,0,2026-03-07 03:00:00+00:00
24.8,85,1010.8,6.0,32,2026-03-07 04:00:00+00:00
26.6,76,1011.3,5.0,11,2026-03-07 05:00:00+00:00
27.9,68,1011.7,8.1,10,2026-03-07 06:00:00+00:00
28.8,64,1011.2,10.4,2,2026-03-07 07:00:00+00:00
29.5,60,1010.4,11.3,1,2026-03-07 08:00:00+00:00
29.8,58,1009.6,12.2,0,2026-03-07 09:00:00+00:00
29.6,58,1009.0,12.6,0,2026-03-07 10:00:00+00:00
28.8,61,1008.7,12.2,0,2026-03-07 11:00:00+00:00
27.5,68,1009.1,11.3,0,2026-03-07 12:00:00+00:00
26.2,74,1009.5,10.3,0,2026-03-07 13:00:00+00:00
24.9,82,1010.0,8.3,0,2026-03-07 14:00:00+00:00
24.3,88,1010.6,7.1,0,2026-03-07 15:00:00+00:00
23.9,91,1011.6,5.9,0,2026-03-07 16:00:00+00:00
23.6,92,1011.9,5.9,0,2026-03-07 17:00:00+00:00
23.3,96,1012.0,6.3,11,2026-03-07 18:00:00+00:00
23.2,96,1012.0,5.8,25,2026-03-07 19:00:00+00:00
22.8,98,1011.5,4.9,100,2026-03-07 20:00:00+00:00
22.5,99,1011.1,4.5,100,2026-03-07 21:00:00+00:00
22.4,99,1010.8,4.5,100,2026-03-07 22:00:00+00:00
22.2,99,1010.3,4.6,100,2026-03-07 23:00:00+00:00
21.4,99,1010.5,2.9,100,2026-03-08 00:00:00+00:00
21.2,99,1010.8,2.1,100,2026-03-08 01:00:00+00:00
21.2,99,1011.4,2.0,100,2026-03-08 02:00:00+00:00
21.4,98,1012.3,2.8,100,2026-03-08 03:00:00+00:00
22.5,89,1013.0,4.3,92,2026-03-08 04:00:00+00:00
24.8,76,1013.4,3.6,3,2026-03-08 05:00:00+00:00
26.4,70,1013.6,6.5,3,2026-03-08 06:00:00+00:00
27.6,65,1013.2,8.8,1,2026-03-08 07:00:00+00:00
28.1,64,1012.3,9.8,0,2026-03-08 08:00:00+00:00
28.6,59,1011.4,10.3,0,2026-03-08 09:00:00+00:00
28.7,58,1010.7,11.1,0,2026-03-08 10:00:00+00:00
28.1,59,1010.3,11.1,0,2026-03-08 11:00:00+00:00
27.1,63,1010.4,9.6,0,2026-03-08 12:00:00+00:00
25.7,75,1010.9,8.6,0,2026-03-08 13:00:00+00:00
24.4,86,1011.6,7.9,2,2026-03-08 14:00:00+00:00
23.8,91,1012.2,6.9,14,2026-03-08 15:00:00+00:00
23.5,92,1012.9,6.5,23,2026-03-08 16:00:00+00:00
23.1,93,1012.9,5.6,3,2026-03-08 17:00:00+00:00
22.6,98,1013.0,4.8,98,2026-03-08 18:00:00+00:00
22.4,98,1013.2,4.3,100,2026-03-08 19:00:00+00:00
22.2,97,1012.7,4.6,100,2026-03-08 20:00:00+00:00
21.8,99,1012.1,5.2,100,2026-03-08 21:00:00+00:00
21.7,99,1011.6,6.1,100,2026-03-08 22:00:00+00:00
21.5,99,1011.5,6.3,100,2026-03-08 23:00:00+00:00
21.3,99,1011.5,6.6,100,2026-03-09 00:00:00+00:00
21.4,97,1012.0,5.2,76,2026-03-09 01:00:00+00:00
21.1,98,1012.2,3.7,45,2026-03-09 02:00:00+00:00
21.5,95,1012.8,3.3,49,2026-03-09 03:00:00+00:00
23.3,82,1013.4,3.9,3,2026-03-09 04:00:00+00:00
25.8,66,1013.6,4.2,0,2026-03-09 05:00:00+00:00
28.5,52,1013.7,6.0,0,2026-03-09 06:00:00+00:00
30.6,42,1013.4,7.3,0,2026-03-09 07:00:00+00:00
31.6,37,1012.7,9.7,0,2026-03-09 08:00:00+00:00
31.9,34,1011.8,11.3,0,2026-03-09 09:00:00+00:00
31.6,34,1011.3,11.4,0,2026-03-09 10:00:00+00:00
31.0,36,1011.0,10.9,0,2026-03-09 11:00:00+00:00
30.0,42,1010.5,9.6,0,2026-03-09 12:00:00+00:00
28.0,55,1011.1,8.3,0,2026-03-09 13:00:00+00:00
25.8,70,1011.6,6.9,0,2026-03-09 14:00:00+00:00
24.7,81,1012.1,6.2,0,2026-03-09 15:00:00+00:00
24.2,86,1012.7,5.3,0,2026-03-09 16:00:00+00:00
23.7,89,1013.1,5.8,0,2026-03-09 17:00:00+00:00
23.2,94,1013.4,7.0,3,2026-03-09 18:00:00+00:00
22.7,97,1013.4,7.7,59,2026-03-09 19:00:00+00:00
22.4,98,1013.3,7.2,98,2026-03-09 20:00:00+00:00
22.1,98,1012.8,7.3,100,2026-03-09 21:00:00+00:00
22.0,99,1012.6,7.1,100,2026-03-09 22:00:00+00:00
21.8,98,1012.9,8.6,100,2026-03-09 23:00:00+00:00
22.0,98,1012.9,8.4,100,2026-03-10 00:00:00+00:00
21.7,99,1013.5,5.9,100,2026-03-10 01:00:00+00:00
21.5,99,1013.9,5.5,100,2026-03-10 02:00:00+00:00
21.7,98,1014.4,5.4,100,2026-03-10 03:00:00+00:00
22.8,90,1015.1,5.9,29,2026-03-10 04:00:00+00:00
26.1,68,1015.6,6.3,2,2026-03-10 05:00:00+00:00
29.3,48,1015.5,8.3,0,2026-03-10 06:00:00+00:00
31.3,35,1015.0,10.7,0,2026-03-10 07:00:00+00:00
32.4,24,1014.3,12.3,0,2026-03-10 08:00:00+00:00
32.6,19,1013.5,12.6,0,2026-03-10 09:00:00+00:00
32.0,21,1012.9,13.1,0,2026-03-10 10:00:00+00:00
30.9,26,1012.2,12.2,0,2026-03-10 11:00:00+00:00
29.7,36,1011.7,10.8,0,2026-03-10 12:00:00+00:00
27.5,53,1012.0,9.1,0,2026-03-10 13:00:00+00:00
25.3,73,1012.6,7.3,0,2026-03-10 14:00:00+00:00
24.3,81,1013.1,6.7,0,2026-03-10 15:00:00+00:00
23.7,87,1013.5,6.6,0,2026-03-10 16:00:00+00:00
23.1,92,1013.6,7.4,0,2026-03-10 17:00:00+00:00
22.7,95,1013.8,7.8,14,2026-03-10 18:00:00+00:00
22.6,96,1013.7,6.8,7,2026-03-10 19:00:00+00:00
22.4,96,1013.5,6.5,21,2026-03-10 20:00:00+00:00
22.0,96,1013.1,6.9,29,2026-03-10 21:00:00+00:00
21.8,94,1013.0,6.9,32,2026-03-10 22:00:00+00:00
21.0,95,1012.8,5.5,28,2026-03-10 23:00:00+00:00
21.3,95,1012.7,7.3,14,2026-03-11 00:00:00+00:00
20.8,96,1013.1,6.2,27,2026-03-11 01:00:00+00:00
20.3,97,1013.5,4.4,34,2026-03-11 02:00:00+00:00
21.7,95,1014.3,6.2,35,2026-03-11 03:00:00+00:00
23.9,87,1015.0,5.7,0,2026-03-11 04:00:00+00:00
26.7,68,1015.3,8.8,3,2026-03-11 05:00:00+00:00
28.4,61,1015.2,11.7,3,2026-03-11 06:00:00+00:00
29.3,58,1014.7,12.8,56,2026-03-11 07:00:00+00:00
29.7,58,1013.7,13.3,84,2026-03-11 08:00:00+00:00
29.9,58,1012.4,13.3,98,2026-03-11 09:00:00+00:00
29.6,59,1011.7,14.2,59,2026-03-11 10:00:00+00:00
28.9,62,1011.2,13.1,68,2026-03-11 11:00:00+00:00
27.8,71,1010.9,12.2,38,2026-03-11 12:00:00+00:00
26.7,78,1011.1,11.0,97,2026-03-11 13:00:00+00:00
25.7,84,1011.7,9.0,99,2026-03-11 14:00:00+00:00
25.2,85,1011.8,9.3,100,2026-03-11 15:00:00+00:00
24.9,83,1012.0,8.6,93,2026-03-11 16:00:00+00:00
24.6,80,1012.0,7.0,91,2026-03-11 17:00:00+00:00
24.3,80,1012.0,6.4,94,2026-03-11 18:00:00+00:00
24.2,79,1011.4,6.8,100,2026-03-11 19:00:00+00:00
24.2,78,1011.3,8.1,95,2026-03-11 20:00:00+00:00
24.1,78,1010.6,8.7,100,2026-03-11 21:00:00+00:00
23.9,80,1010.3,8.8,99,2026-03-11 22:00:00+00:00
23.6,82,1010.0,7.8,94,2026-03-11 23:00:00+00:00
23.0,90,1009.9,7.4,100,2026-03-12 00:00:00+00:00
22.6,93,1010.3,9.5,97,2026-03-12 01:00:00+00:00
22.7,86,1010.8,10.2,100,2026-03-12 02:00:00+00:00
23.8,67,1011.1,10.6,100,2026-03-12 03:00:00+00:00
26.2,39,1011.7,10.9,100,2026-03-12 04:00:00+00:00
28.9,26,1011.8,11.8,100,2026-03-12 05:00:00+00:00
31.8,26,1011.6,9.2,48,2026-03-12 06:00:00+00:00
34.0,22,1010.9,8.9,0,2026-03-12 07:00:00+00:00
35.1,19,1010.0,11.2,0,2026-03-12 08:00:00+00:00
35.2,18,1008.9,13.9,0,2026-03-12 09:00:00+00:00
34.3,22,1008.3,15.1,0,2026-03-12 10:00:00+00:00
33.3,24,1007.8,13.9,0,2026-03-12 11:00:00+00:00
33.1,21,1007.9,12.9,0,2026-03-12 12:00:00+00:00
30.6,31,1008.0,11.7,0,2026-03-12 13:00:00+00:00
28.1,44,1008.5,9.7,9,2026-03-12 14:00:00+00:00
26.9,51,1008.9,8.9,100,2026-03-12 15:00:00+00:00
26.3,56,1009.5,11.9,95,2026-03-12 16:00:00+00:00
26.1,54,1009.8,10.1,2,2026-03-12 17:00:00+00:00
25.7,58,1010.0,9.2,0,2026-03-12 18:00:00+00:00
25.6,61,1009.4,10.2,0,2026-03-12 19:00:00+00:00
25.4,63,1009.3,11.4,11,2026-03-12 20:00:00+00:00
24.9,67,1008.6,10.6,3,2026-03-12 21:00:00+00:00
24.3,67,1008.1,8.8,9,2026-03-12 22:00:00+00:00
23.5,66,1007.7,6.6,0,2026-03-12 23:00:00+00:00
22.3,77,1007.7,5.8,0,2026-03-13 00:00:00+00:00
22.1,76,1008.0,7.4,0,2026-03-13 01:00:00+00:00
21.8,70,1008.6,7.0,0,2026-03-13 02:00:00+00:00
22.9,59,1009.2,5.6,0,2026-03-13 03:00:00+00:00
25.8,43,1009.9,3.6,0,2026-03-13 04:00:00+00:00
29.1,31,1010.0,1.9,0,2026-03-13 05:00:00+00:00
30.8,30,1010.1,5.1,0,2026-03-13 06:00:00+00:00
31.5,33,1009.6,10.5,0,2026-03-13 07:00:00+00:00
32.6,26,1009.0,12.0,0,2026-03-13 08:00:00+00:00
33.6,14,1007.8,13.6,0,2026-03-13 09:00:00+00:00
32.9,15,1007.3,15.0,0,2026-03-13 10:00:00+00:00
31.4,21,1006.8,14.2,0,2026-03-13 11:00:00+00:00
30.1,27,1006.9,13.7,2,2026-03-13 12:00:00+00:00
27.9,43,1007.3,11.3,0,2026-03-13 13:00:00+00:00
26.1,62,1007.7,9.6,2,2026-03-13 14:00:00+00:00
25.4,67,1008.2,8.6,4,2026-03-13 15:00:00+00:00
25.3,64,1008.7,10.8,0,2026-03-13 16:00:00+00:00
25.2,57,1009.0,10.3,0,2026-03-13 17:00:00+00:00
24.9,66,1009.2,10.7,0,2026-03-13 18:00:00+00:00
24.8,70,1009.0,10.7,0,2026-03-13 19:00:00+00:00
24.7,74,1008.7,10.9,0,2026-03-13 20:00:00+00:00
24.7,71,1008.2,11.4,0,2026-03-13 21:00:00+00:00
24.7,64,1007.5,14.1,0,2026-03-13 22:00:00+00:00
24.5,63,1007.6,14.2,0,2026-03-13 23:00:00+00:00
23.9,71,1007.7,11.5,0,2026-03-14 00:00:00+00:00
23.3,75,1008.1,9.4,0,2026-03-14 01:00:00+00:00
22.6,79,1008.9,8.2,0,2026-03-14 02:00:00+00:00
23.4,75,1009.6,6.2,0,2026-03-14 03:00:00+00:00
26.4,56,1010.3,4.0,0,2026-03-14 04:00:00+00:00
29.9,32,1010.5,5.7,0,2026-03-14 05:00:00+00:00
31.5,29,1010.7,9.9,6,2026-03-14 06:00:00+00:00
32.7,24,1010.1,13.8,1,2026-03-14 07:00:00+00:00
32.0,30,1009.6,16.9,1,2026-03-14 08:00:00+00:00
31.8,35,1008.6,16.9,0,2026-03-14 09:00:00+00:00
31.4,37,1007.7,15.9,0,2026-03-14 10:00:00+00:00
30.7,40,1007.0,14.9,2,2026-03-14 11:00:00+00:00
29.2,46,1006.9,13.3,0,2026-03-14 12:00:00+00:00
27.6,55,1007.0,12.1,0,2026-03-14 13:00:00+00:00
26.3,65,1007.5,11.2,0,2026-03-14 14:00:00+00:00
25.8,69,1008.2,11.0,0,2026-03-14 15:00:00+00:00
25.6,68,1008.6,12.3,0,2026-03-14 16:00:00+00:00
25.7,67,1009.5,11.5,0,2026-03-14 17:00:00+00:00
25.5,68,1010.1,9.5,0,2026-03-14 18:00:00+00:00
25.6,67,1009.7,12.5,0,2026-03-14 19:00:00+00:00
25.4,69,1009.2,12.8,0,2026-03-14 20:00:00+00:00
25.3,69,1008.5,11.7,0,2026-03-14 21:00:00+00:00
25.1,67,1008.4,10.6,0,2026-03-14 22:00:00+00:00
24.4,72,1008.5,9.1,0,2026-03-14 23:00:00+00:00
24.0,78,1008.5,9.1,12,2026-03-15 00:00:00+00:00
23.3,82,1009.2,7.7,0,2026-03-15 01:00:00+00:00
22.4,87,1010.0,7.5,0,2026-03-15 02:00:00+00:00
23.4,80,1011.1,7.4,0,2026-03-15 03:00:00+00:00
26.9,57,1011.8,5.9,9,2026-03-15 04:00:00+00:00
31.1,30,1012.1,8.1,5,2026-03-15 05:00:00+00:00
33.6,16,1011.5,11.8,0,2026-03-15 06:00:00+00:00
34.7,11,1011.0,13.4,2,2026-03-15 07:00:00+00:00
35.3,10,1009.8,12.7,2,2026-03-15 08:00:00+00:00
35.2,12,1008.8,14.1,0,2026-03-15 09:00:00+00:00
34.8,12,1008.0,15.7,0,2026-03-15 10:00:00+00:00
34.3,12,1007.6,15.0,0,2026-03-15 11:00:00+00:00
32.5,17,1007.4,14.6,0,2026-03-15 12:00:00+00:00
29.9,30,1007.3,12.4,0,2026-03-15 13:00:00+00:00
27.8,41,1007.4,10.8,5,2026-03-15 14:00:00+00:00
27.1,44,1008.5,13.7,75,2026-03-15 15:00:00+00:00
26.8,45,1009.5,14.8,87,2026-03-15 16:00:00+00:00
26.7,46,1009.8,14.4,95,2026-03-15 17:00:00+00:00
26.2,50,1009.9,12.8,91,2026-03-15 18:00:00+00:00
25.4,56,1009.4,12.9,38,2026-03-15 19:00:00+00:00
25.2,60,1008.8,13.3,20,2026-03-15 20:00:00+00:00
25.0,61,1008.1,12.7,2,2026-03-15 21:00:00+00:00
24.3,67,1007.6,10.4,0,2026-03-15 22:00:00+00:00
23.6,73,1007.4,9.4,0,2026-03-15 23:00:00+00:00
23.2,78,1007.1,11.2,0,2026-03-16 00:00:00+00:00
23.3,78,1007.5,11.0,0,2026-03-16 01:00:00+00:00
23.1,77,1008.1,10.5,0,2026-03-16 02:00:00+00:00
24.4,67,1008.7,9.1,0,2026-03-16 03:00:00+00:00
27.3,46,1009.3,7.9,0,2026-03-16 04:00:00+00:00
30.7,21,1009.7,11.0,0,2026-03-16 05:00:00+00:00
32.8,15,1009.3,10.4,0,2026-03-16 06:00:00+00:00
34.0,13,1008.6,11.2,0,2026-03-16 07:00:00+00:00
34.6,12,1007.6,12.8,0,2026-03-16 08:00:00+00:00
34.8,12,1006.8,14.2,0,2026-03-16 09:00:00+00:00
34.2,14,1006.0,15.3,0,2026-03-16 10:00:00+00:00
32.6,23,1005.6,15.4,0,2026-03-16 11:00:00+00:00
30.9,31,1005.5,14.3,0,2026-03-16 12:00:00+00:00
28.7,46,1005.7,13.8,0,2026-03-16 13:00:00+00:00
27.3,51,1006.0,13.5,0,2026-03-16 14:00:00+00:00
26.6,56,1006.5,11.9,0,2026-03-16 15:00:00+00:00
26.3,58,1007.0,12.0,0,2026-03-16 16:00:00+00:00
26.0,61,1007.7,11.1,0,2026-03-16 17:00:00+00:00
25.4,63,1008.0,9.3,0,2026-03-16 18:00:00+00:00
25.1,65,1007.7,8.8,0,2026-03-16 19:00:00+00:00
24.5,69,1007.5,7.7,25,2026-03-16 20:00:00+00:00
24.0,75,1006.8,7.8,21,2026-03-16 21:00:00+00:00
23.8,78,1006.5,9.1,84,2026-03-16 22:00:00+00:00
23.4,83,1006.2,9.2,95,2026-03-16 23:00:00+00:00
23.4,86,1006.2,10.2,100,2026-03-17 00:00:00+00:00
23.3,88,1006.4,9.9,100,2026-03-17 01:00:00+00:00
23.3,87,1006.7,8.0,100,2026-03-17 02:00:00+00:00
24.4,81,1007.4,5.8,100,2026-03-17 03:00:00+00:00
26.4,67,1008.2,6.7,68,2026-03-17 04:00:00+00:00
28.3,55,1008.4,7.7,52,2026-03-17 05:00:00+00:00
28.9,54,1008.7,8.8,40,2026-03-17 06:00:00+00:00
28.9,59,1008.6,12.8,2,2026-03-17 07:00:00+00:00
28.8,59,1007.7,14.2,5,2026-03-17 08:00:00+00:00
28.7,58,1007.1,14.5,5,2026-03-17 09:00:00+00:00
28.2,61,1006.4,14.8,65,2026-03-17 10:00:00+00:00
28.0,63,1005.8,13.2,55,2026-03-17 11:00:00+00:00
27.4,65,1005.7,12.2,53,2026-03-17 12:00:00+00:00
26.6,71,1005.6,11.4,83,2026-03-17 13:00:00+00:00
25.7,80,1006.1,8.6,95,2026-03-17 14:00:00+00:00
25.4,86,1006.5,8.8,98,2026-03-17 15:00:00+00:00
25.2,88,1007.3,8.0,100,2026-03-17 16:00:00+00:00
25.0,89,1007.8,7.5,98,2026-03-17 17:00:00+00:00
25.0,91,1007.8,6.7,88,2026-03-17 18:00:00+00:00
24.8,92,1007.7,7.0,92,2026-03-17 19:00:00+00:00
24.5,93,1007.4,5.8,85,2026-03-17 20:00:00+00:00
24.2,95,1007.1,3.1,20,2026-03-17 21:00:00+00:00
23.7,97,1006.6,2.6,85,2026-03-17 22:00:00+00:00
23.4,98,1006.5,4.3,91,2026-03-17 23:00:00+00:00
23.1,98,1006.8,5.4,61,2026-03-18 00:00:00+00:00
23.0,97,1007.1,5.6,100,2026-03-18 01:00:00+00:00
23.0,96,1007.9,6.4,100,2026-03-18 02:00:00+00:00
23.7,91,1008.5,7.8,95,2026-03-18 03:00:00+00:00
25.4,80,1009.8,3.1,85,2026-03-18 04:00:00+00:00
27.0,72,1009.8,7.9,32,2026-03-18 05:00:00+00:00
28.0,65,1010.0,9.6,51,2026-03-18 06:00:00+00:00
28.6,64,1010.4,7.8,23,2026-03-18 07:00:00+00:00
28.9,58,1009.9,3.9,69,2026-03-18 08:00:00+00:00
29.7,53,1008.7,5.5,39,2026-03-18 09:00:00+00:00
29.7,54,1007.5,12.7,88,2026-03-18 10:00:00+00:00
28.7,56,1006.9,11.2,49,2026-03-18 11:00:00+00:00
27.5,72,1006.4,15.9,95,2026-03-18 12:00:00+00:00
26.4,79,1006.8,17.8,100,2026-03-18 13:00:00+00:00
26.0,84,1007.0,12.9,28,2026-03-18 14:00:00+00:00
25.6,88,1007.6,7.9,9,2026-03-18 15:00:00+00:00
25.4,90,1009.0,5.7,56,2026-03-18 16:00:00+00:00
25.3,90,1010.0,7.5,85,2026-03-18 17:00:00+00:00
24.0,75,1011.2,6.0,99,2026-03-18 18:00:00+00:00
23.1,74,1010.6,6.0,100,2026-03-18 19:00:00+00:00
23.0,76,1010.8,3.0,100,2026-03-18 20:00:00+00:00
22.6,78,1009.7,2.5,44,2026-03-18 21:00:00+00:00
22.9,88,1008.9,8.5,99,2026-03-18 22:00:00+00:00
22.5,92,1009.4,0.6,98,2026-03-18 23:00:00+00:00
21.4,88,1009.7,6.5,94,2026-03-19 00:00:00+00:00
20.5,90,1010.5,1.0,99,2026-03-19 01:00:00+00:00
20.6,83,1011.7,1.0,99,2026-03-19 02:00:00+00:00
21.2,88,1012.6,3.2,99,2026-03-19 03:00:00+00:00
22.4,84,1013.2,2.9,99,2026-03-19 04:00:00+00:00
24.0,77,1014.5,1.5,100,2026-03-19 05:00:00+00:00
21.6,82,1014.4,8.5,100,2026-03-19 06:00:00+00:00
21.8,81,1014.3,8.6,100,2026-03-19 07:00:00+00:00
23.0,76,1013.6,7.4,97,2026-03-19 08:00:00+00:00
24.0,70,1012.2,9.7,88,2026-03-19 09:00:00+00:00
24.3,70,1011.2,8.4,65,2026-03-19 10:00:00+00:00
24.4,68,1010.3,7.6,83,2026-03-19 11:00:00+00:00
25.8,57,1009.4,3.6,64,2026-03-19 12:00:00+00:00
25.4,59,1009.6,3.1,15,2026-03-19 13:00:00+00:00
24.5,67,1010.4,5.7,9,2026-03-19 14:00:00+00:00
23.7,70,1011.3,8.1,2,2026-03-19 15:00:00+00:00
23.0,74,1012.1,6.1,5,2026-03-19 16:00:00+00:00
22.3,81,1012.6,4.7,2,2026-03-19 17:00:00+00:00
21.5,77,1012.8,4.2,2,2026-03-19 18:00:00+00:00
21.3,78,1012.2,5.6,2,2026-03-19 19:00:00+00:00
21.1,77,1011.6,4.7,4,2026-03-19 20:00:00+00:00
20.9,80,1010.5,2.9,17,2026-03-19 21:00:00+00:00
20.5,82,1009.8,4.2,0,2026-03-19 22:00:00+00:00
19.7,85,1009.9,7.4,5,2026-03-19 23:00:00+00:00
19.0,92,1010.5,5.2,4,2026-03-20 00:00:00+00:00
18.8,92,1011.0,2.0,7,2026-03-20 01:00:00+00:00
18.9,93,1011.5,1.2,6,2026-03-20 02:00:00+00:00
20.6,87,1011.9,1.7,5,2026-03-20 03:00:00+00:00
23.1,73,1012.4,1.8,0,2026-03-20 04:00:00+00:00
24.6,67,1012.6,3.0,0,2026-03-20 05:00:00+00:00
25.9,55,1012.7,2.6,0,2026-03-20 06:00:00+00:00
26.8,53,1012.3,6.5,0,2026-03-20 07:00:00+00:00
26.7,58,1011.5,11.3,0,2026-03-20 08:00:00+00:00
26.4,60,1010.5,12.7,0,2026-03-20 09:00:00+00:00
26.3,59,1009.9,12.4,0,2026-03-20 10:00:00+00:00
26.3,60,1009.2,9.8,5,2026-03-20 11:00:00+00:00
26.0,61,1009.1,8.5,12,2026-03-20 12:00:00+00:00
25.1,67,1009.7,9.9,11,2026-03-20 13:00:00+00:00
24.1,74,1009.9,9.2,3,2026-03-20 14:00:00+00:00
23.7,78,1010.5,9.2,3,2026-03-20 15:00:00+00:00
23.5,80,1011.1,8.7,12,2026-03-20 16:00:00+00:00
23.4,82,1011.5,8.8,65,2026-03-20 17:00:00+00:00
23.7,86,1011.1,8.8,100,2026-03-20 18:00:00+00:00
24.1,87,1010.7,8.9,34,2026-03-20 19:00:00+00:00
23.9,89,1010.2,10.1,60,2026-03-20 20:00:00+00:00
23.7,90,1009.9,9.1,97,2026-03-20 21:00:00+00:00
23.5,91,1009.6,7.6,100,2026-03-20 22:00:00+00:00
23.6,90,1009.5,8.2,97,2026-03-20 23:00:00+00:00
23.4,90,1009.9,9.3,95,2026-03-21 00:00:00+00:00
23.0,92,1010.3,8.8,99,2026-03-21 01:00:00+00:00
22.9,93,1010.7,4.6,92,2026-03-21 02:00:00+00:00
23.5,90,1011.4,4.0,98,2026-03-21 03:00:00+00:00
24.5,85,1011.9,4.2,59,2026-03-21 04:00:00+00:00
26.3,73,1012.1,6.8,58,2026-03-21 05:00:00+00:00
27.3,65,1011.9,7.5,100,2026-03-21 06:00:00+00:00
27.7,63,1012.0,8.6,100,2026-03-21 07:00:00+00:00
27.7,63,1011.7,11.4,97,2026-03-21 08:00:00+00:00
27.8,63,1011.1,10.9,96,2026-03-21 09:00:00+00:00
27.6,63,1010.2,10.9,41,2026-03-21 10:00:00+00:00
27.3,64,1010.1,13.7,93,2026-03-21 11:00:00+00:00
26.9,63,1010.1,10.9,81,2026-03-21 12:00:00+00:00
26.5,65,1010.6,9.4,88,2026-03-21 13:00:00+00:00
25.9,68,1011.1,9.0,45,2026-03-21 14:00:00+00:00
25.3,73,1011.8,9.1,100,2026-03-21 15:00:00+00:00
25.0,78,1012.4,8.8,100,2026-03-21 16:00:00+00:00
24.8,81,1012.7,8.4,60,2026-03-21 17:00:00+00:00
24.6,82,1013.0,9.0,16,2026-03-21 18:00:00+00:00
24.5,83,1012.8,8.8,23,2026-03-21 19:00:00+00:00
24.3,83,1012.5,7.4,95,2026-03-21 20:00:00+00:00
24.0,86,1012.0,7.0,93,2026-03-21 21:00:00+00:00
23.5,90,1011.8,6.5,88,2026-03-21 22:00:00+00:00
23.1,93,1012.1,4.9,60,2026-03-21 23:00:00+00:00
22.3,98,1011.9,1.9,93,2026-03-22 00:00:00+00:00
22.5,98,1012.4,0.5,99,2026-03-22 01:00:00+00:00
22.4,98,1013.1,4.0,100,2026-03-22 02:00:00+00:00
23.5,91,1013.8,4.3,69,2026-03-22 03:00:00+00:00
25.1,79,1014.0,4.3,78,2026-03-22 04:00:00+00:00
26.5,70,1014.3,4.0,91,2026-03-22 05:00:00+00:00
27.1,64,1014.5,6.5,100,2026-03-22 06:00:00+00:00
27.7,61,1014.3,8.7,100,2026-03-22 07:00:00+00:00
28.8,55,1013.6,11.2,100,2026-03-22 08:00:00+00:00
29.0,52,1012.8,13.8,100,2026-03-22 09:00:00+00:00
28.5,55,1012.4,13.3,99,2026-03-22 10:00:00+00:00
28.2,59,1011.9,12.5,100,2026-03-22 11:00:00+00:00
27.0,64,1011.8,5.6,100,2026-03-22 12:00:00+00:00
26.4,71,1012.1,13.9,95,2026-03-22 13:00:00+00:00
25.7,75,1012.3,9.7,87,2026-03-22 14:00:00+00:00
25.0,79,1012.7,8.5,98,2026-03-22 15:00:00+00:00
24.5,83,1012.7,6.9,97,2026-03-22 16:00:00+00:00
24.1,86,1012.8,7.7,84,2026-03-22 17:00:00+00:00
24.3,84,1013.2,8.8,90,2026-03-22 18:00:00+00:00
24.1,84,1012.9,8.8,100,2026-03-22 19:00:00+00:00
23.9,85,1012.6,8.3,95,2026-03-22 20:00:00+00:00
23.5,86,1012.2,8.0,95,2026-03-22 21:00:00+00:00
23.4,86,1011.6,7.9,100,2026-03-22 22:00:00+00:00
23.4,85,1011.5,9.2,100,2026-03-22 23:00:00+00:00
23.2,87,1011.4,9.0,100,2026-03-23 00:00:00+00:00
23.3,87,1011.9,9.1,98,2026-03-23 01:00:00+00:00
23.1,89,1012.2,7.5,72,2026-03-23 02:00:00+00:00
24.2,83,1012.7,7.5,31,2026-03-23 03:00:00+00:00
25.9,72,1012.8,7.3,95,2026-03-23 04:00:00+00:00
27.6,59,1013.0,7.9,96,2026-03-23 05:00:00+00:00
29.3,49,1013.1,8.6,8,2026-03-23 06:00:00+00:00
30.3,45,1012.5,10.3,8,2026-03-23 07:00:00+00:00
30.7,45,1011.6,12.7,63,2026-03-23 08:00:00+00:00
30.3,48,1010.8,15.4,41,2026-03-23 09:00:00+00:00
29.7,51,1010.0,15.2,33,2026-03-23 10:00:00+00:00
29.3,51,1009.4,14.8,32,2026-03-23 11:00:00+00:00
28.1,55,1009.6,12.6,100,2026-03-23 12:00:00+00:00
27.1,61,1010.0,12.9,100,2026-03-23 13:00:00+00:00
25.8,73,1010.3,9.9,85,2026-03-23 14:00:00+00:00
25.3,80,1011.0,10.0,42,2026-03-23 15:00:00+00:00
24.9,85,1011.5,9.0,72,2026-03-23 16:00:00+00:00
24.7,86,1011.7,9.0,67,2026-03-23 17:00:00+00:00
24.6,89,1011.8,9.5,3,2026-03-23 18:00:00+00:00
24.6,89,1011.4,8.6,16,2026-03-23 19:00:00+00:00
24.4,91,1010.9,8.1,100,2026-03-23 20:00:00+00:00
24.1,92,1010.6,9.3,13,2026-03-23 21:00:00+00:00
23.8,94,1010.5,9.6,100,2026-03-23 22:00:00+00:00
24.0,92,1010.2,8.4,98,2026-03-23 23:00:00+00:00
24.1,93,1009.7,8.2,100,2026-03-24 00:00:00+00:00
24.2,93,1010.1,10.2,100,2026-03-24 01:00:00+00:00
24.1,92,1010.6,10.6,100,2026-03-24 02:00:00+00:00
25.0,84,1011.5,11.5,100,2026-03-24 03:00:00+00:00
26.4,74,1011.9,9.3,99,2026-03-24 04:00:00+00:00
28.3,60,1012.0,9.9,100,2026-03-24 05:00:00+00:00
29.8,50,1011.7,7.4,100,2026-03-24 06:00:00+00:00
29.1,49,1010.7,7.6,100,2026-03-24 07:00:00+00:00
29.7,46,1010.0,7.7,97,2026-03-24 08:00:00+00:00
29.6,52,1009.4,11.5,100,2026-03-24 09:00:00+00:00
28.7,61,1008.9,13.1,82,2026-03-24 10:00:00+00:00
29.4,55,1008.1,10.0,100,2026-03-24 11:00:00+00:00
29.2,61,1008.0,10.2,3,2026-03-24 12:00:00+00:00
27.9,65,1008.2,11.4,2,2026-03-24 13:00:00+00:00
26.7,73,1008.6,9.6,0,2026-03-24 14:00:00+00:00
26.0,82,1009.2,8.0,37,2026-03-24 15:00:00+00:00
25.5,87,1010.1,9.4,91,2026-03-24 16:00:00+00:00
25.2,89,1010.4,9.8,78,2026-03-24 17:00:00+00:00
25.3,90,1010.4,12.0,100,2026-03-24 18:00:00+00:00
25.3,91,1010.4,14.4,78,2026-03-24 19:00:00+00:00
25.2,91,1009.9,13.1,33,2026-03-24 20:00:00+00:00
24.9,92,1009.6,11.8,77,2026-03-24 21:00:00+00:00
24.8,91,1009.3,12.5,100,2026-03-24 22:00:00+00:00
24.9,88,1009.3,12.1,100,2026-03-24 23:00:00+00:00
24.3,86,1008.2,6.6,100,2026-03-25 00:00:00+00:00
24.0,88,1008.9,7.1,100,2026-03-25 01:00:00+00:00
24.1,86,1009.7,8.4,81,2026-03-25 02:00:00+00:00
25.2,78,1010.3,7.0,1,2026-03-25 03:00:00+00:00
27.6,61,1010.5,8.5,0,2026-03-25 04:00:00+00:00
29.5,46,1010.9,9.0,45,2026-03-25 05:00:00+00:00
30.1,46,1011.0,12.5,15,2026-03-25 06:00:00+00:00
30.5,43,1010.9,15.0,61,2026-03-25 07:00:00+00:00
30.5,41,1010.0,14.1,92,2026-03-25 08:00:00+00:00
30.3,40,1009.6,15.7,99,2026-03-25 09:00:00+00:00
30.1,39,1009.0,13.7,100,2026-03-25 10:00:00+00:00
29.4,43,1008.5,13.6,100,2026-03-25 11:00:00+00:00
28.0,58,1008.4,13.1,61,2026-03-25 12:00:00+00:00
26.9,68,1008.6,12.5,91,2026-03-25 13:00:00+00:00
26.1,76,1009.3,10.3,82,2026-03-25 14:00:00+00:00
26.0,75,1010.0,10.5,98,2026-03-25 15:00:00+00:00
25.9,71,1010.5,10.5,84,2026-03-25 16:00:00+00:00
25.7,73,1010.6,8.4,100,2026-03-25 17:00:00+00:00
25.7,73,1010.7,6.9,100,2026-03-25 18:00:00+00:00
25.7,74,1010.7,8.6,95,2026-03-25 19:00:00+00:00
25.4,75,1010.2,6.1,100,2026-03-25 20:00:00+00:00
25.3,77,1010.1,6.2,97,2026-03-25 21:00:00+00:00
25.1,77,1010.6,7.5,52,2026-03-25 22:00:00+00:00
24.8,78,1010.5,6.5,100,2026-03-25 23:00:00+00:00
24.8,80,1010.9,9.7,100,2026-03-26 00:00:00+00:00
25.0,78,1012.0,11.7,100,2026-03-26 01:00:00+00:00
25.0,78,1012.2,9.7,100,2026-03-26 02:00:00+00:00
24.8,78,1013.0,9.4,100,2026-03-26 03:00:00+00:00
25.3,75,1013.4,6.4,37,2026-03-26 04:00:00+00:00
28.0,60,1013.6,6.8,4,2026-03-26 05:00:00+00:00
29.8,50,1013.0,10.1,4,2026-03-26 06:00:00+00:00
30.3,47,1012.8,15.2,100,2026-03-26 07:00:00+00:00
30.1,48,1012.6,16.0,99,2026-03-26 08:00:00+00:00
30.3,46,1012.0,15.3,97,2026-03-26 09:00:00+00:00
29.6,50,1011.1,15.0,100,2026-03-26 10:00:00+00:00
29.1,52,1010.3,12.9,78,2026-03-26 11:00:00+00:00
28.3,52,1011.1,12.3,93,2026-03-26 12:00:00+00:00
27.5,56,1011.3,11.2,23,2026-03-26 13:00:00+00:00
26.4,64,1011.4,9.4,74,2026-03-26 14:00:00+00:00
25.7,71,1012.2,7.3,100,2026-03-26 15:00:00+00:00
25.4,75,1012.8,6.1,92,2026-03-26 16:00:00+00:00
25.2,77,1013.3,6.9,98,2026-03-26 17:00:00+00:00
25.4,81,1013.5,8.2,7,2026-03-26 18:00:00+00:00
25.4,81,1012.9,7.9,3,2026-03-26 19:00:00+00:00
25.2,83,1012.5,6.5,0,2026-03-26 20:00:00+00:00
24.7,85,1011.9,7.0,0,2026-03-26 21:00:00+00:00
24.3,88,1011.4,7.8,8,2026-03-26 22:00:00+00:00
24.0,90,1011.1,7.9,0,2026-03-26 23:00:00+00:00
23.7,93,1011.6,6.2,13,2026-03-27 00:00:00+00:00
23.7,93,1012.0,6.8,1,2026-03-27 01:00:00+00:00
23.7,93,1012.2,7.5,2,2026-03-27 02:00:00+00:00
24.9,86,1012.9,6.2,5,2026-03-27 03:00:00+00:00
26.7,75,1013.3,5.1,0,2026-03-27 04:00:00+00:00
28.7,60,1013.4,1.5,0,2026-03-27 05:00:00+00:00
30.0,54,1013.2,3.9,0,2026-03-27 06:00:00+00:00
30.8,52,1012.8,11.8,62,2026-03-27 07:00:00+00:00
30.7,52,1012.0,13.3,13,2026-03-27 08:00:00+00:00
31.0,49,1011.2,15.3,5,2026-03-27 09:00:00+00:00
30.1,54,1010.6,18.2,12,2026-03-27 10:00:00+00:00
28.9,59,1010.0,19.7,9,2026-03-27 11:00:00+00:00
27.8,66,1010.1,20.6,89,2026-03-27 12:00:00+00:00
27.1,70,1009.6,17.6,100,2026-03-27 13:00:00+00:00
26.3,75,1009.2,12.7,100,2026-03-27 14:00:00+00:00
25.8,81,1009.4,15.0,100,2026-03-27 15:00:00+00:00
25.7,81,1009.5,15.0,21,2026-03-27 16:00:00+00:00
25.4,83,1009.2,12.7,77,2026-03-27 17:00:00+00:00
25.4,84,1008.8,12.4,84,2026-03-27 18:00:00+00:00
25.3,86,1008.5,15.8,76,2026-03-27 19:00:00+00:00
25.1,87,1008.4,19.1,64,2026-03-27 20:00:00+00:00
25.0,87,1007.6,18.0,20,2026-03-27 21:00:00+00:00
24.8,87,1006.7,15.1,13,2026-03-27 22:00:00+00:00
24.8,87,1006.4,14.8,43,2026-03-27 23:00:00+00:00
25.0,83,1006.9,15.2,34,2026-03-28 00:00:00+00:00
25.0,82,1007.1,14.3,39,2026-03-28 01:00:00+00:00
25.1,80,1007.4,14.5,91,2026-03-28 02:00:00+00:00
26.1,73,1007.8,20.8,84,2026-03-28 03:00:00+00:00
27.2,66,1008.5,23.2,82,2026-03-28 04:00:00+00:00
28.0,64,1008.9,22.9,79,2026-03-28 05:00:00+00:00
29.1,54,1008.3,19.1,80,2026-03-28 06:00:00+00:00
29.5,55,1008.0,20.7,41,2026-03-28 07:00:00+00:00
30.3,48,1007.0,21.3,100,2026-03-28 08:00:00+00:00
30.1,47,1006.5,22.8,45,2026-03-28 09:00:00+00:00
29.4,50,1006.2,23.4,100,2026-03-28 10:00:00+00:00
28.1,62,1005.6,21.3,98,2026-03-28 11:00:00+00:00
27.8,60,1004.8,20.8,100,2026-03-28 12:00:00+00:00
27.0,66,1004.9,19.5,100,2026-03-28 13:00:00+00:00
26.3,72,1005.0,20.4,100,2026-03-28 14:00:00+00:00
26.1,72,1005.3,20.8,100,2026-03-28 15:00:00+00:00
25.9,71,1005.9,20.9,100,2026-03-28 16:00:00+00:00
25.8,70,1006.1,20.8,100,2026-03-28 17:00:00+00:00
26.2,68,1006.0,19.8,100,2026-03-28 18:00:00+00:00
26.0,66,1005.7,19.3,90,2026-03-28 19:00:00+00:00
25.6,67,1005.5,19.4,100,2026-03-28 20:00:00+00:00
25.3,72,1005.2,18.7,100,2026-03-28 21:00:00+00:00
25.1,68,1005.0,19.6,95,2026-03-28 22:00:00+00:00
24.9,70,1004.9,19.7,99,2026-03-28 23:00:00+00:00
24.6,73,1004.7,19.7,33,2026-03-29 00:00:00+00:00
24.8,71,1005.2,18.9,0,2026-03-29 01:00:00+00:00
24.7,69,1005.8,17.8,47,2026-03-29 02:00:00+00:00
25.7,62,1006.7,18.6,0,2026-03-29 03:00:00+00:00
26.8,54,1007.7,18.7,0,2026-03-29 04:00:00+00:00
28.0,44,1008.4,18.4,5,2026-03-29 05:00:00+00:00
28.5,55,1008.5,19.4,25,2026-03-29 06:00:00+00:00
29.2,53,1008.6,21.5,5,2026-03-29 07:00:00+00:00
29.0,53,1008.2,20.1,0,2026-03-29 08:00:00+00:00
29.1,48,1007.4,19.7,0,2026-03-29 09:00:00+00:00
28.9,43,1006.8,19.3,2,2026-03-29 10:00:00+00:00
28.5,39,1006.3,18.7,11,2026-03-29 11:00:00+00:00
27.7,42,1006.3,17.7,22,2026-03-29 12:00:00+00:00
26.8,50,1006.6,17.3,77,2026-03-29 13:00:00+00:00
26.0,56,1007.2,18.8,88,2026-03-29 14:00:00+00:00
25.7,62,1007.3,12.7,28,2026-03-29 15:00:00+00:00
25.3,65,1007.2,13.3,33,2026-03-29 16:00:00+00:00
25.0,68,1007.4,13.8,0,2026-03-29 17:00:00+00:00
25.2,64,1007.4,12.6,0,2026-03-29 18:00:00+00:00
25.4,65,1007.0,12.9,0,2026-03-29 19:00:00+00:00
25.5,58,1006.6,14.4,0,2026-03-29 20:00:00+00:00
25.2,60,1006.2,14.7,0,2026-03-29 21:00:00+00:00
24.9,65,1006.2,15.1,1,2026-03-29 22:00:00+00:00
24.8,66,1006.3,14.7,26,2026-03-29 23:00:00+00:00
24.0,62,1006.2,14.2,1,2026-03-30 00:00:00+00:00
23.8,62,1006.7,14.2,0,2026-03-30 01:00:00+00:00
23.8,63,1007.5,13.9,0,2026-03-30 02:00:00+00:00
24.7,61,1008.3,15.4,3,2026-03-30 03:00:00+00:00
25.7,56,1009.3,14.6,4,2026-03-30 04:00:00+00:00
26.6,50,1009.7,13.2,5,2026-03-30 05:00:00+00:00
27.5,48,1010.2,15.3,12,2026-03-30 06:00:00+00:00
27.9,43,1010.2,15.7,6,2026-03-30 07:00:00+00:00
28.2,40,1009.8,16.5,1,2026-03-30 08:00:00+00:00
28.3,38,1008.6,15.7,0,2026-03-30 09:00:00+00:00
28.0,38,1007.9,16.3,5,2026-03-30 10:00:00+00:00
27.6,39,1007.1,15.4,0,2026-03-30 11:00:00+00:00
26.7,42,1007.3,15.6,0,2026-03-30 12:00:00+00:00
25.7,47,1007.4,14.6,20,2026-03-30 13:00:00+00:00
24.8,54,1007.5,13.9,100,2026-03-30 14:00:00+00:00
24.7,57,1008.3,15.2,95,2026-03-30 15:00:00+00:00
24.5,60,1008.8,13.7,100,2026-03-30 16:00:00+00:00
24.4,60,1009.2,12.8,98,2026-03-30 17:00:00+00:00
24.2,57,1008.8,11.4,32,2026-03-30 18:00:00+00:00
24.1,58,1008.8,11.5,68,2026-03-30 19:00:00+00:00
23.9,61,1008.3,11.3,100,2026-03-30 20:00:00+00:00
23.9,61,1007.7,12.8,100,2026-03-30 21:00:00+00:00
23.7,59,1007.4,12.9,68,2026-03-30 22:00:00+00:00
23.4,62,1007.6,12.6,50,2026-03-30 23:00:00+00:00
23.4,64,1007.3,8.2,99,2026-03-31 00:00:00+00:00
23.4,65,1008.1,9.3,97,2026-03-31 01:00:00+00:00
23.6,64,1009.0,8.7,100,2026-03-31 02:00:00+00:00
24.6,60,1009.9,8.9,99,2026-03-31 03:00:00+00:00
25.8,52,1010.5,10.2,91,2026-03-31 04:00:00+00:00
26.7,47,1010.9,11.3,100,2026-03-31 05:00:00+00:00
26.5,45,1010.9,12.3,100,2026-03-31 06:00:00+00:00
27.3,45,1010.4,12.4,100,2026-03-31 07:00:00+00:00
27.4,45,1010.0,12.4,100,2026-03-31 08:00:00+00:00
27.3,46,1009.0,12.5,100,2026-03-31 09:00:00+00:00
27.4,45,1008.3,13.7,100,2026-03-31 10:00:00+00:00
27.2,46,1007.6,14.6,78,2026-03-31 11:00:00+00:00
26.5,49,1007.6,13.1,77,2026-03-31 12:00:00+00:00
25.8,55,1008.0,14.3,99,2026-03-31 13:00:00+00:00
25.1,58,1008.7,13.9,100,2026-03-31 14:00:00+00:00
25.1,57,1008.9,13.0,100,2026-03-31 15:00:00+00:00
25.0,56,1009.7,12.2,100,2026-03-31 16:00:00+00:00
24.7,58,1009.9,9.2,100,2026-03-31 17:00:00+00:00
24.5,62,1010.1,9.7,100,2026-03-31 18:00:00+00:00
24.5,64,1009.6,8.9,100,2026-03-31 19:00:00+00:00
24.5,65,1009.2,8.4,99,2026-03-31 20:00:00+00:00
24.0,68,1008.5,7.3,100,2026-03-31 21:00:00+00:00
23.9,69,1008.1,8.8,100,2026-03-31 22:00:00+00:00
23.4,72,1007.9,8.4,93,2026-03-31 23:00:00+00:00
24.0,70,1008.2,9.4,100,2026-04-01 00:00:00+00:00
23.9,70,1008.4,10.1,99,2026-04-01 01:00:00+00:00
23.7,72,1008.8,9.4,100,2026-04-01 02:00:00+00:00
24.9,67,1009.6,9.9,99,2026-04-01 03:00:00+00:00
26.4,58,1010.2,13.3,100,2026-04-01 04:00:00+00:00
27.4,53,1010.5,13.4,100,2026-04-01 05:00:00+00:00
27.9,50,1010.8,15.3,100,2026-04-01 06:00:00+00:00
28.5,48,1010.8,14.9,100,2026-04-01 07:00:00+00:00
28.6,48,1010.0,14.8,100,2026-04-01 08:00:00+00:00
29.0,44,1009.1,13.3,100,2026-04-01 09:00:00+00:00
28.9,44,1007.8,12.8,100,2026-04-01 10:00:00+00:00
28.0,50,1007.0,14.9,100,2026-04-01 11:00:00+00:00
27.0,56,1007.7,15.9,96,2026-04-01 12:00:00+00:00
26.3,60,1007.9,15.4,94,2026-04-01 13:00:00+00:00
25.6,63,1008.3,12.5,96,2026-04-01 14:00:00+00:00
25.2,66,1008.9,12.3,98,2026-04-01 15:00:00+00:00
24.9,70,1009.5,10.8,100,2026-04-01 16:00:00+00:00
24.7,73,1009.8,9.1,95,2026-04-01 17:00:00+00:00
24.7,76,1009.3,8.5,19,2026-04-01 18:00:00+00:00
24.9,77,1009.4,11.5,98,2026-04-01 19:00:00+00:00
25.0,76,1009.6,11.7,100,2026-04-01 20:00:00+00:00
24.6,78,1008.6,7.7,98,2026-04-01 21:00:00+00:00
24.2,80,1008.4,4.3,100,2026-04-01 22:00:00+00:00
23.6,83,1007.8,6.5,100,2026-04-01 23:00:00+00:00
23.2,86,1008.5,1.6,100,2026-04-02 00:00:00+00:00
23.4,85,1008.1,1.2,99,2026-04-02 01:00:00+00:00
23.2,87,1009.0,6.9,100,2026-04-02 02:00:00+00:00
23.8,79,1010.1,12.8,100,2026-04-02 03:00:00+00:00
21.4,82,1011.5,15.1,100,2026-04-02 04:00:00+00:00
21.5,81,1012.4,10.7,100,2026-04-02 05:00:00+00:00
23.8,74,1011.9,4.9,100,2026-04-02 06:00:00+00:00
24.3,72,1012.1,8.7,100,2026-04-02 07:00:00+00:00
24.0,73,1011.3,11.0,100,2026-04-02 08:00:00+00:00
24.3,75,1010.6,10.7,100,2026-04-02 09:00:00+00:00
21.8,82,1010.4,6.5,100,2026-04-02 10:00:00+00:00
23.9,73,1009.2,8.3,100,2026-04-02 11:00:00+00:00
20.3,86,1009.9,1.7,100,2026-04-02 12:00:00+00:00
20.5,86,1009.2,7.2,99,2026-04-02 13:00:00+00:00
20.5,86,1008.9,1.9,79,2026-04-02 14:00:00+00:00
20.5,85,1009.4,1.6,35,2026-04-02 15:00:00+00:00
20.6,85,1010.0,1.3,94,2026-04-02 16:00:00+00:00
20.5,87,1010.5,4.4,98,2026-04-02 17:00:00+00:00
18.2,92,1011.1,21.7,100,2026-04-02 18:00:00+00:00
19.2,89,1010.3,6.4,52,2026-04-02 19:00:00+00:00
19.2,91,1009.9,6.0,85,2026-04-02 20:00:00+00:00
19.6,90,1009.2,7.6,54,2026-04-02 21:00:00+00:00
18.8,91,1008.4,7.6,2,2026-04-02 22:00:00+00:00
17.9,94,1008.0,8.1,4,2026-04-02 23:00:00+00:00
17.7,95,1008.8,7.4,5,2026-04-03 00:00:00+00:00
17.8,93,1009.1,6.7,6,2026-04-03 01:00:00+00:00
18.1,91,1009.6,4.7,6,2026-04-03 02:00:00+00:00
19.1,87,1010.3,4.1,20,2026-04-03 03:00:00+00:00
20.8,78,1011.0,2.7,13,2026-04-03 04:00:00+00:00
22.6,71,1011.2,3.6,22,2026-04-03 05:00:00+00:00
24.1,61,1011.6,8.3,59,2026-04-03 06:00:00+00:00
24.9,54,1011.0,11.3,70,2026-04-03 07:00:00+00:00
25.3,52,1010.5,12.6,98,2026-04-03 08:00:00+00:00
25.3,52,1009.5,12.9,73,2026-04-03 09:00:00+00:00
25.4,51,1008.6,12.9,54,2026-04-03 10:00:00+00:00
24.9,54,1008.1,13.5,6,2026-04-03 11:00:00+00:00
24.5,64,1007.8,12.8,69,2026-04-03 12:00:00+00:00
24.0,66,1007.7,11.5,84,2026-04-03 13:00:00+00:00
23.4,69,1008.2,10.1,98,2026-04-03 14:00:00+00:00
23.3,72,1008.5,10.2,41,2026-04-03 15:00:00+00:00
23.2,74,1009.5,9.2,1,2026-04-03 16:00:00+00:00
23.1,76,1010.0,7.8,2,2026-04-03 17:00:00+00:00
23.2,71,1009.8,6.8,20,2026-04-03 18:00:00+00:00
23.3,69,1009.5,7.4,7,2026-04-03 19:00:00+00:00
22.9,69,1009.4,6.6,5,2026-04-03 20:00:00+00:00
22.5,68,1008.7,8.0,2,2026-04-03 21:00:00+00:00
22.1,68,1008.5,9.2,1,2026-04-03 22:00:00+00:00
21.7,70,1008.6,9.7,0,2026-04-03 23:00:00+00:00
21.4,80,1008.9,7.3,0,2026-04-04 00:00:00+00:00
20.9,84,1009.2,5.9,0,2026-04-04 01:00:00+00:00
20.5,87,1009.8,4.9,0,2026-04-04 02:00:00+00:00
21.8,85,1010.3,2.7,0,2026-04-04 03:00:00+00:00
24.0,74,1010.9,2.2,0,2026-04-04 04:00:00+00:00
25.7,65,1011.0,4.5,0,2026-04-04 05:00:00+00:00
27.0,56,1010.9,7.6,0,2026-04-04 06:00:00+00:00
27.5,53,1010.8,11.9,0,2026-04-04 07:00:00+00:00
27.5,51,1010.4,14.3,0,2026-04-04 08:00:00+00:00
27.5,50,1009.6,14.4,0,2026-04-04 09:00:00+00:00
27.4,48,1008.6,14.5,0,2026-04-04 10:00:00+00:00
26.9,50,1008.1,14.1,0,2026-04-04 11:00:00+00:00
25.7,53,1008.7,14.2,0,2026-04-04 12:00:00+00:00
24.9,58,1009.0,12.8,0,2026-04-04 13:00:00+00:00
24.0,66,1009.3,12.5,1,2026-04-04 14:00:00+00:00
23.8,68,1009.7,14.0,22,2026-04-04 15:00:00+00:00
23.7,68,1009.9,13.6,99,2026-04-04 16:00:00+00:00
23.8,69,1010.9,13.8,98,2026-04-04 17:00:00+00:00
24.1,68,1010.7,12.2,88,2026-04-04 18:00:00+00:00
24.0,68,1010.4,10.6,4,2026-04-04 19:00:00+00:00
23.6,71,1010.3,8.6,1,2026-04-04 20:00:00+00:00
23.2,73,1009.7,7.5,45,2026-04-04 21:00:00+00:00
22.9,75,1009.5,7.6,99,2026-04-04 22:00:00+00:00
22.6,76,1009.3,7.4,88,2026-04-04 23:00:00+00:00
22.1,83,1009.7,7.9,98,2026-04-05 00:00:00+00:00
22.4,81,1009.9,6.7,94,2026-04-05 01:00:00+00:00
22.4,81,1010.3,6.2,98,2026-04-05 02:00:00+00:00
23.4,79,1011.1,5.2,99,2026-04-05 03:00:00+00:00
24.8,71,1011.3,5.4,68,2026-04-05 04:00:00+00:00
26.4,62,1011.6,6.3,99,2026-04-05 05:00:00+00:00
26.9,56,1011.9,9.3,99,2026-04-05 06:00:00+00:00
26.9,56,1011.8,10.5,100,2026-04-05 07:00:00+00:00
27.0,55,1011.1,9.7,100,2026-04-05 08:00:00+00:00
27.1,54,1009.9,9.4,79,2026-04-05 09:00:00+00:00
27.7,52,1009.3,11.4,98,2026-04-05 10:00:00+00:00
26.6,59,1008.6,12.5,16,2026-04-05 11:00:00+00:00
26.4,53,1008.8,11.4,3,2026-04-05 12:00:00+00:00
25.5,58,1008.8,11.7,83,2026-04-05 13:00:00+00:00
24.7,64,1009.1,9.7,34,2026-04-05 14:00:00+00:00
24.1,69,1009.4,9.8,4,2026-04-05 15:00:00+00:00
23.9,70,1010.0,9.1,0,2026-04-05 16:00:00+00:00
23.6,73,1010.2,7.7,1,2026-04-05 17:00:00+00:00
23.8,76,1010.3,7.8,0,2026-04-05 18:00:00+00:00
24.0,76,1010.2,9.6,8,2026-04-05 19:00:00+00:00
23.8,77,1009.7,9.5,16,2026-04-05 20:00:00+00:00
23.6,79,1009.2,8.8,20,2026-04-05 21:00:00+00:00
23.6,79,1008.8,8.9,19,2026-04-05 22:00:00+00:00
23.5,78,1008.6,8.2,13,2026-04-05 23:00:00+00:00
23.3,79,1008.6,8.8,14,2026-04-06 00:00:00+00:00
23.5,77,1009.0,10.3,33,2026-04-06 01:00:00+00:00
23.7,76,1009.3,8.7,23,2026-04-06 02:00:00+00:00
25.0,71,1009.8,7.4,37,2026-04-06 03:00:00+00:00
26.3,64,1010.1,13.2,24,2026-04-06 04:00:00+00:00
27.4,59,1010.5,14.0,23,2026-04-06 05:00:00+00:00
27.4,59,1010.8,13.4,29,2026-04-06 06:00:00+00:00
28.2,57,1010.4,16.5,21,2026-04-06 07:00:00+00:00
28.5,56,1009.8,18.6,21,2026-04-06 08:00:00+00:00
28.6,57,1008.7,19.0,28,2026-04-06 09:00:00+00:00
28.1,61,1007.7,20.9,48,2026-04-06 10:00:00+00:00
27.7,63,1007.2,22.5,21,2026-04-06 11:00:00+00:00
26.8,70,1007.0,20.9,23,2026-04-06 12:00:00+00:00
26.3,74,1006.9,20.9,33,2026-04-06 13:00:00+00:00
25.7,81,1007.0,17.8,5,2026-04-06 14:00:00+00:00
25.5,86,1007.2,19.4,2,2026-04-06 15:00:00+00:00
25.4,87,1007.7,19.2,9,2026-04-06 16:00:00+00:00
25.3,88,1007.8,18.9,17,2026-04-06 17:00:00+00:00
25.4,90,1007.5,21.5,13,2026-04-06 18:00:00+00:00
25.2,91,1007.5,20.6,19,2026-04-06 19:00:00+00:00
25.4,88,1007.1,19.7,10,2026-04-06 20:00:00+00:00
25.2,88,1006.7,18.1,22,2026-04-06 21:00:00+00:00
25.0,89,1006.2,15.5,30,2026-04-06 22:00:00+00:00
24.8,91,1005.8,14.1,27,2026-04-06 23:00:00+00:00
24.9,88,1005.9,17.5,0,2026-04-07 00:00:00+00:00
24.9,84,1006.0,18.5,0,2026-04-07 01:00:00+00:00
25.0,82,1006.1,18.5,0,2026-04-07 02:00:00+00:00
25.7,81,1006.9,15.8,0,2026-04-07 03:00:00+00:00
26.9,67,1007.4,17.7,0,2026-04-07 04:00:00+00:00
27.8,60,1007.5,19.6,0,2026-04-07 05:00:00+00:00
28.8,53,1007.8,21.5,0,2026-04-07 06:00:00+00:00
29.2,52,1007.6,20.5,0,2026-04-07 07:00:00+00:00
29.3,52,1006.8,19.2,5,2026-04-07 08:00:00+00:00
29.1,54,1006.0,18.6,0,2026-04-07 09:00:00+00:00
28.9,51,1005.2,18.3,0,2026-04-07 10:00:00+00:00
28.5,51,1004.7,17.9,0,2026-04-07 11:00:00+00:00
27.6,58,1004.6,17.5,0,2026-04-07 12:00:00+00:00
26.5,67,1004.5,17.3,0,2026-04-07 13:00:00+00:00
25.7,72,1004.5,16.9,0,2026-04-07 14:00:00+00:00
25.4,74,1004.8,17.3,0,2026-04-07 15:00:00+00:00
25.1,82,1005.2,15.1,0,2026-04-07 16:00:00+00:00
24.7,85,1005.8,11.0,0,2026-04-07 17:00:00+00:00
24.8,85,1005.9,11.2,2,2026-04-07 18:00:00+00:00
24.7,83,1006.3,10.3,0,2026-04-07 19:00:00+00:00
24.1,84,1005.9,7.7,0,2026-04-07 20:00:00+00:00
23.7,88,1005.3,9.3,13,2026-04-07 21:00:00+00:00
23.5,90,1005.1,10.2,3,2026-04-07 22:00:00+00:00
23.4,89,1004.8,10.5,0,2026-04-07 23:00:00+00:00
23.2,89,1004.6,8.3,0,2026-04-08 00:00:00+00:00
23.2,89,1005.1,7.3,2,2026-04-08 01:00:00+00:00
23.4,89,1005.8,6.1,0,2026-04-08 02:00:00+00:00
24.7,82,1006.7,2.9,0,2026-04-08 03:00:00+00:00
26.2,69,1007.4,2.6,0,2026-04-08 04:00:00+00:00
27.8,59,1007.8,2.7,0,2026-04-08 05:00:00+00:00
28.6,57,1008.1,6.1,2,2026-04-08 06:00:00+00:00
28.9,59,1008.0,9.5,1,2026-04-08 07:00:00+00:00
29.0,60,1007.6,12.0,17,2026-04-08 08:00:00+00:00
28.8,58,1007.1,12.9,26,2026-04-08 09:00:00+00:00
28.5,59,1006.5,13.9,7,2026-04-08 10:00:00+00:00
28.3,60,1005.9,13.0,7,2026-04-08 11:00:00+00:00
27.6,64,1005.6,11.9,4,2026-04-08 12:00:00+00:00
26.7,72,1005.8,12.1,0,2026-04-08 13:00:00+00:00
25.7,80,1006.3,9.7,0,2026-04-08 14:00:00+00:00
25.1,84,1006.8,9.2,0,2026-04-08 15:00:00+00:00
24.8,85,1007.4,8.2,0,2026-04-08 16:00:00+00:00
24.4,87,1007.9,5.6,0,2026-04-08 17:00:00+00:00
24.4,89,1008.4,5.4,0,2026-04-08 18:00:00+00:00
24.2,90,1008.6,4.7,1,2026-04-08 19:00:00+00:00
23.6,93,1008.6,5.9,16,2026-04-08 20:00:00+00:00
23.0,95,1008.4,5.6,23,2026-04-08 21:00:00+00:00
22.5,97,1008.2,4.2,36,2026-04-08 22:00:00+00:00
22.1,99,1008.4,2.5,100,2026-04-08 23:00:00+00:00
22.1,99,1008.8,2.6,100,2026-04-09 00:00:00+00:00
21.9,99,1009.5,4.3,100,2026-04-09 01:00:00+00:00
21.7,98,1010.4,3.3,93,2026-04-09 02:00:00+00:00
22.8,89,1010.9,0.8,11,2026-04-09 03:00:00+00:00
25.1,72,1011.4,1.4,0,2026-04-09 04:00:00+00:00
27.7,56,1011.7,4.6,0,2026-04-09 05:00:00+00:00
29.0,55,1012.0,6.9,0,2026-04-09 06:00:00+00:00
29.7,56,1011.8,8.7,0,2026-04-09 07:00:00+00:00
30.0,56,1011.3,11.0,11,2026-04-09 08:00:00+00:00
30.2,55,1010.3,11.7,31,2026-04-09 09:00:00+00:00
29.5,57,1009.8,13.5,10,2026-04-09 10:00:00+00:00
28.3,61,1009.6,15.3,6,2026-04-09 11:00:00+00:00
27.5,66,1009.5,15.1,7,2026-04-09 12:00:00+00:00
26.9,65,1010.1,12.5,2,2026-04-09 13:00:00+00:00
26.2,74,1010.8,10.8,9,2026-04-09 14:00:00+00:00
25.7,77,1011.3,8.2,0,2026-04-09 15:00:00+00:00
25.3,80,1012.3,6.5,96,2026-04-09 16:00:00+00:00
25.0,82,1013.0,7.4,2,2026-04-09 17:00:00+00:00
24.6,86,1013.4,8.3,100,2026-04-09 18:00:00+00:00
24.8,86,1013.0,6.6,27,2026-04-09 19:00:00+00:00
24.3,88,1012.9,8.0,45,2026-04-09 20:00:00+00:00
23.9,89,1012.2,6.1,100,2026-04-09 21:00:00+00:00
24.0,87,1011.4,3.5,100,2026-04-09 22:00:00+00:00
24.0,86,1011.3,3.4,80,2026-04-09 23:00:00+00:00
23.9,84,1011.5,5.8,41,2026-04-10 00:00:00+00:00
23.9,81,1012.2,6.0,0,2026-04-10 01:00:00+00:00
24.0,78,1013.0,5.6,0,2026-04-10 02:00:00+00:00
26.0,65,1013.9,3.2,0,2026-04-10 03:00:00+00:00
28.9,46,1014.1,2.8,1,2026-04-10 04:00:00+00:00
30.9,36,1014.5,5.6,2,2026-04-10 05:00:00+00:00
31.5,36,1014.5,9.4,2,2026-04-10 06:00:00+00:00
31.8,35,1014.0,11.3,98,2026-04-10 07:00:00+00:00
31.7,34,1013.3,11.4,80,2026-04-10 08:00:00+00:00
31.3,36,1012.4,11.4,0,2026-04-10 09:00:00+00:00
31.8,36,1011.8,11.5,0,2026-04-10 10:00:00+00:00
31.0,41,1011.6,13.6,0,2026-04-10 11:00:00+00:00
29.7,49,1011.5,12.5,0,2026-04-10 12:00:00+00:00
28.3,56,1011.7,12.0,0,2026-04-10 13:00:00+00:00
26.7,70,1012.2,10.7,1,2026-04-10 14:00:00+00:00
25.9,78,1012.7,8.0,5,2026-04-10 15:00:00+00:00
25.4,82,1012.4,6.6,1,2026-04-10 16:00:00+00:00
25.0,85,1012.6,7.8,0,2026-04-10 17:00:00+00:00
24.9,86,1013.3,9.9,14,2026-04-10 18:00:00+00:00
24.8,85,1012.6,8.0,7,2026-04-10 19:00:00+00:00
24.6,85,1012.4,9.0,23,2026-04-10 20:00:00+00:00
24.5,84,1011.7,8.8,99,2026-04-10 21:00:00+00:00
24.4,84,1011.1,7.2,0,2026-04-10 22:00:00+00:00
24.0,87,1010.7,7.0,0,2026-04-10 23:00:00+00:00
24.1,90,1010.5,8.0,0,2026-04-11 00:00:00+00:00
24.4,88,1010.9,9.7,0,2026-04-11 01:00:00+00:00
24.6,86,1011.6,9.8,0,2026-04-11 02:00:00+00:00
26.2,77,1012.3,9.9,0,2026-04-11 03:00:00+00:00
28.0,67,1012.7,11.2,0,2026-04-11 04:00:00+00:00
29.7,58,1012.5,11.5,0,2026-04-11 05:00:00+00:00
31.2,52,1012.5,13.1,0,2026-04-11 06:00:00+00:00
32.0,47,1012.0,14.2,0,2026-04-11 07:00:00+00:00
32.6,44,1011.3,14.8,0,2026-04-11 08:00:00+00:00
33.1,40,1010.4,14.2,0,2026-04-11 09:00:00+00:00
33.1,39,1009.7,14.6,0,2026-04-11 10:00:00+00:00
32.7,39,1009.0,14.3,0,2026-04-11 11:00:00+00:00
31.8,43,1008.4,11.6,0,2026-04-11 12:00:00+00:00
30.0,53,1008.6,10.5,0,2026-04-11 13:00:00+00:00
27.8,66,1009.2,9.4,0,2026-04-11 14:00:00+00:00
27.0,68,1009.9,6.9,0,2026-04-11 15:00:00+00:00
26.6,68,1010.4,10.5,0,2026-04-11 16:00:00+00:00
26.6,63,1010.3,12.1,0,2026-04-11 17:00:00+00:00
26.6,65,1010.7,12.2,0,2026-04-11 18:00:00+00:00
26.1,68,1010.2,10.4,0,2026-04-11 19:00:00+00:00
25.7,70,1009.6,11.4,0,2026-04-11 20:00:00+00:00
25.4,70,1008.9,10.7,0,2026-04-11 21:00:00+00:00
25.2,70,1008.3,9.0,0,2026-04-11 22:00:00+00:00
24.7,74,1008.1,7.2,0,2026-04-11 23:00:00+00:00
24.0,78,1008.2,5.4,0,2026-04-12 00:00:00+00:00
23.5,80,1008.2,6.3,0,2026-04-12 01:00:00+00:00
23.3,79,1008.6,6.7,0,2026-04-12 02:00:00+00:00
25.4,65,1009.2,3.7,0,2026-04-12 03:00:00+00:00
28.7,46,1009.5,4.1,0,2026-04-12 04:00:00+00:00
32.7,29,1009.6,3.6,3,2026-04-12 05:00:00+00:00
34.5,23,1009.7,1.5,0,2026-04-12 06:00:00+00:00
34.9,27,1009.0,7.0,0,2026-04-12 07:00:00+00:00
34.3,39,1008.2,12.1,0,2026-04-12 08:00:00+00:00
34.1,37,1007.5,14.2,0,2026-04-12 09:00:00+00:00
33.5,37,1006.8,14.2,0,2026-04-12 10:00:00+00:00
32.2,45,1006.4,12.1,0,2026-04-12 11:00:00+00:00
31.3,50,1006.4,10.9,0,2026-04-12 12:00:00+00:00
30.0,57,1006.7,9.9,0,2026-04-12 13:00:00+00:00
28.0,72,1007.2,9.1,2,2026-04-12 14:00:00+00:00
27.1,77,1007.5,7.9,41,2026-04-12 15:00:00+00:00
26.6,80,1008.2,8.8,59,2026-04-12 16:00:00+00:00
26.2,81,1008.9,9.2,50,2026-04-12 17:00:00+00:00
26.0,81,1009.2,8.8,75,2026-04-12 18:00:00+00:00
25.8,80,1008.9,8.1,88,2026-04-12 19:00:00+00:00
25.4,80,1008.3,6.5,99,2026-04-12 20:00:00+00:00
25.2,79,1007.8,7.2,91,2026-04-12 21:00:00+00:00
24.8,75,1007.2,8.2,12,2026-04-12 22:00:00+00:00
24.5,74,1006.9,9.3,0,2026-04-12 23:00:00+00:00
24.7,78,1007.4,8.8,14,2026-04-13 00:00:00+00:00
24.8,81,1007.5,8.3,41,2026-04-13 01:00:00+00:00
25.1,81,1008.0,7.4,0,2026-04-13 02:00:00+00:00
26.8,75,1008.9,7.4,0,2026-04-13 03:00:00+00:00
28.8,66,1009.5,9.9,0,2026-04-13 04:00:00+00:00
30.9,54,1009.6,11.2,0,2026-04-13 05:00:00+00:00
31.5,51,1009.7,15.2,0,2026-04-13 06:00:00+00:00
32.3,45,1009.4,16.2,0,2026-04-13 07:00:00+00:00
32.9,40,1008.9,16.8,0,2026-04-13 08:00:00+00:00
33.4,37,1008.2,16.1,0,2026-04-13 09:00:00+00:00
33.0,38,1007.6,15.5,5,2026-04-13 10:00:00+00:00
32.4,42,1007.0,15.8,0,2026-04-13 11:00:00+00:00
30.8,49,1006.8,17.7,7,2026-04-13 12:00:00+00:00
29.5,54,1006.7,16.2,0,2026-04-13 13:00:00+00:00
28.3,60,1007.0,13.8,12,2026-04-13 14:00:00+00:00
27.9,62,1007.6,10.6,3,2026-04-13 15:00:00+00:00
27.6,64,1008.1,9.4,9,2026-04-13 16:00:00+00:00
27.3,65,1008.6,9.9,0,2026-04-13 17:00:00+00:00
26.9,67,1008.9,8.4,0,2026-04-13 18:00:00+00:00
26.5,70,1008.4,9.0,0,2026-04-13 19:00:00+00:00
26.2,72,1007.9,10.9,29,2026-04-13 20:00:00+00:00
26.1,73,1007.2,11.4,72,2026-04-13 21:00:00+00:00
26.1,71,1006.5,13.2,88,2026-04-13 22:00:00+00:00
26.0,72,1006.3,12.8,97,2026-04-13 23:00:00+00:00
25.8,77,1006.4,11.3,99,2026-04-14 00:00:00+00:00
25.8,77,1006.9,10.4,93,2026-04-14 01:00:00+00:00
25.9,76,1007.4,9.1,98,2026-04-14 02:00:00+00:00
27.5,69,1008.0,7.2,77,2026-04-14 03:00:00+00:00
29.8,57,1008.2,8.1,25,2026-04-14 04:00:00+00:00
31.8,48,1008.6,9.4,0,2026-04-14 05:00:00+00:00
32.0,50,1009.0,13.1,0,2026-04-14 06:00:00+00:00
32.9,45,1008.6,13.3,0,2026-04-14 07:00:00+00:00
33.4,43,1007.8,14.4,0,2026-04-14 08:00:00+00:00
33.2,42,1007.2,15.0,10,2026-04-14 09:00:00+00:00
32.5,44,1006.5,15.0,16,2026-04-14 10:00:00+00:00
31.9,47,1006.0,13.5,16,2026-04-14 11:00:00+00:00
30.8,52,1005.5,11.6,2,2026-04-14 12:00:00+00:00
29.3,55,1005.7,12.3,0,2026-04-14 13:00:00+00:00
27.9,58,1006.0,9.4,0,2026-04-14 14:00:00+00:00
27.0,66,1006.4,9.2,0,2026-04-14 15:00:00+00:00
26.4,74,1006.9,8.6,0,2026-04-14 16:00:00+00:00
25.9,78,1007.5,8.5,20,2026-04-14 17:00:00+00:00
25.8,79,1007.4,8.6,2,2026-04-14 18:00:00+00:00
25.7,79,1007.2,6.2,24,2026-04-14 19:00:00+00:00
25.3,80,1006.4,5.3,68,2026-04-14 20:00:00+00:00
25.0,80,1005.7,7.2,59,2026-04-14 21:00:00+00:00
25.0,78,1005.2,8.8,99,2026-04-14 22:00:00+00:00
25.0,77,1004.9,7.7,100,2026-04-14 23:00:00+00:00
24.6,80,1004.6,5.2,96,2026-04-15 00:00:00+00:00
24.7,80,1005.0,5.6,75,2026-04-15 01:00:00+00:00
24.7,80,1005.5,5.2,1,2026-04-15 02:00:00+00:00
26.4,75,1006.2,3.7,97,2026-04-15 03:00:00+00:00
28.4,68,1006.5,5.8,100,2026-04-15 04:00:00+00:00
30.0,62,1006.9,8.0,98,2026-04-15 05:00:00+00:00
30.8,60,1007.2,10.7,99,2026-04-15 06:00:00+00:00
31.5,57,1007.0,12.2,98,2026-04-15 07:00:00+00:00
32.0,53,1006.4,12.6,100,2026-04-15 08:00:00+00:00
32.3,50,1005.4,12.9,100,2026-04-15 09:00:00+00:00
32.1,51,1004.6,12.3,53,2026-04-15 10:00:00+00:00
31.2,56,1004.1,12.4,95,2026-04-15 11:00:00+00:00
29.3,67,1004.3,13.5,100,2026-04-15 12:00:00+00:00
28.0,73,1004.4,13.0,100,2026-04-15 13:00:00+00:00
26.9,79,1004.8,11.2,96,2026-04-15 14:00:00+00:00
26.5,81,1005.4,9.7,92,2026-04-15 15:00:00+00:00
26.1,82,1005.9,9.4,91,2026-04-15 16:00:00+00:00
25.7,84,1006.0,7.9,95,2026-04-15 17:00:00+00:00
25.7,80,1005.9,7.8,100,2026-04-15 18:00:00+00:00
25.8,73,1005.4,10.0,100,2026-04-15 19:00:00+00:00
25.7,69,1005.1,10.9,98,2026-04-15 20:00:00+00:00
25.6,68,1004.7,11.3,81,2026-04-15 21:00:00+00:00
25.4,66,1004.4,10.8,30,2026-04-15 22:00:00+00:00
25.0,66,1004.0,10.2,23,2026-04-15 23:00:00+00:00
24.9,72,1003.8,10.8,73,2026-04-16 00:00:00+00:00
24.9,72,1004.3,10.9,100,2026-04-16 01:00:00+00:00
25.2,70,1004.9,10.8,100,2026-04-16 02:00:00+00:00
26.7,67,1005.7,10.4,100,2026-04-16 03:00:00+00:00
28.1,59,1006.3,12.4,100,2026-04-16 04:00:00+00:00
29.3,53,1006.6,12.6,99,2026-04-16 05:00:00+00:00
29.7,50,1007.3,15.4,100,2026-04-16 06:00:00+00:00
29.8,50,1007.3,16.1,100,2026-04-16 07:00:00+00:00
29.9,53,1006.9,16.4,100,2026-04-16 08:00:00+00:00
30.3,50,1006.1,15.6,100,2026-04-16 09:00:00+00:00
30.2,51,1005.4,14.8,100,2026-04-16 10:00:00+00:00
29.5,54,1004.8,14.6,100,2026-04-16 11:00:00+00:00
28.6,60,1004.3,12.5,100,2026-04-16 12:00:00+00:00
27.8,65,1004.4,11.2,100,2026-04-16 13:00:00+00:00
26.9,71,1004.8,9.3,97,2026-04-16 14:00:00+00:00
26.4,76,1005.4,8.9,97,2026-04-16 15:00:00+00:00
26.1,79,1006.3,9.8,85,2026-04-16 16:00:00+00:00
25.9,80,1006.8,9.6,0,2026-04-16 17:00:00+00:00
25.7,81,1007.2,9.3,0,2026-04-16 18:00:00+00:00
25.7,80,1007.2,8.7,0,2026-04-16 19:00:00+00:00
25.3,83,1006.6,8.3,0,2026-04-16 20:00:00+00:00
25.1,85,1006.4,8.6,6,2026-04-16 21:00:00+00:00
24.9,85,1006.2,9.4,81,2026-04-16 22:00:00+00:00
24.9,84,1006.2,9.6,82,2026-04-16 23:00:00+00:00
25.0,85,1006.3,11.1,5,2026-04-17 00:00:00+00:00
24.8,86,1006.7,10.8,25,2026-04-17 01:00:00+00:00
25.0,86,1007.3,10.4,0,2026-04-17 02:00:00+00:00
26.6,77,1008.2,10.8,0,2026-04-17 03:00:00+00:00
28.7,66,1009.0,11.9,0,2026-04-17 04:00:00+00:00
30.9,54,1009.3,11.3,30,2026-04-17 05:00:00+00:00
32.4,45,1009.3,13.3,97,2026-04-17 06:00:00+00:00
33.0,43,1009.1,14.9,84,2026-04-17 07:00:00+00:00
33.4,40,1008.6,15.5,53,2026-04-17 08:00:00+00:00
33.5,38,1007.9,15.7,86,2026-04-17 09:00:00+00:00
33.2,37,1007.2,14.8,83,2026-04-17 10:00:00+00:00
32.6,36,1006.6,13.4,9,2026-04-17 11:00:00+00:00
31.4,36,1006.8,13.4,0,2026-04-17 12:00:00+00:00
29.9,43,1006.6,12.1,98,2026-04-17 13:00:00+00:00
28.1,55,1007.1,10.5,100,2026-04-17 14:00:00+00:00
27.3,59,1007.7,8.7,99,2026-04-17 15:00:00+00:00
26.7,66,1008.3,8.9,2,2026-04-17 16:00:00+00:00
26.1,72,1009.0,8.8,99,2026-04-17 17:00:00+00:00
25.6,75,1009.0,7.9,96,2026-04-17 18:00:00+00:00
25.2,81,1008.9,7.7,22,2026-04-17 19:00:00+00:00
24.9,84,1008.5,7.7,28,2026-04-17 20:00:00+00:00
24.5,87,1007.9,8.2,85,2026-04-17 21:00:00+00:00
24.3,86,1007.3,8.0,100,2026-04-17 22:00:00+00:00
24.2,86,1007.0,8.2,73,2026-04-17 23:00:00+00:00
24.2,85,1007.1,8.6,83,2026-04-18 00:00:00+00:00
23.9,86,1007.5,9.7,51,2026-04-18 01:00:00+00:00
24.3,84,1007.9,9.7,0,2026-04-18 02:00:00+00:00
25.9,75,1008.5,9.9,20,2026-04-18 03:00:00+00:00
27.6,64,1008.8,10.6,99,2026-04-18 04:00:00+00:00
28.9,55,1009.3,12.2,98,2026-04-18 05:00:00+00:00
29.2,54,1009.5,14.0,16,2026-04-18 06:00:00+00:00
30.1,50,1009.4,14.2,70,2026-04-18 07:00:00+00:00
30.4,49,1009.0,14.5,99,2026-04-18 08:00:00+00:00
30.4,49,1008.1,14.3,83,2026-04-18 09:00:00+00:00
30.2,47,1007.3,14.2,100,2026-04-18 10:00:00+00:00
29.4,55,1007.0,14.6,100,2026-04-18 11:00:00+00:00
27.9,64,1006.9,14.0,100,2026-04-18 12:00:00+00:00
27.0,70,1007.0,14.0,91,2026-04-18 13:00:00+00:00
26.1,75,1007.6,13.2,2,2026-04-18 14:00:00+00:00
25.8,76,1008.0,10.7,0,2026-04-18 15:00:00+00:00
25.5,77,1008.2,7.2,0,2026-04-18 16:00:00+00:00
25.1,79,1008.3,6.4,0,2026-04-18 17:00:00+00:00
24.8,77,1008.7,8.1,0,2026-04-18 18:00:00+00:00
24.6,79,1008.7,8.2,0,2026-04-18 19:00:00+00:00
24.4,83,1008.2,7.6,0,2026-04-18 20:00:00+00:00
24.1,85,1007.6,8.6,0,2026-04-18 21:00:00+00:00
23.8,86,1007.1,7.8,0,2026-04-18 22:00:00+00:00
23.6,87,1006.7,8.3,0,2026-04-18 23:00:00+00:00
23.8,90,1006.5,9.2,0,2026-04-19 00:00:00+00:00
23.8,89,1006.8,8.5,0,2026-04-19 01:00:00+00:00
24.3,85,1007.4,7.4,0,2026-04-19 02:00:00+00:00
25.9,76,1008.0,7.7,2,2026-04-19 03:00:00+00:00
27.5,68,1008.5,8.5,3,2026-04-19 04:00:00+00:00
28.9,61,1008.8,10.2,0,2026-04-19 05:00:00+00:00
29.6,59,1009.3,13.3,2,2026-04-19 06:00:00+00:00
30.2,56,1009.3,14.9,0,2026-04-19 07:00:00+00:00
30.7,54,1008.7,14.9,0,2026-04-19 08:00:00+00:00
30.9,53,1007.9,14.5,0,2026-04-19 09:00:00+00:00
30.8,53,1007.3,14.1,0,2026-04-19 10:00:00+00:00
30.3,53,1006.8,13.7,1,2026-04-19 11:00:00+00:00
29.4,53,1006.6,12.6,5,2026-04-19 12:00:00+00:00
28.3,60,1006.8,11.2,23,2026-04-19 13:00:00+00:00
26.8,72,1006.9,11.7,13,2026-04-19 14:00:00+00:00
26.1,79,1007.5,10.9,9,2026-04-19 15:00:00+00:00
25.8,81,1007.8,9.6,0,2026-04-19 16:00:00+00:00
25.5,84,1008.4,6.6,0,2026-04-19 17:00:00+00:00
25.1,85,1008.6,6.3,0,2026-04-19 18:00:00+00:00
24.9,86,1008.4,7.5,0,2026-04-19 19:00:00+00:00
24.6,88,1007.8,8.2,0,2026-04-19 20:00:00+00:00
24.4,89,1007.2,8.6,0,2026-04-19 21:00:00+00:00
24.2,90,1007.0,9.6,0,2026-04-19 22:00:00+00:00
24.1,91,1007.2,8.8,0,2026-04-19 23:00:00+00:00
24.2,95,1006.9,7.6,0,2026-04-20 00:00:00+00:00
24.2,95,1007.0,7.7,0,2026-04-20 01:00:00+00:00
24.6,93,1007.4,8.1,4,2026-04-20 02:00:00+00:00
26.3,83,1008.1,10.6,29,2026-04-20 03:00:00+00:00
27.9,74,1008.8,9.9,4,2026-04-20 04:00:00+00:00
29.6,65,1008.8,9.9,0,2026-04-20 05:00:00+00:00
30.6,62,1008.7,11.0,2,2026-04-20 06:00:00+00:00
31.3,59,1008.3,12.5,1,2026-04-20 07:00:00+00:00
31.6,56,1007.8,13.6,0,2026-04-20 08:00:00+00:00
31.6,53,1006.9,14.1,5,2026-04-20 09:00:00+00:00
31.4,51,1006.4,13.6,3,2026-04-20 10:00:00+00:00
30.9,52,1006.0,13.7,63,2026-04-20 11:00:00+00:00
29.1,59,1005.9,13.8,84,2026-04-20 12:00:00+00:00
28.0,66,1006.2,12.7,88,2026-04-20 13:00:00+00:00
26.7,78,1006.7,13.1,95,2026-04-20 14:00:00+00:00
26.1,81,1007.2,11.1,100,2026-04-20 15:00:00+00:00
25.9,81,1007.8,9.2,77,2026-04-20 16:00:00+00:00
25.7,81,1008.1,7.4,0,2026-04-20 17:00:00+00:00
25.5,84,1008.0,9.0,30,2026-04-20 18:00:00+00:00
25.4,85,1008.3,7.9,71,2026-04-20 19:00:00+00:00
25.2,86,1007.9,8.8,97,2026-04-20 20:00:00+00:00
24.8,87,1007.7,7.7,100,2026-04-20 21:00:00+00:00
24.6,89,1007.3,6.3,6,2026-04-20 22:00:00+00:00
24.4,91,1007.0,7.8,14,2026-04-20 23:00:00+00:00
24.5,92,1006.8,8.6,1,2026-04-21 00:00:00+00:00
24.5,93,1007.0,9.0,0,2026-04-21 01:00:00+00:00
24.8,92,1007.5,9.8,0,2026-04-21 02:00:00+00:00
26.3,83,1008.1,12.6,14,2026-04-21 03:00:00+00:00
27.9,69,1008.6,12.3,86,2026-04-21 04:00:00+00:00
29.3,61,1008.9,13.5,1,2026-04-21 05:00:00+00:00
29.8,58,1008.9,14.9,0,2026-04-21 06:00:00+00:00
30.5,54,1008.6,15.3,0,2026-04-21 07:00:00+00:00
31.0,50,1008.0,15.4,32,2026-04-21 08:00:00+00:00
31.1,47,1007.0,15.5,28,2026-04-21 09:00:00+00:00
30.6,51,1006.5,15.7,80,2026-04-21 10:00:00+00:00
29.8,56,1006.0,15.4,84,2026-04-21 11:00:00+00:00
28.8,58,1005.6,14.0,20,2026-04-21 12:00:00+00:00
27.8,64,1005.6,12.7,16,2026-04-21 13:00:00+00:00
26.7,75,1006.0,11.2,5,2026-04-21 14:00:00+00:00
26.2,81,1006.4,11.1,0,2026-04-21 15:00:00+00:00
26.0,82,1006.8,9.1,4,2026-04-21 16:00:00+00:00
25.7,83,1007.3,8.2,2,2026-04-21 17:00:00+00:00
25.7,86,1007.4,7.9,6,2026-04-21 18:00:00+00:00
25.6,88,1007.5,6.0,0,2026-04-21 19:00:00+00:00
25.2,90,1007.1,6.5,2,2026-04-21 20:00:00+00:00
25.0,92,1006.8,8.4,22,2026-04-21 21:00:00+00:00
25.0,92,1006.2,8.8,10,2026-04-21 22:00:00+00:00
24.9,92,1006.0,9.9,11,2026-04-21 23:00:00+00:00
24.7,93,1006.2,8.9,26,2026-04-22 00:00:00+00:00
25.0,91,1006.4,9.4,8,2026-04-22 01:00:00+00:00
25.5,87,1006.9,11.0,6,2026-04-22 02:00:00+00:00
26.8,79,1007.9,12.3,5,2026-04-22 03:00:00+00:00
28.1,71,1008.3,13.7,23,2026-04-22 04:00:00+00:00
29.2,66,1008.5,14.3,28,2026-04-22 05:00:00+00:00
30.1,61,1008.1,15.8,3,2026-04-22 06:00:00+00:00
30.7,60,1007.7,16.7,7,2026-04-22 07:00:00+00:00
31.3,56,1006.7,15.8,10,2026-04-22 08:00:00+00:00
31.2,57,1005.9,16.1,16,2026-04-22 09:00:00+00:00
30.3,63,1005.4,17.1,23,2026-04-22 10:00:00+00:00
29.6,70,1005.0,16.7,6,2026-04-22 11:00:00+00:00
28.7,74,1004.7,14.5,62,2026-04-22 12:00:00+00:00
27.9,78,1004.9,14.6,98,2026-04-22 13:00:00+00:00
26.9,84,1005.0,12.6,100,2026-04-22 14:00:00+00:00
26.8,86,1005.4,11.6,100,2026-04-22 15:00:00+00:00
26.6,88,1005.8,10.3,4,2026-04-22 16:00:00+00:00
26.4,90,1006.2,7.9,3,2026-04-22 17:00:00+00:00
26.4,89,1006.4,8.9,0,2026-04-22 18:00:00+00:00
26.4,89,1006.4,8.9,98,2026-04-22 19:00:00+00:00
26.1,90,1006.2,10.0,7,2026-04-22 20:00:00+00:00
25.9,91,1005.5,10.6,4,2026-04-22 21:00:00+00:00
25.7,93,1005.5,10.5,5,2026-04-22 22:00:00+00:00
25.6,93,1005.4,9.8,5,2026-04-22 23:00:00+00:00
25.5,95,1005.5,11.2,19,2026-04-23 00:00:00+00:00
25.5,94,1005.9,12.6,21,2026-04-23 01:00:00+00:00
26.1,90,1006.4,14.6,44,2026-04-23 02:00:00+00:00
27.2,82,1007.3,14.6,59,2026-04-23 03:00:00+00:00
28.3,75,1007.6,14.1,44,2026-04-23 04:00:00+00:00
29.5,71,1007.5,13.4,33,2026-04-23 05:00:00+00:00
30.0,66,1008.0,14.5,35,2026-04-23 06:00:00+00:00
30.9,62,1007.7,15.8,0,2026-04-23 07:00:00+00:00
31.5,57,1007.0,16.1,0,2026-04-23 08:00:00+00:00
31.6,58,1006.3,16.4,0,2026-04-23 09:00:00+00:00
31.2,60,1005.7,15.9,0,2026-04-23 10:00:00+00:00
31.1,61,1005.4,14.0,64,2026-04-23 11:00:00+00:00
29.8,67,1004.9,12.1,99,2026-04-23 12:00:00+00:00
29.0,71,1005.6,7.3,42,2026-04-23 13:00:00+00:00
28.0,76,1006.2,8.7,91,2026-04-23 14:00:00+00:00
27.2,82,1006.1,10.7,95,2026-04-23 15:00:00+00:00
26.8,86,1006.2,10.8,96,2026-04-23 16:00:00+00:00
26.6,87,1007.2,6.8,24,2026-04-23 17:00:00+00:00
26.6,89,1006.9,6.5,26,2026-04-23 18:00:00+00:00
26.4,90,1006.8,6.0,95,2026-04-23 19:00:00+00:00
26.2,92,1006.3,6.9,100,2026-04-23 20:00:00+00:00
26.1,92,1006.1,8.0,100,2026-04-23 21:00:00+00:00
25.9,93,1006.1,7.1,100,2026-04-23 22:00:00+00:00
25.7,94,1006.1,6.4,100,2026-04-23 23:00:00+00:00
25.6,97,1005.9,7.1,98,2026-04-24 00:00:00+00:00
25.8,96,1006.4,7.7,82,2026-04-24 01:00:00+00:00
26.2,93,1007.0,8.5,74,2026-04-24 02:00:00+00:00
27.6,83,1007.7,11.7,46,2026-04-24 03:00:00+00:00
29.1,76,1007.9,10.9,22,2026-04-24 04:00:00+00:00
30.1,72,1008.0,11.7,2,2026-04-24 05:00:00+00:00
30.3,69,1008.1,14.0,18,2026-04-24 06:00:00+00:00
31.0,64,1007.8,14.4,13,2026-04-24 07:00:00+00:00
31.3,63,1007.3,14.5,2,2026-04-24 08:00:00+00:00
31.0,64,1006.7,15.5,19,2026-04-24 09:00:00+00:00
30.6,68,1006.0,16.5,64,2026-04-24 10:00:00+00:00
30.3,67,1005.9,14.7,98,2026-04-24 11:00:00+00:00
29.7,70,1005.4,13.1,96,2026-04-24 12:00:00+00:00
28.8,75,1005.4,11.3,100,2026-04-24 13:00:00+00:00
27.7,83,1006.0,8.7,100,2026-04-24 14:00:00+00:00
27.1,88,1006.7,7.9,100,2026-04-24 15:00:00+00:00
26.9,89,1007.2,6.8,14,2026-04-24 16:00:00+00:00
26.6,90,1007.5,5.8,3,2026-04-24 17:00:00+00:00
26.5,92,1007.7,7.6,18,2026-04-24 18:00:00+00:00
26.5,91,1007.2,6.9,46,2026-04-24 19:00:00+00:00
26.2,92,1007.0,5.4,70,2026-04-24 20:00:00+00:00
25.8,95,1006.9,8.0,73,2026-04-24 21:00:00+00:00
25.4,97,1007.0,7.5,100,2026-04-24 22:00:00+00:00
25.1,98,1006.9,6.8,78,2026-04-24 23:00:00+00:00
25.1,99,1006.6,6.9,100,2026-04-25 00:00:00+00:00
25.0,99,1006.9,6.5,99,2026-04-25 01:00:00+00:00
25.3,96,1007.4,6.5,88,2026-04-25 02:00:00+00:00
27.1,84,1008.1,6.0,15,2026-04-25 03:00:00+00:00
28.8,76,1008.7,6.4,1,2026-04-25 04:00:00+00:00
30.3,70,1008.9,8.8,2,2026-04-25 05:00:00+00:00
31.4,65,1008.7,10.5,0,2026-04-25 06:00:00+00:00
32.3,59,1008.4,12.2,0,2026-04-25 07:00:00+00:00
33.0,56,1007.6,12.6,0,2026-04-25 08:00:00+00:00
33.1,56,1007.0,13.3,0,2026-04-25 09:00:00+00:00
32.8,56,1006.3,13.9,1,2026-04-25 10:00:00+00:00
32.0,59,1006.1,13.5,27,2026-04-25 11:00:00+00:00
30.6,64,1005.8,11.7,66,2026-04-25 12:00:00+00:00
29.6,68,1005.8,10.7,49,2026-04-25 13:00:00+00:00
28.4,75,1006.3,9.7,77,2026-04-25 14:00:00+00:00
27.9,77,1006.9,8.9,27,2026-04-25 15:00:00+00:00
27.6,78,1007.4,8.0,5,2026-04-25 16:00:00+00:00
27.3,79,1007.7,7.6,1,2026-04-25 17:00:00+00:00
27.3,82,1007.7,8.0,0,2026-04-25 18:00:00+00:00
27.2,81,1007.4,7.7,0,2026-04-25 19:00:00+00:00
26.9,81,1006.9,6.2,0,2026-04-25 20:00:00+00:00
26.6,81,1006.4,6.4,0,2026-04-25 21:00:00+00:00
26.4,81,1006.1,6.9,0,2026-04-25 22:00:00+00:00
26.2,82,1006.0,7.6,0,2026-04-25 23:00:00+00:00
26.0,86,1005.9,8.6,0,2026-04-26 00:00:00+00:00
26.1,86,1006.1,9.4,0,2026-04-26 01:00:00+00:00
26.6,84,1006.5,8.3,0,2026-04-26 02:00:00+00:00
28.5,75,1007.0,8.1,0,2026-04-26 03:00:00+00:00
30.9,63,1007.4,11.0,0,2026-04-26 04:00:00+00:00
32.7,53,1007.4,13.0,0,2026-04-26 05:00:00+00:00
33.5,51,1007.4,13.7,0,2026-04-26 06:00:00+00:00
34.3,47,1006.8,14.8,0,2026-04-26 07:00:00+00:00
35.0,43,1006.2,15.3,0,2026-04-26 08:00:00+00:00
35.3,41,1005.3,15.5,0,2026-04-26 09:00:00+00:00
35.2,39,1004.4,15.5,0,2026-04-26 10:00:00+00:00
34.7,39,1003.9,14.6,0,2026-04-26 11:00:00+00:00
33.6,43,1003.6,12.8,0,2026-04-26 12:00:00+00:00
32.0,48,1003.9,11.9,47,2026-04-26 13:00:00+00:00
30.2,60,1004.2,11.1,5,2026-04-26 14:00:00+00:00
29.2,65,1004.8,9.9,0,2026-04-26 15:00:00+00:00
28.7,69,1005.2,8.8,98,2026-04-26 16:00:00+00:00
28.2,72,1005.4,7.8,60,2026-04-26 17:00:00+00:00
28.1,74,1005.5,8.0,9,2026-04-26 18:00:00+00:00
27.8,76,1005.1,7.7,1,2026-04-26 19:00:00+00:00
27.2,80,1004.5,6.6,80,2026-04-26 20:00:00+00:00
26.8,83,1004.2,7.3,2,2026-04-26 21:00:00+00:00
26.5,85,1003.8,7.6,94,2026-04-26 22:00:00+00:00
26.3,87,1003.5,8.2,81,2026-04-26 23:00:00+00:00
26.2,88,1003.2,8.5,0,2026-04-27 00:00:00+00:00
26.4,88,1003.4,9.6,0,2026-04-27 01:00:00+00:00
27.0,85,1003.8,8.9,0,2026-04-27 02:00:00+00:00
28.8,75,1004.4,9.9,0,2026-04-27 03:00:00+00:00
30.5,65,1004.6,12.4,0,2026-04-27 04:00:00+00:00
31.8,58,1004.8,13.8,0,2026-04-27 05:00:00+00:00
32.7,54,1004.5,14.0,0,2026-04-27 06:00:00+00:00
32.8,55,1004.2,15.7,0,2026-04-27 07:00:00+00:00
33.2,53,1003.7,15.1,0,2026-04-27 08:00:00+00:00
33.3,52,1002.7,15.4,0,2026-04-27 09:00:00+00:00
32.9,55,1001.8,15.2,0,2026-04-27 10:00:00+00:00
32.5,56,1001.1,14.5,0,2026-04-27 11:00:00+00:00
31.4,58,1001.2,13.5,0,2026-04-27 12:00:00+00:00
30.5,63,1001.4,13.0,0,2026-04-27 13:00:00+00:00
29.6,69,1001.4,10.4,5,2026-04-27 14:00:00+00:00
28.9,73,1001.5,9.3,0,2026-04-27 15:00:00+00:00
28.6,75,1002.2,9.2,3,2026-04-27 16:00:00+00:00
28.5,75,1002.8,8.9,0,2026-04-27 17:00:00+00:00
28.6,75,1002.5,11.4,0,2026-04-27 18:00:00+00:00
28.4,75,1002.3,11.6,0,2026-04-27 19:00:00+00:00
27.9,77,1002.0,10.8,0,2026-04-27 20:00:00+00:00
27.5,80,1001.4,11.2,0,2026-04-27 21:00:00+00:00
27.3,80,1001.5,11.1,0,2026-04-27 22:00:00+00:00
27.1,81,1001.4,10.9,0,2026-04-27 23:00:00+00:00
27.7,79,1000.4,13.4,0,2026-04-28 00:00:00+00:00
27.5,80,1000.5,12.5,0,2026-04-28 01:00:00+00:00
27.9,78,1001.6,10.6,0,2026-04-28 02:00:00+00:00
29.5,70,1002.3,12.3,0,2026-04-28 03:00:00+00:00
31.0,61,1003.1,14.7,0,2026-04-28 04:00:00+00:00
32.1,57,1003.4,15.7,0,2026-04-28 05:00:00+00:00
32.1,57,1004.4,15.5,0,2026-04-28 06:00:00+00:00
32.6,56,1004.1,15.4,0,2026-04-28 07:00:00+00:00
32.9,54,1003.5,15.8,0,2026-04-28 08:00:00+00:00
32.9,54,1002.7,16.6,0,2026-04-28 09:00:00+00:00
32.6,55,1001.8,16.7,1,2026-04-28 10:00:00+00:00
32.2,56,1001.0,15.7,0,2026-04-28 11:00:00+00:00
31.3,59,1001.2,12.5,1,2026-04-28 12:00:00+00:00
30.6,64,1001.3,11.5,10,2026-04-28 13:00:00+00:00
29.5,70,1001.7,11.5,1,2026-04-28 14:00:00+00:00
29.0,73,1001.8,13.7,0,2026-04-28 15:00:00+00:00
28.7,74,1002.5,11.1,0,2026-04-28 16:00:00+00:00
28.6,73,1003.6,11.2,0,2026-04-28 17:00:00+00:00
28.3,75,1003.1,9.9,0,2026-04-28 18:00:00+00:00
28.0,78,1002.9,9.2,0,2026-04-28 19:00:00+00:00
27.6,81,1002.4,8.8,0,2026-04-28 20:00:00+00:00
27.4,83,1002.1,7.9,0,2026-04-28 21:00:00+00:00
27.1,85,1001.9,7.9,0,2026-04-28 22:00:00+00:00
26.9,87,1001.7,7.8,0,2026-04-28 23:00:00+00:00
26.8,89,1001.7,7.2,0,2026-04-29 00:00:00+00:00
26.7,90,1002.0,7.8,0,2026-04-29 01:00:00+00:00
27.0,89,1002.7,5.3,2,2026-04-29 02:00:00+00:00
28.5,81,1003.3,6.5,1,2026-04-29 03:00:00+00:00
30.3,70,1003.7,7.3,2,2026-04-29 04:00:00+00:00
32.0,62,1003.8,8.1,8,2026-04-29 05:00:00+00:00
32.4,63,1004.1,11.3,74,2026-04-29 06:00:00+00:00
32.4,63,1003.7,13.2,0,2026-04-29 07:00:00+00:00
32.8,60,1003.3,13.7,0,2026-04-29 08:00:00+00:00
32.9,59,1002.5,13.8,6,2026-04-29 09:00:00+00:00
32.8,58,1001.6,13.2,5,2026-04-29 10:00:00+00:00
32.3,61,1001.5,12.7,9,2026-04-29 11:00:00+00:00
31.3,64,1001.4,12.5,9,2026-04-29 12:00:00+00:00
30.5,66,1001.3,10.1,4,2026-04-29 13:00:00+00:00
29.4,70,1001.5,8.0,1,2026-04-29 14:00:00+00:00
28.8,76,1001.8,8.6,41,2026-04-29 15:00:00+00:00
28.2,83,1002.0,10.6,1,2026-04-29 16:00:00+00:00
27.9,85,1002.5,8.2,0,2026-04-29 17:00:00+00:00
27.9,86,1002.7,6.0,0,2026-04-29 18:00:00+00:00
27.8,86,1002.7,4.3,0,2026-04-29 19:00:00+00:00
27.5,87,1002.2,5.2,0,2026-04-29 20:00:00+00:00
27.2,88,1001.8,6.4,0,2026-04-29 21:00:00+00:00
27.0,89,1001.7,6.5,0,2026-04-29 22:00:00+00:00
26.8,90,1001.5,7.4,0,2026-04-29 23:00:00+00:00
26.9,92,1001.4,8.9,0,2026-04-30 00:00:00+00:00
27.0,90,1001.9,9.7,0,2026-04-30 01:00:00+00:00
27.6,87,1002.4,8.0,0,2026-04-30 02:00:00+00:00
29.2,76,1003.2,8.9,0,2026-04-30 03:00:00+00:00
31.0,64,1003.8,10.5,0,2026-04-30 04:00:00+00:00
32.4,56,1004.1,12.4,0,2026-04-30 05:00:00+00:00
33.3,52,1004.2,12.4,0,2026-04-30 06:00:00+00:00
34.0,50,1003.8,13.5,0,2026-04-30 07:00:00+00:00
33.9,52,1003.5,14.2,0,2026-04-30 08:00:00+00:00
33.7,53,1002.8,13.9,0,2026-04-30 09:00:00+00:00
33.1,56,1002.2,14.0,0,2026-04-30 10:00:00+00:00
32.6,57,1001.7,12.9,5,2026-04-30 11:00:00+00:00
31.5,61,1001.7,13.5,2,2026-04-30 12:00:00+00:00
30.8,65,1001.5,11.7,2,2026-04-30 13:00:00+00:00
29.5,73,1001.5,10.2,0,2026-04-30 14:00:00+00:00
29.0,77,1002.2,9.4,0,2026-04-30 15:00:00+00:00
28.7,79,1002.9,8.8,0,2026-04-30 16:00:00+00:00
28.3,80,1003.1,9.7,0,2026-04-30 17:00:00+00:00
28.5,77,1002.9,12.3,0,2026-04-30 18:00:00+00:00
28.5,75,1002.8,10.6,0,2026-04-30 19:00:00+00:00
28.4,74,1002.4,12.4,0,2026-04-30 20:00:00+00:00
28.5,72,1001.8,14.4,0,2026-04-30 21:00:00+00:00
28.5,71,1001.6,14.5,0,2026-04-30 22:00:00+00:00
28.4,71,1001.4,13.8,0,2026-04-30 23:00:00+00:00
28.7,71,1001.5,13.2,0,2026-05-01 00:00:00+00:00
28.8,70,1001.8,13.4,0,2026-05-01 01:00:00+00:00
29.4,68,1002.5,14.1,0,2026-05-01 02:00:00+00:00
31.0,62,1003.1,13.5,0,2026-05-01 03:00:00+00:00
32.3,56,1003.7,15.7,0,2026-05-01 04:00:00+00:00
33.4,52,1003.9,14.9,0,2026-05-01 05:00:00+00:00
34.2,52,1003.9,14.7,0,2026-05-01 06:00:00+00:00
35.1,49,1003.7,14.2,0,2026-05-01 07:00:00+00:00
35.8,46,1002.9,13.5,0,2026-05-01 08:00:00+00:00
35.9,45,1002.1,14.3,0,2026-05-01 09:00:00+00:00
35.4,46,1001.1,14.3,0,2026-05-01 10:00:00+00:00
34.4,50,1000.4,13.9,0,2026-05-01 11:00:00+00:00
32.7,55,1000.3,13.0,0,2026-05-01 12:00:00+00:00
31.7,60,999.8,13.1,0,2026-05-01 13:00:00+00:00
31.2,60,1000.2,10.7,0,2026-05-01 14:00:00+00:00
31.1,58,1000.9,8.4,0,2026-05-01 15:00:00+00:00
31.0,56,1001.4,10.9,0,2026-05-01 16:00:00+00:00
30.7,56,1002.1,10.2,0,2026-05-01 17:00:00+00:00
30.2,58,1002.5,10.2,0,2026-05-01 18:00:00+00:00
30.0,60,1001.9,12.8,0,2026-05-01 19:00:00+00:00
29.7,61,1001.3,13.5,0,2026-05-01 20:00:00+00:00
29.7,59,1000.9,13.6,0,2026-05-01 21:00:00+00:00
29.6,59,1000.6,14.6,0,2026-05-01 22:00:00+00:00
29.5,61,1000.4,15.6,0,2026-05-01 23:00:00+00:00
29.2,65,1000.1,14.1,0,2026-05-02 00:00:00+00:00
29.1,63,1000.3,12.8,0,2026-05-02 01:00:00+00:00
29.7,60,1000.9,13.5,0,2026-05-02 02:00:00+00:00
31.4,57,1001.5,13.3,0,2026-05-02 03:00:00+00:00
33.0,51,1002.0,15.5,0,2026-05-02 04:00:00+00:00
34.2,46,1002.2,17.1,0,2026-05-02 05:00:00+00:00
34.9,43,1002.8,16.1,0,2026-05-02 06:00:00+00:00
35.6,40,1002.5,17.3,0,2026-05-02 07:00:00+00:00
35.6,41,1001.8,18.9,0,2026-05-02 08:00:00+00:00
35.5,41,1001.3,19.4,0,2026-05-02 09:00:00+00:00
35.1,42,1000.5,19.1,0,2026-05-02 10:00:00+00:00
34.2,45,999.8,18.3,0,2026-05-02 11:00:00+00:00
32.9,47,999.5,17.6,0,2026-05-02 12:00:00+00:00
31.8,51,999.3,17.1,0,2026-05-02 13:00:00+00:00
30.7,56,999.5,15.2,0,2026-05-02 14:00:00+00:00
30.3,58,1000.1,13.5,0,2026-05-02 15:00:00+00:00
30.1,57,1000.7,13.5,0,2026-05-02 16:00:00+00:00
30.0,57,1001.2,13.0,0,2026-05-02 17:00:00+00:00
30.1,56,1000.9,15.5,0,2026-05-02 18:00:00+00:00
30.0,56,1000.6,14.8,0,2026-05-02 19:00:00+00:00
29.7,56,999.8,13.1,0,2026-05-02 20:00:00+00:00
29.5,56,999.7,12.7,0,2026-05-02 21:00:00+00:00
29.2,60,999.2,13.0,0,2026-05-02 22:00:00+00:00
28.8,62,999.1,11.8,0,2026-05-02 23:00:00+00:00
28.7,66,999.2,13.9,0,2026-05-03 00:00:00+00:00
28.4,67,999.7,12.2,0,2026-05-03 01:00:00+00:00
28.7,68,1000.5,10.8,0,2026-05-03 02:00:00+00:00
30.4,64,1001.3,8.1,0,2026-05-03 03:00:00+00:00
32.9,52,1001.8,6.5,0,2026-05-03 04:00:00+00:00
35.4,41,1002.3,6.8,0,2026-05-03 05:00:00+00:00
35.7,44,1002.2,10.6,0,2026-05-03 06:00:00+00:00
36.2,43,1002.2,12.6,0,2026-05-03 07:00:00+00:00
36.7,42,1001.7,13.9,0,2026-05-03 08:00:00+00:00
36.5,41,1001.2,14.4,0,2026-05-03 09:00:00+00:00
36.1,41,1000.4,13.7,0,2026-05-03 10:00:00+00:00
35.2,46,1000.0,12.9,1,2026-05-03 11:00:00+00:00
33.0,55,999.5,12.8,1,2026-05-03 12:00:00+00:00
31.5,65,999.3,10.3,0,2026-05-03 13:00:00+00:00
30.2,71,999.5,7.0,1,2026-05-03 14:00:00+00:00
29.5,73,999.7,6.1,0,2026-05-03 15:00:00+00:00
29.2,71,1001.2,16.7,0,2026-05-03 16:00:00+00:00
29.1,70,1001.6,9.9,0,2026-05-03 17:00:00+00:00
29.9,56,1001.4,10.0,0,2026-05-03 18:00:00+00:00
30.6,47,1001.1,11.2,0,2026-05-03 19:00:00+00:00
31.1,40,1000.8,13.0,0,2026-05-03 20:00:00+00:00
29.9,49,1000.2,10.2,0,2026-05-03 21:00:00+00:00
30.3,40,999.7,10.6,0,2026-05-03 22:00:00+00:00
29.5,42,1000.4,14.3,0,2026-05-03 23:00:00+00:00
29.4,44,1000.3,11.2,0,2026-05-04 00:00:00+00:00
29.1,43,1000.8,11.7,0,2026-05-04 01:00:00+00:00
30.1,35,1001.6,13.1,0,2026-05-04 02:00:00+00:00
32.6,27,1002.3,11.0,0,2026-05-04 03:00:00+00:00
35.7,17,1002.8,11.3,0,2026-05-04 04:00:00+00:00
38.7,9,1003.2,14.7,0,2026-05-04 05:00:00+00:00
40.3,7,1003.2,15.3,0,2026-05-04 06:00:00+00:00
41.0,7,1002.7,16.5,0,2026-05-04 07:00:00+00:00
41.0,7,1002.1,15.5,0,2026-05-04 08:00:00+00:00
41.2,7,1001.3,15.4,0,2026-05-04 09:00:00+00:00
40.8,8,1000.4,16.7,0,2026-05-04 10:00:00+00:00
39.4,14,999.6,16.4,0,2026-05-04 11:00:00+00:00
38.0,16,999.6,11.0,0,2026-05-04 12:00:00+00:00
36.1,23,999.6,11.1,0,2026-05-04 13:00:00+00:00
32.7,42,1000.4,12.5,0,2026-05-04 14:00:00+00:00
31.9,45,1001.1,9.0,0,2026-05-04 15:00:00+00:00
31.5,44,1001.9,5.7,0,2026-05-04 16:00:00+00:00
31.0,46,1002.8,6.3,0,2026-05-04 17:00:00+00:00
30.4,49,1002.7,9.9,0,2026-05-04 18:00:00+00:00
30.1,49,1002.8,6.9,0,2026-05-04 19:00:00+00:00
29.5,50,1002.8,5.8,0,2026-05-04 20:00:00+00:00
28.8,53,1002.6,7.4,0,2026-05-04 21:00:00+00:00
28.5,57,1002.7,10.1,0,2026-05-04 22:00:00+00:00
28.4,59,1002.6,11.4,0,2026-05-04 23:00:00+00:00
28.7,59,1002.9,10.5,0,2026-05-05 00:00:00+00:00
28.6,60,1003.4,9.1,0,2026-05-05 01:00:00+00:00
29.0,59,1004.1,6.5,0,2026-05-05 02:00:00+00:00
30.9,53,1004.6,5.1,0,2026-05-05 03:00:00+00:00
33.0,45,1005.1,5.7,0,2026-05-05 04:00:00+00:00
34.6,41,1005.6,6.9,0,2026-05-05 05:00:00+00:00
34.0,48,1006.5,12.0,0,2026-05-05 06:00:00+00:00
33.5,50,1006.7,15.2,0,2026-05-05 07:00:00+00:00
33.2,52,1006.5,16.6,1,2026-05-05 08:00:00+00:00
32.5,60,1006.3,16.9,20,2026-05-05 09:00:00+00:00
31.8,65,1005.9,16.0,12,2026-05-05 10:00:00+00:00
31.8,67,1005.5,14.5,8,2026-05-05 11:00:00+00:00
31.2,65,1005.4,13.7,0,2026-05-05 12:00:00+00:00
30.2,76,1005.5,11.3,0,2026-05-05 13:00:00+00:00
29.1,81,1005.8,9.2,0,2026-05-05 14:00:00+00:00
28.4,88,1006.2,5.9,2,2026-05-05 15:00:00+00:00
28.0,89,1006.6,6.7,0,2026-05-05 16:00:00+00:00
27.6,90,1007.1,5.4,2,2026-05-05 17:00:00+00:00
27.3,95,1007.1,7.6,25,2026-05-05 18:00:00+00:00
27.4,93,1007.2,10.7,66,2026-05-05 19:00:00+00:00
27.1,94,1006.9,8.9,35,2026-05-05 20:00:00+00:00
26.9,94,1006.6,5.8,9,2026-05-05 21:00:00+00:00
26.7,94,1006.4,3.3,5,2026-05-05 22:00:00+00:00
26.4,95,1006.4,1.1,7,2026-05-05 23:00:00+00:00
25.6,98,1006.7,5.4,68,2026-05-06 00:00:00+00:00
25.4,96,1007.0,4.8,76,2026-05-06 01:00:00+00:00
25.5,93,1007.5,3.5,40,2026-05-06 02:00:00+00:00
27.4,79,1007.8,2.1,1,2026-05-06 03:00:00+00:00
30.6,60,1008.0,1.5,0,2026-05-06 04:00:00+00:00
33.4,49,1008.0,5.4,0,2026-05-06 05:00:00+00:00
32.5,63,1008.2,13.4,0,2026-05-06 06:00:00+00:00
32.5,61,1007.8,14.0,0,2026-05-06 07:00:00+00:00
32.6,60,1007.2,15.3,0,2026-05-06 08:00:00+00:00
32.2,61,1006.7,16.4,0,2026-05-06 09:00:00+00:00
31.8,61,1005.9,15.1,1,2026-05-06 10:00:00+00:00
31.5,60,1005.3,15.2,0,2026-05-06 11:00:00+00:00
30.5,62,1005.3,12.6,0,2026-05-06 12:00:00+00:00
29.8,67,1004.6,11.4,9,2026-05-06 13:00:00+00:00
27.9,82,1004.1,10.6,5,2026-05-06 14:00:00+00:00
27.5,84,1005.0,11.2,25,2026-05-06 15:00:00+00:00
27.6,85,1005.7,9.4,10,2026-05-06 16:00:00+00:00
27.3,87,1005.9,7.6,9,2026-05-06 17:00:00+00:00
27.5,88,1005.9,9.1,7,2026-05-06 18:00:00+00:00
27.3,89,1005.2,7.7,2,2026-05-06 19:00:00+00:00
27.1,90,1004.4,7.6,2,2026-05-06 20:00:00+00:00
26.9,92,1004.2,8.5,2,2026-05-06 21:00:00+00:00
26.5,95,1003.7,9.6,20,2026-05-06 22:00:00+00:00
26.3,96,1003.8,9.4,16,2026-05-06 23:00:00+00:00
26.5,94,1003.8,12.5,5,2026-05-07 00:00:00+00:00
26.7,93,1004.0,12.8,20,2026-05-07 01:00:00+00:00
27.4,89,1004.6,14.2,21,2026-05-07 02:00:00+00:00
28.8,78,1005.1,15.1,40,2026-05-07 03:00:00+00:00
30.2,70,1005.3,15.5,37,2026-05-07 04:00:00+00:00
31.2,64,1005.4,15.7,13,2026-05-07 05:00:00+00:00
31.9,63,1005.5,16.1,23,2026-05-07 06:00:00+00:00
32.3,61,1005.3,15.8,5,2026-05-07 07:00:00+00:00
32.5,59,1005.1,16.1,6,2026-05-07 08:00:00+00:00
32.1,61,1004.7,16.6,11,2026-05-07 09:00:00+00:00
31.6,65,1004.3,16.5,12,2026-05-07 10:00:00+00:00
31.0,68,1004.0,15.7,7,2026-05-07 11:00:00+00:00
30.2,74,1003.5,17.1,0,2026-05-07 12:00:00+00:00
29.6,78,1003.5,16.7,0,2026-05-07 13:00:00+00:00
28.8,83,1003.9,14.2,8,2026-05-07 14:00:00+00:00
28.6,85,1003.8,13.9,5,2026-05-07 15:00:00+00:00
28.4,87,1004.3,14.9,4,2026-05-07 16:00:00+00:00
28.2,88,1005.6,10.5,5,2026-05-07 17:00:00+00:00
28.2,89,1005.7,8.8,2,2026-05-07 18:00:00+00:00
28.1,88,1005.6,6.5,6,2026-05-07 19:00:00+00:00
27.8,90,1004.7,7.9,1,2026-05-07 20:00:00+00:00
27.5,91,1004.0,8.4,1,2026-05-07 21:00:00+00:00
27.3,92,1003.7,7.6,0,2026-05-07 22:00:00+00:00
27.1,93,1003.4,7.3,1,2026-05-07 23:00:00+00:00
26.9,95,1003.8,6.5,13,2026-05-08 00:00:00+00:00
27.0,95,1004.3,7.2,22,2026-05-08 01:00:00+00:00
27.6,90,1004.9,8.1,24,2026-05-08 02:00:00+00:00
28.7,83,1005.3,8.6,18,2026-05-08 03:00:00+00:00
30.1,74,1005.9,7.9,22,2026-05-08 04:00:00+00:00
31.3,67,1006.0,8.1,16,2026-05-08 05:00:00+00:00
31.6,67,1006.3,12.0,15,2026-05-08 06:00:00+00:00
32.1,65,1006.2,13.6,7,2026-05-08 07:00:00+00:00
32.1,65,1006.1,14.2,10,2026-05-08 08:00:00+00:00
31.9,65,1005.9,14.3,19,2026-05-08 09:00:00+00:00
31.7,66,1005.4,13.9,4,2026-05-08 10:00:00+00:00
31.4,68,1005.0,13.3,3,2026-05-08 11:00:00+00:00
30.8,69,1005.0,13.0,0,2026-05-08 12:00:00+00:00
30.0,76,1005.2,12.3,1,2026-05-08 13:00:00+00:00
29.2,82,1005.6,12.6,0,2026-05-08 14:00:00+00:00
28.9,85,1006.0,11.7,15,2026-05-08 15:00:00+00:00
28.6,87,1006.5,12.1,14,2026-05-08 16:00:00+00:00
28.4,88,1006.8,13.0,13,2026-05-08 17:00:00+00:00
28.5,88,1006.9,12.5,40,2026-05-08 18:00:00+00:00
28.4,88,1007.0,10.5,40,2026-05-08 19:00:00+00:00
28.3,87,1006.9,8.7,43,2026-05-08 20:00:00+00:00
27.8,92,1006.2,8.0,50,2026-05-08 21:00:00+00:00
27.4,95,1005.8,7.2,20,2026-05-08 22:00:00+00:00
27.2,97,1006.0,5.9,25,2026-05-08 23:00:00+00:00
27.0,97,1006.1,6.0,17,2026-05-09 00:00:00+00:00
27.1,96,1006.8,4.5,98,2026-05-09 01:00:00+00:00
27.5,92,1007.4,3.6,35,2026-05-09 02:00:00+00:00
28.8,82,1008.1,5.3,6,2026-05-09 03:00:00+00:00
30.1,74,1008.4,7.5,11,2026-05-09 04:00:00+00:00
31.1,68,1008.5,10.3,5,2026-05-09 05:00:00+00:00
31.5,65,1008.5,12.2,2,2026-05-09 06:00:00+00:00
32.0,63,1008.0,13.4,5,2026-05-09 07:00:00+00:00
32.1,64,1007.7,13.8,5,2026-05-09 08:00:00+00:00
32.0,64,1007.0,14.4,2,2026-05-09 09:00:00+00:00
31.8,66,1006.4,14.6,13,2026-05-09 10:00:00+00:00
31.4,67,1005.9,14.2,10,2026-05-09 11:00:00+00:00
30.6,71,1005.9,13.6,2,2026-05-09 12:00:00+00:00
29.8,75,1005.8,12.4,1,2026-05-09 13:00:00+00:00
28.9,81,1006.2,11.1,2,2026-05-09 14:00:00+00:00
28.4,86,1006.5,10.1,8,2026-05-09 15:00:00+00:00
28.2,87,1007.0,9.6,8,2026-05-09 16:00:00+00:00
28.0,89,1007.3,9.2,7,2026-05-09 17:00:00+00:00
28.0,90,1007.1,8.7,0,2026-05-09 18:00:00+00:00
27.9,90,1006.8,10.1,2,2026-05-09 19:00:00+00:00
27.6,90,1006.5,9.6,20,2026-05-09 20:00:00+00:00
27.5,90,1006.1,9.6,24,2026-05-09 21:00:00+00:00
27.2,92,1006.0,9.1,10,2026-05-09 22:00:00+00:00
27.0,93,1005.6,9.1,34,2026-05-09 23:00:00+00:00
26.9,94,1005.5,8.6,16,2026-05-10 00:00:00+00:00
27.1,93,1005.9,8.3,11,2026-05-10 01:00:00+00:00
27.7,89,1006.5,8.5,10,2026-05-10 02:00:00+00:00
29.0,80,1007.3,9.0,11,2026-05-10 03:00:00+00:00
30.2,73,1007.4,10.5,10,2026-05-10 04:00:00+00:00
31.0,69,1007.6,12.7,16,2026-05-10 05:00:00+00:00
31.5,67,1007.5,13.3,13,2026-05-10 06:00:00+00:00
32.3,61,1007.2,14.4,2,2026-05-10 07:00:00+00:00
32.5,61,1006.7,15.3,2,2026-05-10 08:00:00+00:00
32.4,61,1005.9,15.9,1,2026-05-10 09:00:00+00:00
32.0,64,1005.0,16.0,1,2026-05-10 10:00:00+00:00
31.7,66,1004.5,15.5,0,2026-05-10 11:00:00+00:00
30.9,68,1004.2,13.2,0,2026-05-10 12:00:00+00:00
30.2,72,1004.2,11.7,0,2026-05-10 13:00:00+00:00
29.5,78,1004.7,10.1,0,2026-05-10 14:00:00+00:00
29.0,82,1005.1,9.1,0,2026-05-10 15:00:00+00:00
28.6,84,1005.3,9.5,0,2026-05-10 16:00:00+00:00
28.2,87,1005.7,8.4,0,2026-05-10 17:00:00+00:00
28.2,89,1005.7,8.6,0,2026-05-10 18:00:00+00:00
28.1,89,1005.5,9.6,2,2026-05-10 19:00:00+00:00
27.8,91,1004.8,8.1,4,2026-05-10 20:00:00+00:00
27.5,93,1004.6,8.5,3,2026-05-10 21:00:00+00:00
27.3,94,1004.3,8.7,3,2026-05-10 22:00:00+00:00
27.1,94,1004.2,7.4,10,2026-05-10 23:00:00+00:00
26.9,95,1004.1,7.7,30,2026-05-11 00:00:00+00:00
27.1,95,1004.6,8.7,35,2026-05-11 01:00:00+00:00
27.9,89,1005.3,9.3,16,2026-05-11 02:00:00+00:00
29.0,81,1006.1,10.2,30,2026-05-11 03:00:00+00:00
30.2,73,1006.4,12.0,38,2026-05-11 04:00:00+00:00
31.0,70,1006.5,13.4,23,2026-05-11 05:00:00+00:00
31.8,67,1006.7,14.8,30,2026-05-11 06:00:00+00:00
32.6,63,1006.3,15.6,41,2026-05-11 07:00:00+00:00
32.8,63,1005.8,15.6,15,2026-05-11 08:00:00+00:00
32.9,62,1004.9,14.3,4,2026-05-11 09:00:00+00:00
32.8,63,1004.1,14.3,14,2026-05-11 10:00:00+00:00
32.3,66,1003.6,13.5,3,2026-05-11 11:00:00+00:00
31.4,70,1003.2,12.8,2,2026-05-11 12:00:00+00:00
30.4,75,1003.3,11.0,0,2026-05-11 13:00:00+00:00
29.5,79,1003.8,8.3,1,2026-05-11 14:00:00+00:00
29.1,83,1003.9,8.3,1,2026-05-11 15:00:00+00:00
28.7,86,1004.2,8.6,1,2026-05-11 16:00:00+00:00
28.6,86,1004.5,8.8,0,2026-05-11 17:00:00+00:00
28.5,88,1004.8,7.9,23,2026-05-11 18:00:00+00:00
28.4,88,1004.6,7.7,13,2026-05-11 19:00:00+00:00
28.2,90,1004.3,7.4,12,2026-05-11 20:00:00+00:00
28.0,92,1003.7,6.0,11,2026-05-11 21:00:00+00:00
27.8,93,1003.4,7.3,13,2026-05-11 22:00:00+00:00
27.7,93,1003.1,8.9,17,2026-05-11 23:00:00+00:00
28.0,92,1002.8,9.0,16,2026-05-12 00:00:00+00:00
28.0,92,1003.1,8.7,17,2026-05-12 01:00:00+00:00
28.6,88,1003.8,9.7,16,2026-05-12 02:00:00+00:00
29.7,80,1004.4,7.8,13,2026-05-12 03:00:00+00:00
31.1,72,1004.6,8.4,2,2026-05-12 04:00:00+00:00
32.3,67,1004.7,9.5,0,2026-05-12 05:00:00+00:00
33.8,57,1004.4,9.5,0,2026-05-12 06:00:00+00:00
34.4,54,1003.6,10.3,0,2026-05-12 07:00:00+00:00
34.9,51,1002.8,10.8,0,2026-05-12 08:00:00+00:00
34.8,52,1002.0,12.0,0,2026-05-12 09:00:00+00:00
34.2,53,1001.1,12.5,0,2026-05-12 10:00:00+00:00
33.3,56,1000.5,12.0,22,2026-05-12 11:00:00+00:00
33.5,57,1000.4,10.3,19,2026-05-12 12:00:00+00:00
32.0,62,1000.3,9.8,51,2026-05-12 13:00:00+00:00
30.7,71,1000.9,7.0,88,2026-05-12 14:00:00+00:00
30.0,79,1001.2,9.1,75,2026-05-12 15:00:00+00:00
29.6,82,1001.5,8.4,58,2026-05-12 16:00:00+00:00
29.4,82,1002.0,7.1,10,2026-05-12 17:00:00+00:00
29.4,81,1001.9,8.4,5,2026-05-12 18:00:00+00:00
29.1,81,1001.7,6.6,6,2026-05-12 19:00:00+00:00
28.8,82,1001.3,4.6,0,2026-05-12 20:00:00+00:00
28.4,84,1000.8,2.7,0,2026-05-12 21:00:00+00:00
28.1,85,1000.3,2.4,0,2026-05-12 22:00:00+00:00
27.7,88,1000.2,4.9,0,2026-05-12 23:00:00+00:00
27.6,93,1000.3,4.7,0,2026-05-13 00:00:00+00:00
27.3,93,1000.9,5.6,0,2026-05-13 01:00:00+00:00
28.6,86,1001.4,4.0,0,2026-05-13 02:00:00+00:00
30.8,70,1002.0,5.3,0,2026-05-13 03:00:00+00:00
32.7,58,1002.4,7.2,0,2026-05-13 04:00:00+00:00
34.2,53,1002.7,8.7,0,2026-05-13 05:00:00+00:00
35.7,45,1002.6,13.1,0,2026-05-13 06:00:00+00:00
36.3,39,1002.2,17.3,0,2026-05-13 07:00:00+00:00
36.3,38,1001.8,19.8,0,2026-05-13 08:00:00+00:00
36.6,35,1001.1,20.5,0,2026-05-13 09:00:00+00:00
36.3,36,1000.5,19.9,0,2026-05-13 10:00:00+00:00
35.4,39,1000.0,20.4,0,2026-05-13 11:00:00+00:00
34.6,42,999.5,22.4,0,2026-05-13 12:00:00+00:00
33.3,46,999.4,19.5,0,2026-05-13 13:00:00+00:00
32.3,50,999.5,16.8,0,2026-05-13 14:00:00+00:00
31.8,51,1000.2,14.1,0,2026-05-13 15:00:00+00:00
31.4,53,1000.6,15.2,0,2026-05-13 16:00:00+00:00
30.9,56,1001.0,15.3,0,2026-05-13 17:00:00+00:00
30.8,58,1000.7,13.9,0,2026-05-13 18:00:00+00:00
30.3,60,1000.6,13.2,0,2026-05-13 19:00:00+00:00
29.6,66,1000.4,11.9,0,2026-05-13 20:00:00+00:00
29.1,71,1000.3,11.7,0,2026-05-13 21:00:00+00:00
28.7,75,1000.5,13.2,0,2026-05-13 22:00:00+00:00
28.5,78,1000.7,14.1,0,2026-05-13 23:00:00+00:00
28.3,84,1001.0,14.0,0,2026-05-14 00:00:00+00:00
27.9,87,1001.5,15.0,0,2026-05-14 01:00:00+00:00
28.5,86,1002.5,15.7,1,2026-05-14 02:00:00+00:00
29.6,79,1003.0,17.4,1,2026-05-14 03:00:00+00:00
30.7,73,1003.6,18.4,5,2026-05-14 04:00:00+00:00
31.5,69,1004.0,18.9,17,2026-05-14 05:00:00+00:00
32.4,64,1004.3,20.1,29,2026-05-14 06:00:00+00:00
32.6,62,1003.7,20.6,38,2026-05-14 07:00:00+00:00
32.8,62,1003.1,19.8,33,2026-05-14 08:00:00+00:00
32.7,62,1002.5,19.2,5,2026-05-14 09:00:00+00:00
32.4,63,1001.7,18.6,15,2026-05-14 10:00:00+00:00
31.6,67,1001.1,18.2,9,2026-05-14 11:00:00+00:00
31.0,69,1000.7,18.0,8,2026-05-14 12:00:00+00:00
29.8,75,1000.5,18.1,26,2026-05-14 13:00:00+00:00
29.1,78,1000.7,17.3,16,2026-05-14 14:00:00+00:00
28.9,78,1001.0,16.9,32,2026-05-14 15:00:00+00:00
28.7,80,1001.6,16.3,28,2026-05-14 16:00:00+00:00
28.5,81,1002.2,15.9,38,2026-05-14 17:00:00+00:00
28.7,82,1001.8,14.2,85,2026-05-14 18:00:00+00:00
28.6,82,1001.9,13.6,71,2026-05-14 19:00:00+00:00
28.4,84,1001.6,14.8,59,2026-05-14 20:00:00+00:00
28.3,85,1001.2,14.5,42,2026-05-14 21:00:00+00:00
28.3,85,1001.2,14.7,35,2026-05-14 22:00:00+00:00
28.2,85,1001.2,16.0,40,2026-05-14 23:00:00+00:00
28.5,80,1001.5,15.4,30,2026-05-15 00:00:00+00:00
28.3,80,1002.0,14.2,29,2026-05-15 01:00:00+00:00
28.9,76,1003.0,17.5,35,2026-05-15 02:00:00+00:00
29.9,68,1003.6,16.2,36,2026-05-15 03:00:00+00:00
30.9,63,1004.1,18.7,43,2026-05-15 04:00:00+00:00
31.8,60,1004.7,17.7,43,2026-05-15 05:00:00+00:00
32.4,58,1005.1,17.4,72,2026-05-15 06:00:00+00:00
32.8,56,1004.4,17.3,49,2026-05-15 07:00:00+00:00
32.9,58,1003.8,17.3,40,2026-05-15 08:00:00+00:00
32.8,59,1003.1,16.9,48,2026-05-15 09:00:00+00:00
32.5,62,1002.2,16.4,26,2026-05-15 10:00:00+00:00
32.0,64,1001.5,16.1,42,2026-05-15 11:00:00+00:00
31.5,66,1001.3,15.3,0,2026-05-15 12:00:00+00:00
30.4,72,1001.2,14.5,1,2026-05-15 13:00:00+00:00
29.5,79,1001.6,13.4,2,2026-05-15 14:00:00+00:00
29.0,83,1002.1,12.1,3,2026-05-15 15:00:00+00:00
28.7,84,1002.7,11.3,3,2026-05-15 16:00:00+00:00
28.5,85,1003.2,11.7,9,2026-05-15 17:00:00+00:00
28.7,83,1003.3,12.8,33,2026-05-15 18:00:00+00:00
28.5,84,1003.3,13.7,19,2026-05-15 19:00:00+00:00
28.2,85,1002.8,12.6,26,2026-05-15 20:00:00+00:00
28.0,86,1002.4,10.9,41,2026-05-15 21:00:00+00:00
27.9,86,1002.7,10.6,40,2026-05-15 22:00:00+00:00
27.8,86,1003.2,9.1,34,2026-05-15 23:00:00+00:00
27.7,86,1003.5,9.6,31,2026-05-16 00:00:00+00:00
27.6,86,1003.8,9.0,4,2026-05-16 01:00:00+00:00
28.5,79,1004.3,8.8,7,2026-05-16 02:00:00+00:00
29.7,71,1004.8,9.8,23,2026-05-16 03:00:00+00:00
31.0,65,1005.3,10.8,20,2026-05-16 04:00:00+00:00
31.8,61,1005.2,11.8,20,2026-05-16 05:00:00+00:00
32.8,58,1005.1,12.8,26,2026-05-16 06:00:00+00:00
33.0,57,1004.7,14.2,1,2026-05-16 07:00:00+00:00
33.3,55,1004.3,13.4,0,2026-05-16 08:00:00+00:00
33.2,55,1004.0,13.9,0,2026-05-16 09:00:00+00:00
32.6,57,1003.6,14.3,0,2026-05-16 10:00:00+00:00
31.8,61,1003.2,14.4,0,2026-05-16 11:00:00+00:00
31.2,63,1003.2,13.1,0,2026-05-16 12:00:00+00:00
30.0,69,1003.4,12.6,0,2026-05-16 13:00:00+00:00
28.9,76,1003.5,11.5,0,2026-05-16 14:00:00+00:00
28.5,80,1004.2,10.4,0,2026-05-16 15:00:00+00:00
28.2,83,1004.8,9.3,6,2026-05-16 16:00:00+00:00
28.0,84,1005.4,9.9,21,2026-05-16 17:00:00+00:00
28.1,85,1005.2,11.2,18,2026-05-16 18:00:00+00:00
27.8,87,1005.2,11.9,20,2026-05-16 19:00:00+00:00
27.4,89,1004.8,11.5,30,2026-05-16 20:00:00+00:00
27.2,88,1004.6,11.9,37,2026-05-16 21:00:00+00:00
27.1,88,1004.5,11.7,30,2026-05-16 22:00:00+00:00
27.0,87,1004.6,12.0,30,2026-05-16 23:00:00+00:00
27.1,88,1004.8,12.7,41,2026-05-17 00:00:00+00:00
27.0,88,1005.2,11.7,18,2026-05-17 01:00:00+00:00
27.7,82,1005.7,12.4,1,2026-05-17 02:00:00+00:00
28.9,74,1006.2,12.3,2,2026-05-17 03:00:00+00:00
30.5,64,1006.7,12.5,0,2026-05-17 04:00:00+00:00
32.0,56,1007.0,13.1,0,2026-05-17 05:00:00+00:00
33.4,44,1007.2,13.5,0,2026-05-17 06:00:00+00:00
33.7,45,1006.9,14.5,1,2026-05-17 07:00:00+00:00
33.9,44,1006.4,14.7,1,2026-05-17 08:00:00+00:00
33.8,45,1005.8,15.2,0,2026-05-17 09:00:00+00:00
33.3,46,1005.1,15.4,0,2026-05-17 10:00:00+00:00
32.3,52,1004.6,15.3,0,2026-05-17 11:00:00+00:00
31.1,63,1004.4,15.1,0,2026-05-17 12:00:00+00:00
29.6,71,1004.4,14.6,0,2026-05-17 13:00:00+00:00
28.4,79,1004.5,13.6,7,2026-05-17 14:00:00+00:00
28.0,81,1004.7,13.4,9,2026-05-17 15:00:00+00:00
27.9,82,1005.2,14.1,13,2026-05-17 16:00:00+00:00
27.7,83,1005.7,14.3,16,2026-05-17 17:00:00+00:00
28.1,80,1005.3,14.6,44,2026-05-17 18:00:00+00:00
27.7,83,1005.1,13.7,50,2026-05-17 19:00:00+00:00
27.4,85,1004.4,13.9,38,2026-05-17 20:00:00+00:00
27.3,86,1004.0,13.9,37,2026-05-17 21:00:00+00:00
27.1,87,1003.8,13.3,44,2026-05-17 22:00:00+00:00
27.0,86,1004.0,13.3,44,2026-05-17 23:00:00+00:00
27.1,85,1003.9,14.1,42,2026-05-18 00:00:00+00:00
27.2,82,1004.0,14.6,52,2026-05-18 01:00:00+00:00
27.9,76,1004.5,17.0,30,2026-05-18 02:00:00+00:00
28.8,71,1005.0,18.0,24,2026-05-18 03:00:00+00:00
30.0,65,1005.3,18.4,16,2026-05-18 04:00:00+00:00
31.0,61,1005.4,17.5,5,2026-05-18 05:00:00+00:00
32.0,58,1005.3,18.4,8,2026-05-18 06:00:00+00:00
32.2,57,1005.1,19.1,2,2026-05-18 07:00:00+00:00
32.2,56,1004.6,19.6,0,2026-05-18 08:00:00+00:00
32.1,59,1004.2,19.6,5,2026-05-18 09:00:00+00:00
31.7,62,1003.7,19.7,2,2026-05-18 10:00:00+00:00
31.3,64,1003.1,19.8,4,2026-05-18 11:00:00+00:00
30.8,66,1002.4,18.9,1,2026-05-18 12:00:00+00:00
29.6,72,1002.5,18.4,5,2026-05-18 13:00:00+00:00
28.8,77,1002.5,17.6,27,2026-05-18 14:00:00+00:00
28.6,79,1002.7,16.9,8,2026-05-18 15:00:00+00:00
28.5,79,1003.1,17.9,23,2026-05-18 16:00:00+00:00
28.5,80,1003.4,17.0,30,2026-05-18 17:00:00+00:00
28.6,80,1003.1,16.4,24,2026-05-18 18:00:00+00:00
28.4,81,1003.1,17.3,27,2026-05-18 19:00:00+00:00
28.3,83,1002.4,15.1,31,2026-05-18 20:00:00+00:00
28.3,82,1002.1,15.6,19,2026-05-18 21:00:00+00:00
28.2,81,1001.8,15.9,38,2026-05-18 22:00:00+00:00
28.2,82,1001.8,16.6,25,2026-05-18 23:00:00+00:00
28.3,82,1001.9,16.8,31,2026-05-19 00:00:00+00:00
28.3,82,1002.3,17.2,32,2026-05-19 01:00:00+00:00
29.0,79,1003.0,19.7,30,2026-05-19 02:00:00+00:00
30.0,72,1003.4,21.3,38,2026-05-19 03:00:00+00:00
31.0,67,1003.9,21.2,20,2026-05-19 04:00:00+00:00
31.9,66,1004.1,20.2,2,2026-05-19 05:00:00+00:00
32.8,63,1004.2,19.6,0,2026-05-19 06:00:00+00:00
33.0,63,1003.8,19.5,0,2026-05-19 07:00:00+00:00
33.1,63,1003.1,19.6,0,2026-05-19 08:00:00+00:00
32.9,65,1002.5,19.2,1,2026-05-19 09:00:00+00:00
32.5,67,1002.0,18.6,1,2026-05-19 10:00:00+00:00
31.9,71,1001.4,17.7,0,2026-05-19 11:00:00+00:00
31.6,70,1001.3,17.1,0,2026-05-19 12:00:00+00:00
30.4,76,1001.4,16.1,0,2026-05-19 13:00:00+00:00
29.5,82,1001.5,14.7,0,2026-05-19 14:00:00+00:00
29.1,86,1002.0,12.6,2,2026-05-19 15:00:00+00:00
28.9,87,1002.5,10.1,5,2026-05-19 16:00:00+00:00
28.7,87,1003.2,9.9,13,2026-05-19 17:00:00+00:00
28.9,87,1003.2,10.7,6,2026-05-19 18:00:00+00:00
28.5,90,1003.0,11.2,16,2026-05-19 19:00:00+00:00
28.2,91,1002.5,11.8,19,2026-05-19 20:00:00+00:00
28.0,92,1002.3,12.1,16,2026-05-19 21:00:00+00:00
27.8,93,1002.1,11.3,23,2026-05-19 22:00:00+00:00
27.7,93,1002.2,12.1,13,2026-05-19 23:00:00+00:00
27.9,90,1002.4,13.0,18,2026-05-20 00:00:00+00:00
27.8,89,1002.9,14.0,17,2026-05-20 01:00:00+00:00
28.5,82,1003.7,16.0,11,2026-05-20 02:00:00+00:00
29.5,75,1004.1,15.4,4,2026-05-20 03:00:00+00:00
30.4,70,1004.5,15.8,9,2026-05-20 04:00:00+00:00
31.2,67,1004.7,16.4,10,2026-05-20 05:00:00+00:00
32.6,63,1004.5,17.0,1,2026-05-20 06:00:00+00:00
33.1,58,1004.2,17.1,0,2026-05-20 07:00:00+00:00
33.3,56,1003.6,17.4,2,2026-05-20 08:00:00+00:00
33.2,57,1003.0,17.0,2,2026-05-20 09:00:00+00:00
32.8,59,1002.4,16.7,4,2026-05-20 10:00:00+00:00
32.1,64,1001.8,16.9,8,2026-05-20 11:00:00+00:00
31.6,63,1001.7,15.8,0,2026-05-20 12:00:00+00:00
30.4,71,1001.5,14.6,9,2026-05-20 13:00:00+00:00
29.4,78,1001.8,12.5,0,2026-05-20 14:00:00+00:00
28.9,83,1002.2,11.8,0,2026-05-20 15:00:00+00:00
28.6,85,1002.7,12.0,1,2026-05-20 16:00:00+00:00
28.5,86,1003.3,13.2,16,2026-05-20 17:00:00+00:00
28.8,85,1003.3,16.3,26,2026-05-20 18:00:00+00:00
28.7,84,1003.1,15.3,23,2026-05-20 19:00:00+00:00
28.3,88,1002.7,14.0,24,2026-05-20 20:00:00+00:00
28.2,88,1002.4,14.2,21,2026-05-20 21:00:00+00:00
28.2,86,1002.3,14.1,41,2026-05-20 22:00:00+00:00
28.3,83,1002.4,13.7,56,2026-05-20 23:00:00+00:00
28.3,84,1002.4,12.5,26,2026-05-21 00:00:00+00:00
28.1,84,1003.0,12.1,23,2026-05-21 01:00:00+00:00
28.7,80,1003.6,13.6,20,2026-05-21 02:00:00+00:00
29.8,74,1004.2,14.9,13,2026-05-21 03:00:00+00:00
30.9,67,1004.4,15.5,15,2026-05-21 04:00:00+00:00
31.6,65,1004.6,15.9,21,2026-05-21 05:00:00+00:00
32.5,62,1004.6,15.9,25,2026-05-21 06:00:00+00:00
32.5,63,1004.4,15.9,8,2026-05-21 07:00:00+00:00
32.6,63,1003.9,16.6,12,2026-05-21 08:00:00+00:00
32.4,64,1003.3,16.7,14,2026-05-21 09:00:00+00:00
32.1,65,1002.9,17.1,29,2026-05-21 10:00:00+00:00
31.7,66,1002.5,16.1,26,2026-05-21 11:00:00+00:00
31.6,66,1002.5,15.3,15,2026-05-21 12:00:00+00:00
30.6,70,1002.7,15.4,27,2026-05-21 13:00:00+00:00
29.9,73,1003.2,15.0,24,2026-05-21 14:00:00+00:00
29.6,75,1003.7,14.4,23,2026-05-21 15:00:00+00:00
29.3,78,1004.3,13.2,9,2026-05-21 16:00:00+00:00
29.0,81,1004.8,12.7,14,2026-05-21 17:00:00+00:00
29.0,81,1004.9,13.3,24,2026-05-21 18:00:00+00:00
28.7,82,1004.9,13.0,27,2026-05-21 19:00:00+00:00
28.5,84,1004.7,12.2,19,2026-05-21 20:00:00+00:00
28.3,85,1004.4,11.3,17,2026-05-21 21:00:00+00:00
28.1,87,1004.7,10.6,27,2026-05-21 22:00:00+00:00
27.9,88,1004.9,9.7,15,2026-05-21 23:00:00+00:00
28.1,86,1004.9,9.6,8,2026-05-22 00:00:00+00:00
27.9,87,1005.4,9.7,4,2026-05-22 01:00:00+00:00
28.7,82,1006.3,10.2,9,2026-05-22 02:00:00+00:00
29.9,75,1006.9,10.5,13,2026-05-22 03:00:00+00:00
30.9,70,1007.4,10.8,18,2026-05-22 04:00:00+00:00
31.7,67,1007.7,11.8,20,2026-05-22 05:00:00+00:00
32.4,63,1007.7,11.7,19,2026-05-22 06:00:00+00:00
32.7,61,1007.4,12.4,3,2026-05-22 07:00:00+00:00
33.0,59,1006.8,13.2,0,2026-05-22 08:00:00+00:00
32.9,60,1006.1,14.1,0,2026-05-22 09:00:00+00:00
32.4,62,1005.6,15.2,0,2026-05-22 10:00:00+00:00
31.5,66,1005.4,15.6,0,2026-05-22 11:00:00+00:00
31.3,70,1005.3,13.7,2,2026-05-22 12:00:00+00:00
30.1,75,1005.6,13.7,14,2026-05-22 13:00:00+00:00
29.6,78,1006.0,13.1,27,2026-05-22 14:00:00+00:00
29.4,79,1006.5,14.8,35,2026-05-22 15:00:00+00:00
29.2,79,1006.8,15.7,21,2026-05-22 16:00:00+00:00
29.1,79,1007.4,14.5,34,2026-05-22 17:00:00+00:00
29.1,80,1007.5,14.3,26,2026-05-22 18:00:00+00:00
29.0,80,1007.5,13.7,62,2026-05-22 19:00:00+00:00
28.8,81,1007.3,12.8,28,2026-05-22 20:00:00+00:00
28.5,83,1007.2,11.8,8,2026-05-22 21:00:00+00:00
28.4,82,1007.1,10.7,10,2026-05-22 22:00:00+00:00
28.2,82,1007.2,10.0,18,2026-05-22 23:00:00+00:00
28.0,82,1007.0,10.3,5,2026-05-23 00:00:00+00:00
27.7,84,1007.4,10.0,3,2026-05-23 01:00:00+00:00
28.3,78,1007.8,10.3,0,2026-05-23 02:00:00+00:00
29.4,73,1008.3,9.9,1,2026-05-23 03:00:00+00:00
30.6,66,1008.8,10.7,2,2026-05-23 04:00:00+00:00
31.6,62,1009.0,12.0,2,2026-05-23 05:00:00+00:00
32.3,60,1008.7,12.8,2,2026-05-23 06:00:00+00:00
32.6,58,1008.4,13.4,0,2026-05-23 07:00:00+00:00
32.5,58,1007.9,14.4,0,2026-05-23 08:00:00+00:00
32.0,62,1007.4,15.5,2,2026-05-23 09:00:00+00:00
31.5,65,1007.0,16.4,2,2026-05-23 10:00:00+00:00
31.0,67,1006.5,16.7,9,2026-05-23 11:00:00+00:00
30.9,67,1006.3,15.8,10,2026-05-23 12:00:00+00:00
29.9,71,1006.1,14.9,8,2026-05-23 13:00:00+00:00
29.0,76,1006.1,14.0,9,2026-05-23 14:00:00+00:00
28.6,78,1006.4,13.4,35,2026-05-23 15:00:00+00:00
28.6,77,1007.0,13.9,27,2026-05-23 16:00:00+00:00
28.5,78,1007.6,14.3,27,2026-05-23 17:00:00+00:00
28.5,79,1007.5,14.0,30,2026-05-23 18:00:00+00:00
28.2,80,1007.2,13.6,41,2026-05-23 19:00:00+00:00
28.0,82,1006.7,14.3,23,2026-05-23 20:00:00+00:00
27.8,82,1006.3,14.6,51,2026-05-23 21:00:00+00:00
27.8,81,1006.0,14.6,51,2026-05-23 22:00:00+00:00
27.8,79,1006.4,14.2,50,2026-05-23 23:00:00+00:00
27.9,81,1006.7,14.8,13,2026-05-24 00:00:00+00:00
28.0,78,1007.2,14.5,2,2026-05-24 01:00:00+00:00
28.8,73,1007.9,15.6,6,2026-05-24 02:00:00+00:00
29.7,70,1008.4,17.7,15,2026-05-24 03:00:00+00:00
30.7,65,1008.7,18.3,28,2026-05-24 04:00:00+00:00
31.5,61,1008.8,18.8,30,2026-05-24 05:00:00+00:00
32.4,60,1008.7,19.8,36,2026-05-24 06:00:00+00:00
32.7,58,1008.3,20.0,52,2026-05-24 07:00:00+00:00
32.6,59,1007.6,19.2,7,2026-05-24 08:00:00+00:00
32.9,59,1006.8,18.8,1,2026-05-24 09:00:00+00:00
32.5,62,1005.9,18.7,0,2026-05-24 10:00:00+00:00
31.8,66,1005.6,18.6,0,2026-05-24 11:00:00+00:00
31.1,67,1005.5,18.3,0,2026-05-24 12:00:00+00:00
30.0,72,1005.4,17.2,0,2026-05-24 13:00:00+00:00
29.1,79,1005.7,16.4,6,2026-05-24 14:00:00+00:00
28.8,81,1006.0,17.6,18,2026-05-24 15:00:00+00:00
28.8,80,1006.4,18.2,39,2026-05-24 16:00:00+00:00
28.8,81,1007.1,16.9,23,2026-05-24 17:00:00+00:00
28.9,79,1007.1,17.4,38,2026-05-24 18:00:00+00:00
28.7,80,1006.7,17.6,34,2026-05-24 19:00:00+00:00
28.8,78,1006.1,17.4,29,2026-05-24 20:00:00+00:00
28.6,81,1005.8,17.6,20,2026-05-24 21:00:00+00:00
28.4,82,1005.4,17.7,34,2026-05-24 22:00:00+00:00
28.4,81,1005.2,17.1,27,2026-05-24 23:00:00+00:00
28.1,87,1005.4,16.2,28,2026-05-25 00:00:00+00:00
28.2,87,1005.4,15.8,46,2026-05-25 01:00:00+00:00
29.0,82,1006.0,17.6,32,2026-05-25 02:00:00+00:00
30.2,74,1006.4,18.0,53,2026-05-25 03:00:00+00:00
31.3,69,1006.8,18.4,100,2026-05-25 04:00:00+00:00
32.0,66,1007.0,17.3,94,2026-05-25 05:00:00+00:00
32.4,66,1006.8,18.0,94,2026-05-25 06:00:00+00:00
32.6,65,1006.5,19.0,91,2026-05-25 07:00:00+00:00
32.9,64,1005.7,20.3,73,2026-05-25 08:00:00+00:00
32.9,65,1004.9,20.2,32,2026-05-25 09:00:00+00:00
32.4,68,1004.1,19.8,13,2026-05-25 10:00:00+00:00
31.8,72,1003.5,18.6,5,2026-05-25 11:00:00+00:00
31.6,72,1003.2,16.9,2,2026-05-25 12:00:00+00:00
30.5,78,1003.2,13.9,5,2026-05-25 13:00:00+00:00
29.6,83,1003.6,13.0,13,2026-05-25 14:00:00+00:00
29.4,84,1004.0,12.7,36,2026-05-25 15:00:00+00:00
29.3,85,1004.3,11.3,34,2026-05-25 16:00:00+00:00
29.0,87,1004.7,10.2,30,2026-05-25 17:00:00+00:00
29.3,87,1004.9,10.3,16,2026-05-25 18:00:00+00:00
28.8,90,1004.6,10.5,17,2026-05-25 19:00:00+00:00
28.6,92,1004.4,10.6,8,2026-05-25 20:00:00+00:00
28.3,93,1003.9,12.7,11,2026-05-25 21:00:00+00:00
28.2,93,1003.6,13.3,13,2026-05-25 22:00:00+00:00
28.1,93,1003.6,13.5,18,2026-05-25 23:00:00+00:00
28.1,93,1003.8,13.2,20,2026-05-26 00:00:00+00:00
28.0,94,1004.1,12.7,23,2026-05-26 01:00:00+00:00
28.8,88,1004.8,13.3,25,2026-05-26 02:00:00+00:00
30.1,80,1005.3,12.0,16,2026-05-26 03:00:00+00:00
31.1,75,1005.5,11.4,14,2026-05-26 04:00:00+00:00
32.2,71,1005.8,11.3,6,2026-05-26 05:00:00+00:00
33.3,66,1005.7,13.5,4,2026-05-26 06:00:00+00:00
33.7,63,1005.4,14.5,0,2026-05-26 07:00:00+00:00
33.8,63,1004.9,15.7,0,2026-05-26 08:00:00+00:00
33.8,63,1004.2,16.2,0,2026-05-26 09:00:00+00:00
33.5,63,1003.4,15.9,0,2026-05-26 10:00:00+00:00
33.1,65,1003.2,15.1,0,2026-05-26 11:00:00+00:00
32.8,67,1003.2,13.4,0,2026-05-26 12:00:00+00:00
31.3,74,1003.1,12.2,2,2026-05-26 13:00:00+00:00
30.1,81,1003.6,12.0,5,2026-05-26 14:00:00+00:00
29.5,84,1004.0,10.8,1,2026-05-26 15:00:00+00:00
29.2,87,1004.5,10.2,1,2026-05-26 16:00:00+00:00
29.0,88,1005.2,9.4,0,2026-05-26 17:00:00+00:00
28.9,90,1005.6,8.0,0,2026-05-26 18:00:00+00:00
28.5,92,1005.5,6.6,1,2026-05-26 19:00:00+00:00
28.3,93,1005.3,6.9,2,2026-05-26 20:00:00+00:00
28.0,94,1005.0,9.2,2,2026-05-26 21:00:00+00:00
27.9,94,1004.8,10.6,15,2026-05-26 22:00:00+00:00
27.9,93,1004.9,12.4,23,2026-05-26 23:00:00+00:00
28.2,92,1005.0,13.8,30,2026-05-27 00:00:00+00:00
28.2,92,1005.3,13.9,33,2026-05-27 01:00:00+00:00
28.9,87,1006.1,13.6,27,2026-05-27 02:00:00+00:00
30.0,79,1006.7,14.0,20,2026-05-27 03:00:00+00:00
31.1,73,1007.1,14.3,26,2026-05-27 04:00:00+00:00
32.1,69,1007.1,13.9,8,2026-05-27 05:00:00+00:00
33.0,64,1007.0,14.8,1,2026-05-27 06:00:00+00:00
33.3,64,1006.5,15.8,0,2026-05-27 07:00:00+00:00
33.4,65,1005.9,16.2,1,2026-05-27 08:00:00+00:00
33.2,66,1005.2,16.7,0,2026-05-27 09:00:00+00:00
32.9,68,1004.7,16.7,0,2026-05-27 10:00:00+00:00
32.3,71,1004.4,16.2,0,2026-05-27 11:00:00+00:00
32.3,69,1004.0,15.3,0,2026-05-27 12:00:00+00:00
31.2,74,1004.1,13.5,0,2026-05-27 13:00:00+00:00
30.1,81,1004.4,11.8,0,2026-05-27 14:00:00+00:00
29.5,87,1004.6,11.6,0,2026-05-27 15:00:00+00:00
29.1,89,1004.8,12.3,2,2026-05-27 16:00:00+00:00
28.9,91,1005.4,14.0,13,2026-05-27 17:00:00+00:00
29.2,89,1005.9,12.9,16,2026-05-27 18:00:00+00:00
28.9,91,1005.8,13.4,17,2026-05-27 19:00:00+00:00
28.7,92,1005.3,14.3,15,2026-05-27 20:00:00+00:00
28.4,93,1005.1,14.0,33,2026-05-27 21:00:00+00:00
28.4,92,1004.7,14.7,20,2026-05-27 22:00:00+00:00
28.3,92,1004.3,15.0,15,2026-05-27 23:00:00+00:00
28.4,91,1004.4,15.5,23,2026-05-28 00:00:00+00:00
28.3,92,1004.9,14.7,38,2026-05-28 01:00:00+00:00
29.1,86,1005.5,15.9,27,2026-05-28 02:00:00+00:00
30.3,79,1005.7,17.1,18,2026-05-28 03:00:00+00:00
31.4,72,1006.0,17.1,35,2026-05-28 04:00:00+00:00
32.2,69,1006.1,16.9,49,2026-05-28 05:00:00+00:00
33.2,65,1006.1,16.7,13,2026-05-28 06:00:00+00:00
33.4,65,1005.7,16.4,21,2026-05-28 07:00:00+00:00
33.6,64,1005.1,16.1,38,2026-05-28 08:00:00+00:00
33.4,67,1004.3,17.5,19,2026-05-28 09:00:00+00:00
32.8,72,1003.6,17.8,18,2026-05-28 10:00:00+00:00
32.2,74,1003.0,18.0,13,2026-05-28 11:00:00+00:00
32.0,74,1002.8,16.8,13,2026-05-28 12:00:00+00:00
30.9,79,1002.7,15.7,9,2026-05-28 13:00:00+00:00
30.1,84,1003.0,15.1,2,2026-05-28 14:00:00+00:00
29.6,88,1003.5,13.8,9,2026-05-28 15:00:00+00:00
29.5,89,1004.2,12.6,24,2026-05-28 16:00:00+00:00
29.3,90,1004.6,11.9,5,2026-05-28 17:00:00+00:00
29.4,90,1004.4,13.3,2,2026-05-28 18:00:00+00:00
29.0,92,1003.9,14.4,14,2026-05-28 19:00:00+00:00
28.9,92,1003.5,13.2,7,2026-05-28 20:00:00+00:00
28.8,91,1003.4,13.1,6,2026-05-28 21:00:00+00:00
28.7,91,1003.5,12.4,16,2026-05-28 22:00:00+00:00
28.6,91,1003.1,15.1,8,2026-05-28 23:00:00+00:00
28.8,92,1003.1,15.5,11,2026-05-29 00:00:00+00:00
28.8,91,1003.6,13.8,2,2026-05-29 01:00:00+00:00
29.5,87,1004.0,13.8,5,2026-05-29 02:00:00+00:00
30.7,79,1004.3,16.2,29,2026-05-29 03:00:00+00:00
31.9,72,1004.5,15.9,79,2026-05-29 04:00:00+00:00
32.6,70,1004.3,16.0,38,2026-05-29 05:00:00+00:00
33.5,66,1004.2,16.4,19,2026-05-29 06:00:00+00:00
34.1,64,1003.6,17.3,2,2026-05-29 07:00:00+00:00
34.5,63,1002.9,17.5,0,2026-05-29 08:00:00+00:00
34.4,63,1002.1,17.2,0,2026-05-29 09:00:00+00:00
34.0,65,1001.4,17.1,0,2026-05-29 10:00:00+00:00
33.0,70,1000.7,17.3,4,2026-05-29 11:00:00+00:00
32.2,72,1000.4,17.3,2,2026-05-29 12:00:00+00:00
31.3,75,1000.5,16.4,6,2026-05-29 13:00:00+00:00
30.3,80,1000.8,15.9,1,2026-05-29 14:00:00+00:00
30.1,83,1001.2,13.6,1,2026-05-29 15:00:00+00:00
29.8,85,1001.4,12.1,0,2026-05-29 16:00:00+00:00
29.6,85,1001.9,12.2,0,2026-05-29 17:00:00+00:00
29.4,87,1001.6,11.8,0,2026-05-29 18:00:00+00:00
29.1,88,1001.4,12.5,0,2026-05-29 19:00:00+00:00
29.0,86,1001.0,14.4,0,2026-05-29 20:00:00+00:00
28.9,87,1000.7,14.1,0,2026-05-29 21:00:00+00:00
28.7,88,1000.4,14.8,0,2026-05-29 22:00:00+00:00
28.7,88,1000.3,13.5,0,2026-05-29 23:00:00+00:00
28.9,89,1000.1,13.2,0,2026-05-30 00:00:00+00:00
28.9,90,1000.4,14.5,0,2026-05-30 01:00:00+00:00
29.7,86,1001.0,14.4,0,2026-05-30 02:00:00+00:00
30.8,80,1001.4,14.8,0,2026-05-30 03:00:00+00:00
31.9,75,1001.7,14.4,4,2026-05-30 04:00:00+00:00
32.9,70,1001.7,15.7,0,2026-05-30 05:00:00+00:00
33.6,70,1001.8,18.5,0,2026-05-30 06:00:00+00:00
34.2,65,1001.4,17.9,0,2026-05-30 07:00:00+00:00
35.0,61,1001.1,15.9,0,2026-05-30 08:00:00+00:00
35.1,59,1000.5,15.8,0,2026-05-30 09:00:00+00:00
34.6,62,999.7,15.7,0,2026-05-30 10:00:00+00:00
33.7,65,999.4,15.4,5,2026-05-30 11:00:00+00:00
33.0,70,999.4,14.8,13,2026-05-30 12:00:00+00:00
31.4,78,999.3,15.6,1,2026-05-30 13:00:00+00:00
30.6,84,1000.0,14.9,1,2026-05-30 14:00:00+00:00
30.1,86,1000.7,12.5,0,2026-05-30 15:00:00+00:00
29.9,88,1001.6,11.8,7,2026-05-30 16:00:00+00:00
29.8,88,1002.2,11.9,0,2026-05-30 17:00:00+00:00
29.7,88,1002.6,13.1,5,2026-05-30 18:00:00+00:00
29.4,90,1002.5,13.4,10,2026-05-30 19:00:00+00:00
29.3,90,1002.5,14.7,13,2026-05-30 20:00:00+00:00
29.1,89,1002.1,14.6,21,2026-05-30 21:00:00+00:00
28.9,92,1001.9,13.4,10,2026-05-30 22:00:00+00:00
28.7,92,1002.0,12.5,4,2026-05-30 23:00:00+00:00
28.9,92,1001.9,14.1,11,2026-05-31 00:00:00+00:00
28.8,92,1002.8,11.8,15,2026-05-31 01:00:00+00:00
29.6,86,1003.6,11.7,27,2026-05-31 02:00:00+00:00
30.6,80,1004.3,13.4,33,2026-05-31 03:00:00+00:00
31.5,74,1004.8,15.2,64,2026-05-31 04:00:00+00:00
32.1,71,1004.9,16.6,59,2026-05-31 05:00:00+00:00
32.6,70,1005.4,16.2,52,2026-05-31 06:00:00+00:00
33.0,67,1005.4,15.9,60,2026-05-31 07:00:00+00:00
32.9,69,1005.1,16.0,54,2026-05-31 08:00:00+00:00
32.8,69,1004.5,16.1,61,2026-05-31 09:00:00+00:00
32.5,71,1003.7,17.0,58,2026-05-31 10:00:00+00:00
32.0,73,1003.4,16.9,41,2026-05-31 11:00:00+00:00
31.7,71,1003.2,16.8,41,2026-05-31 12:00:00+00:00
30.9,73,1003.2,16.0,62,2026-05-31 13:00:00+00:00
30.4,75,1003.7,15.9,61,2026-05-31 14:00:00+00:00
30.1,77,1004.3,14.3,57,2026-05-31 15:00:00+00:00
30.1,76,1005.1,13.5,49,2026-05-31 16:00:00+00:00
29.9,76,1005.8,12.5,47,2026-05-31 17:00:00+00:00
29.9,80,1005.7,12.5,24,2026-05-31 18:00:00+00:00
29.5,83,1005.5,10.2,12,2026-05-31 19:00:00+00:00
29.2,84,1005.2,10.1,14,2026-05-31 20:00:00+00:00
29.1,85,1004.5,10.8,12,2026-05-31 21:00:00+00:00
29.0,85,1004.3,11.2,15,2026-05-31 22:00:00+00:00
28.9,85,1004.2,9.9,18,2026-05-31 23:00:00+00:00
28.6,86,1004.1,6.6,23,2026-06-01 00:00:00+00:00
28.7,86,1004.8,7.0,15,2026-06-01 01:00:00+00:00
29.6,81,1005.4,8.0,14,2026-06-01 02:00:00+00:00
30.8,74,1005.8,9.0,18,2026-06-01 03:00:00+00:00
31.8,68,1006.1,10.8,40,2026-06-01 04:00:00+00:00
32.4,65,1006.3,12.5,84,2026-06-01 05:00:00+00:00
33.0,62,1006.7,11.8,90,2026-06-01 06:00:00+00:00
33.0,61,1006.5,12.4,57,2026-06-01 07:00:00+00:00
32.9,64,1005.9,14.1,9,2026-06-01 08:00:00+00:00
32.7,65,1005.3,14.8,2,2026-06-01 09:00:00+00:00
32.1,68,1004.4,14.7,16,2026-06-01 10:00:00+00:00
31.8,70,1004.1,14.4,27,2026-06-01 11:00:00+00:00
32.3,66,1003.6,13.8,36,2026-06-01 12:00:00+00:00
31.5,67,1003.6,13.2,55,2026-06-01 13:00:00+00:00
31.0,69,1003.7,14.3,14,2026-06-01 14:00:00+00:00
30.3,73,1003.8,14.0,2,2026-06-01 15:00:00+00:00
30.1,75,1004.9,12.1,42,2026-06-01 16:00:00+00:00
30.1,76,1006.2,7.7,45,2026-06-01 17:00:00+00:00
30.2,75,1005.6,5.8,23,2026-06-01 18:00:00+00:00
29.7,79,1005.0,9.0,2,2026-06-01 19:00:00+00:00
29.3,81,1003.5,16.1,2,2026-06-01 20:00:00+00:00
29.1,82,1005.6,6.3,90,2026-06-01 21:00:00+00:00
29.3,81,1004.8,6.0,17,2026-06-01 22:00:00+00:00
29.1,83,1005.0,6.7,83,2026-06-01 23:00:00+00:00
29.1,82,1005.4,10.9,8,2026-06-02 00:00:00+00:00
29.2,82,1005.9,9.9,30,2026-06-02 01:00:00+00:00
29.9,77,1006.2,11.1,21,2026-06-02 02:00:00+00:00
30.6,73,1006.3,13.5,50,2026-06-02 03:00:00+00:00
31.2,70,1006.4,13.8,45,2026-06-02 04:00:00+00:00
32.2,65,1006.4,12.6,55,2026-06-02 05:00:00+00:00
33.0,59,1007.0,9.1,39,2026-06-02 06:00:00+00:00
33.5,56,1006.4,8.6,11,2026-06-02 07:00:00+00:00
34.2,55,1005.5,9.3,2,2026-06-02 08:00:00+00:00
33.9,58,1004.6,12.2,0,2026-06-02 09:00:00+00:00
33.1,60,1003.6,12.8,0,2026-06-02 10:00:00+00:00
32.7,61,1003.2,11.2,0,2026-06-02 11:00:00+00:00
31.9,67,1002.7,14.0,2,2026-06-02 12:00:00+00:00
30.7,75,1002.7,15.1,1,2026-06-02 13:00:00+00:00
30.2,77,1003.7,10.5,5,2026-06-02 14:00:00+00:00
29.8,78,1003.9,12.4,4,2026-06-02 15:00:00+00:00
29.5,80,1004.2,12.2,7,2026-06-02 16:00:00+00:00
29.4,81,1004.3,11.4,21,2026-06-02 17:00:00+00:00
29.0,81,1003.6,11.6,8,2026-06-02 18:00:00+00:00
28.8,80,1004.3,8.8,13,2026-06-02 19:00:00+00:00
28.6,80,1004.5,6.9,9,2026-06-02 20:00:00+00:00
28.3,80,1004.3,4.5,35,2026-06-02 21:00:00+00:00
28.1,82,1004.0,2.3,8,2026-06-02 22:00:00+00:00
28.0,83,1003.5,4.1,0,2026-06-02 23:00:00+00:00
27.9,81,1002.9,2.8,2,2026-06-03 00:00:00+00:00
27.7,83,1003.2,4.0,9,2026-06-03 01:00:00+00:00
28.4,79,1004.2,8.2,23,2026-06-03 02:00:00+00:00
29.6,73,1004.1,3.6,6,2026-06-03 03:00:00+00:00
30.8,68,1004.2,6.8,1,2026-06-03 04:00:00+00:00
31.3,67,1004.2,11.7,1,2026-06-03 05:00:00+00:00
32.3,60,1004.4,10.1,0,2026-06-03 06:00:00+00:00
32.5,61,1004.1,11.2,0,2026-06-03 07:00:00+00:00
32.8,63,1003.7,11.8,2,2026-06-03 08:00:00+00:00
33.1,63,1002.9,13.1,28,2026-06-03 09:00:00+00:00
32.7,65,1002.1,14.4,33,2026-06-03 10:00:00+00:00
32.3,67,1001.5,14.5,36,2026-06-03 11:00:00+00:00
32.3,62,1001.5,13.3,8,2026-06-03 12:00:00+00:00
31.0,68,1001.1,15.0,2,2026-06-03 13:00:00+00:00
30.2,72,1000.9,16.1,2,2026-06-03 14:00:00+00:00
29.8,76,1001.0,14.0,2,2026-06-03 15:00:00+00:00
29.8,77,1001.3,10.9,5,2026-06-03 16:00:00+00:00
29.8,77,1002.1,9.7,17,2026-06-03 17:00:00+00:00
29.9,77,1002.3,11.3,23,2026-06-03 18:00:00+00:00
29.6,80,1001.9,11.5,30,2026-06-03 19:00:00+00:00
29.5,80,1001.8,11.1,26,2026-06-03 20:00:00+00:00
29.3,82,1001.0,10.5,23,2026-06-03 21:00:00+00:00
29.2,82,1000.7,9.1,11,2026-06-03 22:00:00+00:00
29.1,82,1000.4,9.6,16,2026-06-03 23:00:00+00:00
29.4,82,1000.6,11.1,52,2026-06-04 00:00:00+00:00
29.3,82,1001.1,11.4,36,2026-06-04 01:00:00+00:00
29.8,80,1001.6,12.3,24,2026-06-04 02:00:00+00:00
30.6,75,1002.0,13.6,45,2026-06-04 03:00:00+00:00
31.3,71,1002.3,13.8,70,2026-06-04 04:00:00+00:00
32.0,68,1002.6,15.3,75,2026-06-04 05:00:00+00:00
32.7,65,1002.8,15.2,100,2026-06-04 06:00:00+00:00
32.4,67,1002.5,15.4,98,2026-06-04 07:00:00+00:00
32.7,66,1002.0,14.9,97,2026-06-04 08:00:00+00:00
32.8,64,1001.0,15.8,51,2026-06-04 09:00:00+00:00
32.4,67,1000.3,16.6,15,2026-06-04 10:00:00+00:00
32.0,70,999.6,16.6,2,2026-06-04 11:00:00+00:00
31.6,71,998.9,16.8,8,2026-06-04 12:00:00+00:00
30.6,75,998.8,16.6,5,2026-06-04 13:00:00+00:00
30.3,76,999.5,14.6,47,2026-06-04 14:00:00+00:00
30.1,77,999.9,14.7,40,2026-06-04 15:00:00+00:00
30.0,78,1000.5,14.3,37,2026-06-04 16:00:00+00:00
29.8,80,1000.8,13.9,27,2026-06-04 17:00:00+00:00
29.7,82,1000.6,13.1,24,2026-06-04 18:00:00+00:00
29.4,84,1000.4,12.2,21,2026-06-04 19:00:00+00:00
29.2,85,1000.3,11.8,30,2026-06-04 20:00:00+00:00
29.0,86,999.9,10.8,31,2026-06-04 21:00:00+00:00
28.9,86,999.9,10.9,22,2026-06-04 22:00:00+00:00
28.7,87,999.7,11.8,17,2026-06-04 23:00:00+00:00
28.9,88,999.4,12.1,15,2026-06-05 00:00:00+00:00
28.8,89,1000.0,11.1,24,2026-06-05 01:00:00+00:00
29.6,84,1000.7,12.0,25,2026-06-05 02:00:00+00:00
30.7,77,1001.4,12.4,41,2026-06-05 03:00:00+00:00
31.8,71,1001.7,13.0,38,2026-06-05 04:00:00+00:00
32.8,66,1002.0,12.5,76,2026-06-05 05:00:00+00:00
33.3,64,1002.3,12.9,95,2026-06-05 06:00:00+00:00
33.2,65,1002.4,14.2,96,2026-06-05 07:00:00+00:00
33.2,65,1001.9,15.1,98,2026-06-05 08:00:00+00:00
33.1,66,1001.2,15.2,25,2026-06-05 09:00:00+00:00
32.9,66,1000.5,15.4,8,2026-06-05 10:00:00+00:00
32.4,68,1000.1,14.7,10,2026-06-05 11:00:00+00:00
32.2,67,1000.0,13.0,7,2026-06-05 12:00:00+00:00
31.1,74,999.9,13.4,6,2026-06-05 13:00:00+00:00
30.0,78,1000.2,12.7,5,2026-06-05 14:00:00+00:00
29.6,80,1000.3,12.7,48,2026-06-05 15:00:00+00:00
29.8,78,1001.1,10.2,72,2026-06-05 16:00:00+00:00
29.8,78,1002.1,8.9,77,2026-06-05 17:00:00+00:00
29.6,80,1002.4,8.4,18,2026-06-05 18:00:00+00:00
29.1,83,1002.2,8.7,15,2026-06-05 19:00:00+00:00
29.0,83,1002.0,8.6,8,2026-06-05 20:00:00+00:00
28.8,84,1001.3,9.9,14,2026-06-05 21:00:00+00:00
28.6,85,1001.1,10.4,12,2026-06-05 22:00:00+00:00
28.5,85,1001.3,10.6,14,2026-06-05 23:00:00+00:00
28.7,87,1001.3,11.1,26,2026-06-06 00:00:00+00:00
28.6,87,1001.8,11.7,31,2026-06-06 01:00:00+00:00
29.2,82,1002.4,12.4,20,2026-06-06 02:00:00+00:00
30.4,74,1003.0,11.9,16,2026-06-06 03:00:00+00:00
31.5,67,1003.3,11.6,20,2026-06-06 04:00:00+00:00
32.4,64,1003.4,13.2,25,2026-06-06 05:00:00+00:00
33.2,61,1003.8,14.8,42,2026-06-06 06:00:00+00:00
33.2,62,1003.6,15.7,32,2026-06-06 07:00:00+00:00
33.3,63,1003.0,16.3,29,2026-06-06 08:00:00+00:00
33.3,64,1002.4,16.9,38,2026-06-06 09:00:00+00:00
32.9,66,1002.0,16.7,17,2026-06-06 10:00:00+00:00
32.6,67,1001.7,16.2,3,2026-06-06 11:00:00+00:00
32.0,69,1001.5,15.2,9,2026-06-06 12:00:00+00:00
31.3,71,1001.6,15.7,30,2026-06-06 13:00:00+00:00
30.8,72,1001.8,16.9,48,2026-06-06 14:00:00+00:00
30.2,77,1001.9,18.2,5,2026-06-06 15:00:00+00:00
30.0,78,1003.0,14.4,37,2026-06-06 16:00:00+00:00
29.9,78,1003.9,13.6,49,2026-06-06 17:00:00+00:00
29.7,80,1004.0,13.1,9,2026-06-06 18:00:00+00:00
29.3,82,1003.7,12.1,5,2026-06-06 19:00:00+00:00
29.2,82,1003.4,12.4,17,2026-06-06 20:00:00+00:00
29.0,82,1002.8,12.8,40,2026-06-06 21:00:00+00:00
28.9,83,1002.8,13.1,33,2026-06-06 22:00:00+00:00
28.9,83,1002.8,14.1,44,2026-06-06 23:00:00+00:00
29.0,84,1002.7,13.5,31,2026-06-07 00:00:00+00:00
28.9,84,1003.1,13.3,20,2026-06-07 01:00:00+00:00
29.6,80,1003.5,15.1,16,2026-06-07 02:00:00+00:00
30.9,72,1003.8,15.9,64,2026-06-07 03:00:00+00:00
32.0,66,1004.2,15.9,34,2026-06-07 04:00:00+00:00
33.0,61,1004.2,15.5,31,2026-06-07 05:00:00+00:00
33.8,59,1004.5,15.5,28,2026-06-07 06:00:00+00:00
33.9,59,1004.1,16.3,29,2026-06-07 07:00:00+00:00
33.8,60,1003.7,16.5,16,2026-06-07 08:00:00+00:00
33.8,61,1003.1,16.1,2,2026-06-07 09:00:00+00:00
33.4,64,1002.4,16.8,2,2026-06-07 10:00:00+00:00
32.8,67,1002.0,16.8,2,2026-06-07 11:00:00+00:00
32.3,68,1001.8,16.5,3,2026-06-07 12:00:00+00:00
31.1,74,1002.0,16.5,5,2026-06-07 13:00:00+00:00
30.2,80,1002.2,16.4,13,2026-06-07 14:00:00+00:00
30.0,80,1002.5,18.1,41,2026-06-07 15:00:00+00:00
30.0,80,1003.3,16.6,36,2026-06-07 16:00:00+00:00
30.0,79,1003.7,14.7,38,2026-06-07 17:00:00+00:00
29.8,82,1003.4,14.4,29,2026-06-07 18:00:00+00:00
29.6,83,1003.3,12.5,15,2026-06-07 19:00:00+00:00
29.3,84,1002.8,13.0,38,2026-06-07 20:00:00+00:00
29.4,82,1002.2,13.9,28,2026-06-07 21:00:00+00:00
29.3,83,1001.6,15.1,29,2026-06-07 22:00:00+00:00
29.1,84,1001.5,15.0,22,2026-06-07 23:00:00+00:00
29.2,85,1001.2,14.8,37,2026-06-08 00:00:00+00:00
29.2,85,1001.7,14.1,66,2026-06-08 01:00:00+00:00
30.0,79,1002.2,13.7,66,2026-06-08 02:00:00+00:00
31.0,72,1002.8,15.3,23,2026-06-08 03:00:00+00:00
32.1,66,1002.9,14.2,23,2026-06-08 04:00:00+00:00
32.9,65,1002.7,15.2,46,2026-06-08 05:00:00+00:00
33.5,64,1002.8,16.9,24,2026-06-08 06:00:00+00:00
33.9,62,1002.5,17.5,34,2026-06-08 07:00:00+00:00
34.1,62,1001.8,18.0,27,2026-06-08 08:00:00+00:00
34.0,64,1001.0,18.1,14,2026-06-08 09:00:00+00:00
33.5,67,1000.8,17.7,41,2026-06-08 10:00:00+00:00
32.9,70,1000.5,18.2,22,2026-06-08 11:00:00+00:00
32.2,73,999.9,19.7,17,2026-06-08 12:00:00+00:00
31.0,78,999.6,19.5,13,2026-06-08 13:00:00+00:00
30.6,80,1000.5,15.4,73,2026-06-08 14:00:00+00:00
30.3,82,1000.7,13.6,30,2026-06-08 15:00:00+00:00
30.2,83,1001.3,13.9,38,2026-06-08 16:00:00+00:00
29.9,85,1001.8,12.5,21,2026-06-08 17:00:00+00:00
29.9,87,1001.8,13.1,11,2026-06-08 18:00:00+00:00
29.7,88,1001.4,13.6,7,2026-06-08 19:00:00+00:00
29.6,88,1000.8,14.0,9,2026-06-08 20:00:00+00:00
29.4,90,1000.3,14.7,6,2026-06-08 21:00:00+00:00
29.2,91,1000.2,14.8,6,2026-06-08 22:00:00+00:00
29.2,91,1000.0,14.2,2,2026-06-08 23:00:00+00:00
29.2,91,1000.3,16.0,9,2026-06-09 00:00:00+00:00
29.3,90,1000.6,16.4,3,2026-06-09 01:00:00+00:00
30.0,85,1000.9,19.1,22,2026-06-09 02:00:00+00:00
31.1,77,1001.2,20.4,41,2026-06-09 03:00:00+00:00
32.0,73,1001.2,19.8,25,2026-06-09 04:00:00+00:00
32.9,69,1001.3,19.2,32,2026-06-09 05:00:00+00:00
33.5,65,1001.7,20.3,30,2026-06-09 06:00:00+00:00
33.5,66,1001.2,21.8,33,2026-06-09 07:00:00+00:00
33.8,64,1000.6,20.9,1,2026-06-09 08:00:00+00:00
34.0,65,999.8,20.1,0,2026-06-09 09:00:00+00:00
33.6,66,999.3,19.0,0,2026-06-09 10:00:00+00:00
33.0,71,998.9,18.0,0,2026-06-09 11:00:00+00:00
32.5,72,999.1,17.3,1,2026-06-09 12:00:00+00:00
31.4,78,999.2,16.0,4,2026-06-09 13:00:00+00:00
30.6,83,999.5,16.1,23,2026-06-09 14:00:00+00:00
30.2,85,999.9,17.0,16,2026-06-09 15:00:00+00:00
29.9,87,1000.2,16.6,5,2026-06-09 16:00:00+00:00
29.7,87,1000.9,14.5,14,2026-06-09 17:00:00+00:00
29.7,88,1001.0,14.9,15,2026-06-09 18:00:00+00:00
29.4,90,1000.8,14.0,12,2026-06-09 19:00:00+00:00
29.2,90,1000.5,13.3,6,2026-06-09 20:00:00+00:00
29.1,90,999.8,14.1,1,2026-06-09 21:00:00+00:00
29.2,87,999.9,15.6,0,2026-06-09 22:00:00+00:00
29.1,88,999.9,16.9,0,2026-06-09 23:00:00+00:00
29.3,90,1000.0,19.2,9,2026-06-10 00:00:00+00:00
29.4,89,1000.4,20.6,12,2026-06-10 01:00:00+00:00
30.0,85,1001.0,21.3,20,2026-06-10 02:00:00+00:00
31.0,79,1001.4,21.9,31,2026-06-10 03:00:00+00:00
32.1,72,1001.5,22.7,42,2026-06-10 04:00:00+00:00
33.0,67,1001.7,22.9,38,2026-06-10 05:00:00+00:00
33.8,65,1001.7,21.0,27,2026-06-10 06:00:00+00:00
34.1,64,1001.2,21.1,36,2026-06-10 07:00:00+00:00
34.1,66,1000.6,20.7,44,2026-06-10 08:00:00+00:00
34.0,67,999.8,20.3,14,2026-06-10 09:00:00+00:00
33.8,67,999.2,18.8,0,2026-06-10 10:00:00+00:00
33.4,69,998.7,16.8,0,2026-06-10 11:00:00+00:00
32.9,71,998.6,15.8,0,2026-06-10 12:00:00+00:00
31.8,75,998.6,14.6,2,2026-06-10 13:00:00+00:00
31.0,79,998.6,11.6,6,2026-06-10 14:00:00+00:00
30.5,83,999.2,8.8,2,2026-06-10 15:00:00+00:00
30.3,84,999.8,7.3,2,2026-06-10 16:00:00+00:00
30.1,85,1000.2,10.1,4,2026-06-10 17:00:00+00:00
29.9,85,1000.5,11.1,2,2026-06-10 18:00:00+00:00
29.7,86,1000.2,12.4,0,2026-06-10 19:00:00+00:00
29.6,85,999.8,13.7,0,2026-06-10 20:00:00+00:00
29.5,86,999.3,13.8,0,2026-06-10 21:00:00+00:00
29.3,88,999.1,13.5,2,2026-06-10 22:00:00+00:00
29.2,90,999.2,14.4,1,2026-06-10 23:00:00+00:00
29.2,91,998.6,15.4,0,2026-06-11 00:00:00+00:00
29.3,90,999.3,15.7,0,2026-06-11 01:00:00+00:00
30.0,87,999.5,13.0,0,2026-06-11 02:00:00+00:00
31.6,78,1000.1,15.0,0,2026-06-11 03:00:00+00:00
33.1,71,1000.4,14.6,0,2026-06-11 04:00:00+00:00
34.7,63,1000.5,14.6,0,2026-06-11 05:00:00+00:00
35.4,57,1000.7,16.8,0,2026-06-11 06:00:00+00:00
36.3,53,1000.0,16.1,0,2026-06-11 07:00:00+00:00
36.9,50,999.5,17.8,0,2026-06-11 08:00:00+00:00
36.8,50,998.8,18.0,0,2026-06-11 09:00:00+00:00
36.3,51,998.4,17.4,0,2026-06-11 10:00:00+00:00
35.4,56,998.0,15.7,0,2026-06-11 11:00:00+00:00
34.2,63,997.6,16.1,0,2026-06-11 12:00:00+00:00
32.6,71,997.4,14.0,0,2026-06-11 13:00:00+00:00
31.8,72,998.2,6.9,3,2026-06-11 14:00:00+00:00
31.2,75,998.5,10.4,5,2026-06-11 15:00:00+00:00
31.0,74,998.9,13.6,2,2026-06-11 16:00:00+00:00
30.5,79,999.6,11.6,2,2026-06-11 17:00:00+00:00
30.3,81,999.5,12.1,5,2026-06-11 18:00:00+00:00
29.8,83,999.1,13.1,5,2026-06-11 19:00:00+00:00
29.5,86,998.9,15.8,9,2026-06-11 20:00:00+00:00
29.4,86,998.6,17.1,8,2026-06-11 21:00:00+00:00
29.2,87,998.8,18.3,2,2026-06-11 22:00:00+00:00
29.2,86,998.7,18.4,5,2026-06-11 23:00:00+00:00
29.3,86,998.9,17.8,9,2026-06-12 00:00:00+00:00
29.0,89,999.7,16.7,13,2026-06-12 01:00:00+00:00
29.8,85,1000.4,17.1,16,2026-06-12 02:00:00+00:00
30.8,79,1001.1,18.2,22,2026-06-12 03:00:00+00:00
31.8,74,1001.6,17.7,23,2026-06-12 04:00:00+00:00
32.5,71,1001.9,18.1,17,2026-06-12 05:00:00+00:00
33.5,66,1002.0,18.7,8,2026-06-12 06:00:00+00:00
33.9,64,1002.0,18.7,7,2026-06-12 07:00:00+00:00
34.2,62,1001.6,19.6,0,2026-06-12 08:00:00+00:00
33.8,66,1001.2,19.9,2,2026-06-12 09:00:00+00:00
33.7,66,1000.8,18.4,0,2026-06-12 10:00:00+00:00
33.0,70,1000.4,17.9,5,2026-06-12 11:00:00+00:00
31.9,76,999.7,19.2,2,2026-06-12 12:00:00+00:00
30.9,82,999.5,17.8,3,2026-06-12 13:00:00+00:00
30.2,86,1000.1,12.9,25,2026-06-12 14:00:00+00:00
30.0,84,1000.6,15.7,32,2026-06-12 15:00:00+00:00
30.1,83,1001.5,15.3,30,2026-06-12 16:00:00+00:00
30.0,83,1002.3,15.1,38,2026-06-12 17:00:00+00:00
30.0,79,1002.1,17.3,41,2026-06-12 18:00:00+00:00
29.9,80,1002.2,15.5,100,2026-06-12 19:00:00+00:00
29.7,81,1001.8,17.4,16,2026-06-12 20:00:00+00:00
29.4,81,1001.7,17.7,48,2026-06-12 21:00:00+00:00
29.4,81,1001.7,18.3,10,2026-06-12 22:00:00+00:00
29.1,83,1001.6,17.8,11,2026-06-12 23:00:00+00:00
29.3,80,1001.7,18.7,18,2026-06-13 00:00:00+00:00
29.4,79,1002.4,18.4,30,2026-06-13 01:00:00+00:00
30.0,76,1003.3,19.8,16,2026-06-13 02:00:00+00:00
30.8,72,1003.9,20.3,60,2026-06-13 03:00:00+00:00
31.7,66,1004.3,20.8,79,2026-06-13 04:00:00+00:00
32.5,61,1004.7,21.0,68,2026-06-13 05:00:00+00:00
32.8,58,1005.5,19.8,80,2026-06-13 06:00:00+00:00
33.1,57,1005.2,18.3,66,2026-06-13 07:00:00+00:00
33.2,58,1004.7,18.1,63,2026-06-13 08:00:00+00:00
33.4,59,1004.1,18.7,55,2026-06-13 09:00:00+00:00
33.0,61,1003.4,18.7,37,2026-06-13 10:00:00+00:00
32.5,64,1002.8,18.7,36,2026-06-13 11:00:00+00:00
32.4,65,1002.8,18.3,33,2026-06-13 12:00:00+00:00
31.1,70,1002.4,19.6,17,2026-06-13 13:00:00+00:00
30.2,74,1002.5,20.0,27,2026-06-13 14:00:00+00:00
30.1,74,1003.5,16.7,65,2026-06-13 15:00:00+00:00
30.0,75,1004.3,16.3,39,2026-06-13 16:00:00+00:00
29.8,76,1004.5,15.5,38,2026-06-13 17:00:00+00:00
29.8,78,1004.6,15.8,42,2026-06-13 18:00:00+00:00
29.5,78,1004.3,16.8,44,2026-06-13 19:00:00+00:00
29.4,77,1004.1,17.4,54,2026-06-13 20:00:00+00:00
29.3,77,1003.9,16.9,36,2026-06-13 21:00:00+00:00
29.1,78,1003.8,15.9,17,2026-06-13 22:00:00+00:00
28.9,80,1003.6,16.5,20,2026-06-13 23:00:00+00:00
29.3,78,1003.8,16.4,21,2026-06-14 00:00:00+00:00
29.3,77,1004.4,16.8,21,2026-06-14 01:00:00+00:00
29.9,72,1004.6,18.8,100,2026-06-14 02:00:00+00:00
30.3,69,1005.2,20.7,63,2026-06-14 03:00:00+00:00
31.0,65,1005.6,21.2,50,2026-06-14 04:00:00+00:00
31.8,62,1005.7,20.7,52,2026-06-14 05:00:00+00:00
32.7,58,1005.9,21.2,59,2026-06-14 06:00:00+00:00
32.7,56,1005.6,20.5,38,2026-06-14 07:00:00+00:00
32.9,58,1004.8,21.7,88,2026-06-14 08:00:00+00:00
32.2,61,1004.5,21.9,92,2026-06-14 09:00:00+00:00
32.2,61,1003.7,22.1,63,2026-06-14 10:00:00+00:00
32.1,61,1003.2,21.1,66,2026-06-14 11:00:00+00:00
31.6,64,1003.0,21.0,60,2026-06-14 12:00:00+00:00
31.1,65,1002.8,20.8,40,2026-06-14 13:00:00+00:00
30.1,71,1002.5,21.3,48,2026-06-14 14:00:00+00:00
29.5,74,1003.0,21.2,50,2026-06-14 15:00:00+00:00
29.5,75,1003.5,21.7,21,2026-06-14 16:00:00+00:00
29.2,77,1004.0,19.2,27,2026-06-14 17:00:00+00:00
29.1,77,1003.7,18.3,58,2026-06-14 18:00:00+00:00
28.9,78,1002.9,18.6,46,2026-06-14 19:00:00+00:00
28.8,78,1002.7,17.5,66,2026-06-14 20:00:00+00:00
28.8,77,1002.3,18.1,97,2026-06-14 21:00:00+00:00
28.8,77,1002.3,19.6,80,2026-06-14 22:00:00+00:00
28.7,77,1002.4,18.6,48,2026-06-14 23:00:00+00:00
28.9,80,1002.1,17.8,31,2026-06-15 00:00:00+00:00
28.8,81,1002.8,17.0,34,2026-06-15 01:00:00+00:00
29.4,77,1003.1,19.7,15,2026-06-15 02:00:00+00:00
30.2,72,1003.7,20.6,54,2026-06-15 03:00:00+00:00
30.9,68,1004.0,22.1,48,2026-06-15 04:00:00+00:00
31.6,65,1004.1,21.9,76,2026-06-15 05:00:00+00:00
32.3,60,1004.2,20.9,82,2026-06-15 06:00:00+00:00
31.9,63,1004.2,20.1,66,2026-06-15 07:00:00+00:00
32.5,61,1003.8,19.8,92,2026-06-15 08:00:00+00:00
32.4,60,1003.3,20.2,88,2026-06-15 09:00:00+00:00
32.0,65,1002.5,21.3,89,2026-06-15 10:00:00+00:00
31.5,69,1002.1,21.5,70,2026-06-15 11:00:00+00:00
31.7,65,1001.6,20.9,98,2026-06-15 12:00:00+00:00
31.0,69,1001.8,19.9,88,2026-06-15 13:00:00+00:00
30.4,72,1002.0,19.4,79,2026-06-15 14:00:00+00:00
30.1,74,1002.4,18.6,66,2026-06-15 15:00:00+00:00
30.1,74,1002.9,17.5,49,2026-06-15 16:00:00+00:00
29.9,76,1003.5,16.1,36,2026-06-15 17:00:00+00:00
29.7,78,1003.2,15.4,16,2026-06-15 18:00:00+00:00
29.4,80,1002.9,14.7,29,2026-06-15 19:00:00+00:00
29.0,82,1002.6,14.4,35,2026-06-15 20:00:00+00:00
28.8,84,1002.2,13.1,29,2026-06-15 21:00:00+00:00
28.7,84,1002.0,12.6,15,2026-06-15 22:00:00+00:00
28.5,85,1002.0,12.6,20,2026-06-15 23:00:00+00:00
28.6,86,1001.9,11.7,27,2026-06-16 00:00:00+00:00
28.6,86,1002.9,10.2,26,2026-06-16 01:00:00+00:00
29.2,83,1003.4,11.4,19,2026-06-16 02:00:00+00:00
30.3,76,1003.6,13.5,25,2026-06-16 03:00:00+00:00
31.1,71,1004.0,16.5,77,2026-06-16 04:00:00+00:00
31.3,72,1004.4,19.2,91,2026-06-16 05:00:00+00:00
31.2,71,1004.4,18.9,91,2026-06-16 06:00:00+00:00
31.7,69,1004.3,17.8,55,2026-06-16 07:00:00+00:00
32.5,64,1004.0,17.5,38,2026-06-16 08:00:00+00:00
32.5,64,1003.4,17.2,20,2026-06-16 09:00:00+00:00
32.8,61,1002.8,16.9,37,2026-06-16 10:00:00+00:00
32.6,61,1002.4,16.9,55,2026-06-16 11:00:00+00:00
32.1,63,1001.7,16.2,32,2026-06-16 12:00:00+00:00
31.0,68,1001.8,16.5,15,2026-06-16 13:00:00+00:00
30.6,69,1002.3,16.0,41,2026-06-16 14:00:00+00:00
30.4,71,1003.3,14.0,50,2026-06-16 15:00:00+00:00
30.3,72,1003.8,13.8,20,2026-06-16 16:00:00+00:00
30.0,74,1004.3,13.5,5,2026-06-16 17:00:00+00:00
29.9,75,1004.3,12.6,32,2026-06-16 18:00:00+00:00
29.6,77,1003.9,14.6,100,2026-06-16 19:00:00+00:00
29.4,79,1003.4,16.7,100,2026-06-16 20:00:00+00:00
29.3,80,1003.1,17.2,100,2026-06-16 21:00:00+00:00
29.1,81,1003.8,12.6,99,2026-06-16 22:00:00+00:00
29.1,80,1003.8,11.7,95,2026-06-16 23:00:00+00:00
29.4,80,1003.8,11.4,100,2026-06-17 00:00:00+00:00
29.2,80,1004.2,11.4,96,2026-06-17 01:00:00+00:00
29.5,78,1004.6,13.6,38,2026-06-17 02:00:00+00:00
30.3,73,1005.0,15.0,45,2026-06-17 03:00:00+00:00
31.1,68,1005.2,15.7,61,2026-06-17 04:00:00+00:00
31.7,66,1005.4,15.7,40,2026-06-17 05:00:00+00:00
32.7,58,1005.6,15.6,52,2026-06-17 06:00:00+00:00
32.9,57,1005.4,15.4,73,2026-06-17 07:00:00+00:00
32.6,60,1004.9,15.3,87,2026-06-17 08:00:00+00:00
32.1,63,1004.2,15.0,43,2026-06-17 09:00:00+00:00
32.3,64,1003.9,15.4,13,2026-06-17 10:00:00+00:00
31.9,65,1003.3,15.4,9,2026-06-17 11:00:00+00:00
31.8,64,1003.4,13.7,23,2026-06-17 12:00:00+00:00
31.0,67,1003.8,13.1,8,2026-06-17 13:00:00+00:00
30.5,68,1004.1,13.5,27,2026-06-17 14:00:00+00:00
30.2,70,1003.9,15.3,21,2026-06-17 15:00:00+00:00
30.1,70,1004.2,15.7,20,2026-06-17 16:00:00+00:00
30.1,70,1004.7,14.0,40,2026-06-17 17:00:00+00:00
30.0,71,1004.6,13.9,23,2026-06-17 18:00:00+00:00
29.7,72,1004.4,15.7,62,2026-06-17 19:00:00+00:00
29.6,73,1004.0,13.6,83,2026-06-17 20:00:00+00:00
29.5,73,1003.9,12.4,53,2026-06-17 21:00:00+00:00
29.2,75,1003.6,12.5,52,2026-06-17 22:00:00+00:00
29.2,76,1003.8,10.3,98,2026-06-17 23:00:00+00:00
29.7,75,1003.9,11.6,88,2026-06-18 00:00:00+00:00
29.5,77,1004.1,11.7,85,2026-06-18 01:00:00+00:00
29.7,77,1004.6,14.9,95,2026-06-18 02:00:00+00:00
30.5,74,1004.9,15.0,31,2026-06-18 03:00:00+00:00
31.4,69,1004.9,15.3,14,2026-06-18 04:00:00+00:00
32.1,65,1004.9,16.1,42,2026-06-18 05:00:00+00:00
32.5,61,1005.3,16.3,68,2026-06-18 06:00:00+00:00
32.6,60,1004.9,15.8,54,2026-06-18 07:00:00+00:00
32.9,59,1004.5,15.4,66,2026-06-18 08:00:00+00:00
32.5,63,1003.8,16.2,58,2026-06-18 09:00:00+00:00
31.8,67,1003.1,16.8,53,2026-06-18 10:00:00+00:00
31.5,69,1002.8,16.4,51,2026-06-18 11:00:00+00:00
31.3,67,1002.9,16.2,62,2026-06-18 12:00:00+00:00
30.3,72,1002.5,17.0,4,2026-06-18 13:00:00+00:00
29.8,75,1002.4,15.5,10,2026-06-18 14:00:00+00:00
29.6,76,1002.7,14.5,15,2026-06-18 15:00:00+00:00
29.7,75,1003.8,14.0,31,2026-06-18 16:00:00+00:00
29.6,76,1004.1,13.3,28,2026-06-18 17:00:00+00:00
29.4,77,1003.1,15.1,9,2026-06-18 18:00:00+00:00
29.0,80,1003.3,13.4,25,2026-06-18 19:00:00+00:00
28.9,81,1003.1,12.1,28,2026-06-18 20:00:00+00:00
28.8,82,1002.9,10.3,14,2026-06-18 21:00:00+00:00
28.6,83,1002.4,9.8,2,2026-06-18 22:00:00+00:00
28.5,84,1002.2,11.0,7,2026-06-18 23:00:00+00:00
28.8,83,1002.4,13.1,5,2026-06-19 00:00:00+00:00
28.7,83,1002.8,13.3,20,2026-06-19 01:00:00+00:00
29.4,78,1003.7,14.8,25,2026-06-19 02:00:00+00:00
30.2,73,1004.1,14.9,34,2026-06-19 03:00:00+00:00
31.0,69,1004.1,15.2,29,2026-06-19 04:00:00+00:00
31.7,66,1004.5,15.6,58,2026-06-19 05:00:00+00:00
32.4,62,1004.8,15.0,38,2026-06-19 06:00:00+00:00
32.7,61,1004.8,15.3,61,2026-06-19 07:00:00+00:00
32.8,62,1004.5,15.2,48,2026-06-19 08:00:00+00:00
32.7,62,1003.9,15.2,20,2026-06-19 09:00:00+00:00
32.5,63,1003.3,15.9,16,2026-06-19 10:00:00+00:00
31.9,65,1003.1,16.1,27,2026-06-19 11:00:00+00:00
32.0,62,1003.5,14.8,29,2026-06-19 12:00:00+00:00
31.1,66,1003.2,17.4,52,2026-06-19 13:00:00+00:00
30.3,70,1003.3,17.8,22,2026-06-19 14:00:00+00:00
29.9,72,1003.8,17.1,5,2026-06-19 15:00:00+00:00
30.0,72,1004.5,15.3,46,2026-06-19 16:00:00+00:00
30.1,72,1004.9,15.2,18,2026-06-19 17:00:00+00:00
30.0,72,1005.0,13.7,57,2026-06-19 18:00:00+00:00
29.6,75,1004.5,12.5,54,2026-06-19 19:00:00+00:00
29.3,78,1004.5,12.6,60,2026-06-19 20:00:00+00:00
29.1,80,1004.0,13.5,30,2026-06-19 21:00:00+00:00
28.9,81,1003.7,13.0,34,2026-06-19 22:00:00+00:00
28.8,82,1003.4,12.6,20,2026-06-19 23:00:00+00:00
28.9,82,1003.7,13.2,21,2026-06-20 00:00:00+00:00
28.8,82,1004.2,12.3,22,2026-06-20 01:00:00+00:00
29.4,78,1004.8,14.1,20,2026-06-20 02:00:00+00:00
30.4,73,1005.0,16.0,23,2026-06-20 03:00:00+00:00
31.3,67,1005.3,16.5,42,2026-06-20 04:00:00+00:00
32.2,63,1005.2,16.8,100,2026-06-20 05:00:00+00:00
32.4,61,1005.5,16.2,95,2026-06-20 06:00:00+00:00
32.1,62,1005.2,15.3,92,2026-06-20 07:00:00+00:00
32.4,61,1005.0,14.8,96,2026-06-20 08:00:00+00:00
32.2,62,1004.6,15.4,98,2026-06-20 09:00:00+00:00
32.1,63,1004.0,16.4,56,2026-06-20 10:00:00+00:00
31.8,65,1003.6,18.3,59,2026-06-20 11:00:00+00:00
31.8,65,1003.4,15.2,47,2026-06-20 12:00:00+00:00
30.9,68,1003.8,14.1,47,2026-06-20 13:00:00+00:00
30.2,72,1004.2,14.8,32,2026-06-20 14:00:00+00:00
29.9,73,1004.8,15.0,48,2026-06-20 15:00:00+00:00
29.7,75,1005.1,15.5,33,2026-06-20 16:00:00+00:00
29.6,76,1005.9,14.5,43,2026-06-20 17:00:00+00:00
29.6,76,1005.7,15.1,18,2026-06-20 18:00:00+00:00
29.4,76,1005.4,13.7,38,2026-06-20 19:00:00+00:00
29.1,77,1005.0,14.0,41,2026-06-20 20:00:00+00:00
28.9,79,1004.3,14.0,46,2026-06-20 21:00:00+00:00
28.6,81,1004.1,13.4,41,2026-06-20 22:00:00+00:00
28.4,83,1003.9,12.1,43,2026-06-20 23:00:00+00:00
29.0,79,1003.9,13.4,34,2026-06-21 00:00:00+00:00
29.0,79,1004.1,13.2,25,2026-06-21 01:00:00+00:00
29.5,76,1004.5,14.4,27,2026-06-21 02:00:00+00:00
30.3,72,1004.5,15.2,32,2026-06-21 03:00:00+00:00
31.2,68,1004.5,16.2,32,2026-06-21 04:00:00+00:00
31.8,64,1004.4,16.9,56,2026-06-21 05:00:00+00:00
32.5,59,1004.3,16.7,54,2026-06-21 06:00:00+00:00
32.3,59,1003.8,17.4,55,2026-06-21 07:00:00+00:00
32.2,59,1003.1,17.7,51,2026-06-21 08:00:00+00:00
32.0,61,1002.4,18.3,52,2026-06-21 09:00:00+00:00
31.8,62,1001.9,18.7,27,2026-06-21 10:00:00+00:00
31.6,61,1001.4,18.8,56,2026-06-21 11:00:00+00:00
31.1,65,1001.2,18.2,46,2026-06-21 12:00:00+00:00
30.6,67,1001.1,17.6,49,2026-06-21 13:00:00+00:00
30.1,70,1001.6,16.7,39,2026-06-21 14:00:00+00:00
30.0,70,1002.0,16.8,40,2026-06-21 15:00:00+00:00
30.1,70,1002.7,17.5,52,2026-06-21 16:00:00+00:00
30.0,71,1003.2,16.8,91,2026-06-21 17:00:00+00:00
29.4,75,1003.3,15.3,81,2026-06-21 18:00:00+00:00
29.2,77,1003.0,15.5,43,2026-06-21 19:00:00+00:00
28.9,80,1002.7,15.9,27,2026-06-21 20:00:00+00:00
28.7,81,1002.3,15.5,26,2026-06-21 21:00:00+00:00
28.7,81,1002.3,15.8,29,2026-06-21 22:00:00+00:00
28.6,81,1002.1,15.5,35,2026-06-21 23:00:00+00:00
28.8,81,1002.4,15.7,31,2026-06-22 00:00:00+00:00
28.7,82,1002.8,16.7,53,2026-06-22 01:00:00+00:00
29.1,79,1003.1,18.3,47,2026-06-22 02:00:00+00:00
29.9,74,1003.6,18.3,70,2026-06-22 03:00:00+00:00
30.6,70,1003.5,17.7,41,2026-06-22 04:00:00+00:00
31.5,66,1003.5,17.5,41,2026-06-22 05:00:00+00:00
32.1,62,1003.6,17.7,58,2026-06-22 06:00:00+00:00
32.3,61,1003.3,18.0,51,2026-06-22 07:00:00+00:00
32.3,61,1002.8,18.3,50,2026-06-22 08:00:00+00:00
32.1,62,1002.3,19.0,38,2026-06-22 09:00:00+00:00
31.9,63,1001.7,18.1,16,2026-06-22 10:00:00+00:00
31.6,63,1001.1,17.4,27,2026-06-22 11:00:00+00:00
31.6,62,1000.8,17.6,96,2026-06-22 12:00:00+00:00
31.0,63,1001.0,17.5,71,2026-06-22 13:00:00+00:00
30.3,67,1001.7,16.7,73,2026-06-22 14:00:00+00:00
30.0,69,1002.2,15.9,48,2026-06-22 15:00:00+00:00
29.8,71,1002.5,15.7,29,2026-06-22 16:00:00+00:00
29.8,72,1002.7,16.6,25,2026-06-22 17:00:00+00:00
29.6,70,1002.9,14.9,66,2026-06-22 18:00:00+00:00
29.5,73,1002.5,15.0,43,2026-06-22 19:00:00+00:00
29.4,73,1002.3,14.9,31,2026-06-22 20:00:00+00:00
29.2,75,1001.9,15.0,50,2026-06-22 21:00:00+00:00
29.2,75,1001.7,15.2,80,2026-06-22 22:00:00+00:00
29.1,77,1002.0,15.4,88,2026-06-22 23:00:00+00:00
29.1,76,1002.0,14.2,43,2026-06-23 00:00:00+00:00
28.9,79,1002.2,14.8,59,2026-06-23 01:00:00+00:00
29.0,80,1002.7,16.8,37,2026-06-23 02:00:00+00:00
29.8,75,1002.9,18.2,55,2026-06-23 03:00:00+00:00
30.6,71,1002.9,18.2,48,2026-06-23 04:00:00+00:00
31.4,66,1003.0,17.3,74,2026-06-23 05:00:00+00:00
32.4,60,1002.9,17.0,70,2026-06-23 06:00:00+00:00
32.6,58,1002.5,17.5,70,2026-06-23 07:00:00+00:00
32.6,59,1001.7,18.9,78,2026-06-23 08:00:00+00:00
32.0,62,1001.0,18.5,5,2026-06-23 09:00:00+00:00
32.3,59,1000.5,18.6,24,2026-06-23 10:00:00+00:00
31.9,60,1000.0,19.4,64,2026-06-23 11:00:00+00:00
31.3,62,1000.1,17.5,52,2026-06-23 12:00:00+00:00
30.7,65,1000.1,17.8,40,2026-06-23 13:00:00+00:00
30.0,69,1000.7,18.6,51,2026-06-23 14:00:00+00:00
29.7,72,1001.0,20.4,37,2026-06-23 15:00:00+00:00
29.5,73,1001.4,20.7,27,2026-06-23 16:00:00+00:00
29.5,73,1001.6,21.1,50,2026-06-23 17:00:00+00:00
29.6,73,1001.7,19.5,59,2026-06-23 18:00:00+00:00
29.4,75,1001.5,19.1,34,2026-06-23 19:00:00+00:00
29.2,76,1001.2,18.3,52,2026-06-23 20:00:00+00:00
29.0,77,1000.9,19.5,100,2026-06-23 21:00:00+00:00
28.9,78,1000.6,19.2,37,2026-06-23 22:00:00+00:00
28.6,81,1000.5,19.4,55,2026-06-23 23:00:00+00:00
28.9,78,1000.3,17.8,98,2026-06-24 00:00:00+00:00
28.9,77,1000.7,18.4,95,2026-06-24 01:00:00+00:00
29.1,77,1001.0,19.8,98,2026-06-24 02:00:00+00:00
29.5,74,1001.6,19.1,99,2026-06-24 03:00:00+00:00
30.2,71,1001.9,19.8,99,2026-06-24 04:00:00+00:00
30.5,70,1002.1,20.8,98,2026-06-24 05:00:00+00:00
31.6,64,1002.0,22.3,71,2026-06-24 06:00:00+00:00
31.8,64,1001.6,22.8,80,2026-06-24 07:00:00+00:00
31.6,66,1001.0,22.2,63,2026-06-24 08:00:00+00:00
31.6,67,1000.7,21.2,59,2026-06-24 09:00:00+00:00
31.5,66,1000.3,21.1,72,2026-06-24 10:00:00+00:00
31.2,68,1000.0,21.5,93,2026-06-24 11:00:00+00:00
31.5,64,999.3,19.1,47,2026-06-24 12:00:00+00:00
30.7,67,999.4,18.0,48,2026-06-24 13:00:00+00:00
30.1,70,999.9,18.4,77,2026-06-24 14:00:00+00:00
29.7,73,1000.1,18.5,84,2026-06-24 15:00:00+00:00
29.5,74,1000.9,19.0,30,2026-06-24 16:00:00+00:00
29.4,75,1001.6,17.9,31,2026-06-24 17:00:00+00:00
29.6,74,1001.7,17.2,26,2026-06-24 18:00:00+00:00
29.2,76,1001.6,15.9,32,2026-06-24 19:00:00+00:00
29.1,75,1001.2,14.6,33,2026-06-24 20:00:00+00:00
29.0,75,1000.9,14.7,34,2026-06-24 21:00:00+00:00
28.9,76,1000.8,15.2,50,2026-06-24 22:00:00+00:00
28.9,76,1000.8,16.1,81,2026-06-24 23:00:00+00:00
28.8,78,1001.0,15.5,54,2026-06-25 00:00:00+00:00
28.7,79,1001.5,14.3,96,2026-06-25 01:00:00+00:00
29.2,77,1001.9,17.4,73,2026-06-25 02:00:00+00:00
29.8,73,1002.2,19.0,45,2026-06-25 03:00:00+00:00
30.7,69,1002.6,19.7,45,2026-06-25 04:00:00+00:00
31.6,65,1002.6,19.1,45,2026-06-25 05:00:00+00:00
31.8,64,1002.6,19.2,91,2026-06-25 06:00:00+00:00
31.9,63,1002.5,19.3,88,2026-06-25 07:00:00+00:00
31.8,64,1002.3,18.8,85,2026-06-25 08:00:00+00:00
31.8,66,1001.8,19.2,98,2026-06-25 09:00:00+00:00
31.4,69,1001.3,19.7,38,2026-06-25 10:00:00+00:00
31.6,68,1000.8,18.5,32,2026-06-25 11:00:00+00:00
31.3,66,1000.8,16.7,91,2026-06-25 12:00:00+00:00
30.6,69,1001.1,16.3,93,2026-06-25 13:00:00+00:00
30.0,73,1001.6,16.6,41,2026-06-25 14:00:00+00:00
29.7,74,1001.9,15.5,10,2026-06-25 15:00:00+00:00
29.5,75,1002.4,15.1,34,2026-06-25 16:00:00+00:00
29.6,75,1003.0,14.6,23,2026-06-25 17:00:00+00:00
29.5,76,1003.2,13.5,15,2026-06-25 18:00:00+00:00
29.2,77,1003.1,12.9,26,2026-06-25 19:00:00+00:00
29.0,78,1002.7,12.6,35,2026-06-25 20:00:00+00:00
28.8,80,1002.5,11.7,34,2026-06-25 21:00:00+00:00
28.6,81,1002.2,10.8,23,2026-06-25 22:00:00+00:00
28.4,82,1002.1,10.4,11,2026-06-25 23:00:00+00:00
28.9,78,1002.3,9.7,52,2026-06-26 00:00:00+00:00
28.9,78,1003.0,10.2,20,2026-06-26 01:00:00+00:00
29.3,77,1003.5,11.6,27,2026-06-26 02:00:00+00:00
30.2,73,1003.9,13.2,36,2026-06-26 03:00:00+00:00
31.1,69,1004.1,13.1,63,2026-06-26 04:00:00+00:00
31.6,66,1004.3,13.9,89,2026-06-26 05:00:00+00:00
32.9,60,1004.1,13.1,100,2026-06-26 06:00:00+00:00
32.1,64,1003.9,14.0,100,2026-06-26 07:00:00+00:00
31.9,67,1003.7,14.8,61,2026-06-26 08:00:00+00:00
32.3,65,1003.2,15.0,59,2026-06-26 09:00:00+00:00
32.0,67,1002.8,15.9,59,2026-06-26 10:00:00+00:00
31.4,69,1002.3,15.5,8,2026-06-26 11:00:00+00:00
31.7,66,1002.3,15.0,20,2026-06-26 12:00:00+00:00
30.9,68,1002.4,14.3,47,2026-06-26 13:00:00+00:00
30.2,72,1002.9,14.6,79,2026-06-26 14:00:00+00:00
29.8,75,1003.4,14.7,55,2026-06-26 15:00:00+00:00
29.6,77,1003.8,13.2,7,2026-06-26 16:00:00+00:00
29.4,77,1004.2,12.1,6,2026-06-26 17:00:00+00:00
29.4,76,1004.2,12.0,10,2026-06-26 18:00:00+00:00
29.2,77,1004.0,11.2,44,2026-06-26 19:00:00+00:00
29.1,77,1003.8,9.9,34,2026-06-26 20:00:00+00:00
28.9,78,1003.2,9.4,10,2026-06-26 21:00:00+00:00
28.9,77,1003.1,8.8,7,2026-06-26 22:00:00+00:00
28.8,77,1003.1,8.6,34,2026-06-26 23:00:00+00:00
29.0,78,1003.2,9.3,16,2026-06-27 00:00:00+00:00
28.8,79,1003.7,9.0,94,2026-06-27 01:00:00+00:00
29.4,75,1004.0,10.6,22,2026-06-27 02:00:00+00:00
30.2,72,1004.4,12.1,59,2026-06-27 03:00:00+00:00
30.9,68,1004.6,12.8,99,2026-06-27 04:00:00+00:00
31.3,67,1004.7,13.5,98,2026-06-27 05:00:00+00:00
31.7,66,1004.5,13.8,100,2026-06-27 06:00:00+00:00
31.7,66,1004.0,13.0,100,2026-06-27 07:00:00+00:00
32.4,64,1003.6,13.4,100,2026-06-27 08:00:00+00:00
31.7,67,1003.0,14.6,100,2026-06-27 09:00:00+00:00
31.3,69,1002.3,14.8,84,2026-06-27 10:00:00+00:00
31.1,70,1001.5,15.1,97,2026-06-27 11:00:00+00:00
31.3,68,1001.5,15.2,58,2026-06-27 12:00:00+00:00
30.6,71,1001.4,14.8,19,2026-06-27 13:00:00+00:00
30.0,73,1001.9,14.5,22,2026-06-27 14:00:00+00:00
29.6,75,1002.2,13.8,20,2026-06-27 15:00:00+00:00
29.4,77,1002.6,13.7,16,2026-06-27 16:00:00+00:00
29.3,77,1003.0,12.9,29,2026-06-27 17:00:00+00:00
29.1,79,1003.5,13.4,11,2026-06-27 18:00:00+00:00
28.9,79,1003.1,12.9,43,2026-06-27 19:00:00+00:00
28.6,82,1002.6,12.8,39,2026-06-27 20:00:00+00:00
28.5,83,1002.1,13.0,36,2026-06-27 21:00:00+00:00
28.3,84,1002.0,11.7,28,2026-06-27 22:00:00+00:00
28.3,84,1001.5,11.3,13,2026-06-27 23:00:00+00:00
29.0,79,1001.6,11.7,14,2026-06-28 00:00:00+00:00
28.9,79,1001.5,12.8,23,2026-06-28 01:00:00+00:00
29.2,78,1001.8,15.7,45,2026-06-28 02:00:00+00:00
29.9,74,1002.3,16.9,98,2026-06-28 03:00:00+00:00
30.7,70,1002.6,16.6,85,2026-06-28 04:00:00+00:00
31.5,66,1002.5,16.1,66,2026-06-28 05:00:00+00:00
32.1,63,1002.4,16.6,100,2026-06-28 06:00:00+00:00
31.9,65,1002.0,16.3,77,2026-06-28 07:00:00+00:00
31.9,64,1001.6,16.8,82,2026-06-28 08:00:00+00:00
31.9,65,1001.2,18.3,93,2026-06-28 09:00:00+00:00
31.1,68,1000.6,19.6,76,2026-06-28 10:00:00+00:00
31.1,69,1000.1,19.0,61,2026-06-28 11:00:00+00:00
30.7,70,999.6,19.6,63,2026-06-28 12:00:00+00:00
30.2,72,999.8,18.7,39,2026-06-28 13:00:00+00:00
29.7,75,1000.0,18.2,68,2026-06-28 14:00:00+00:00
29.6,75,1000.5,17.7,66,2026-06-28 15:00:00+00:00
29.4,76,1001.0,19.0,59,2026-06-28 16:00:00+00:00
29.3,77,1001.6,17.8,30,2026-06-28 17:00:00+00:00
29.0,78,1002.1,17.0,27,2026-06-28 18:00:00+00:00
28.8,80,1001.5,16.2,22,2026-06-28 19:00:00+00:00
28.6,81,1001.2,14.9,20,2026-06-28 20:00:00+00:00
28.5,82,1000.7,14.0,18,2026-06-28 21:00:00+00:00
28.3,82,1000.5,13.9,23,2026-06-28 22:00:00+00:00
28.2,83,1000.3,13.6,24,2026-06-28 23:00:00+00:00
28.3,82,1000.1,14.9,25,2026-06-29 00:00:00+00:00
28.2,82,1000.3,14.8,20,2026-06-29 01:00:00+00:00
28.8,79,1000.7,16.9,40,2026-06-29 02:00:00+00:00
29.6,74,1001.0,17.7,16,2026-06-29 03:00:00+00:00
30.3,70,1001.3,18.1,40,2026-06-29 04:00:00+00:00
30.9,67,1001.6,18.6,41,2026-06-29 05:00:00+00:00
31.7,62,1001.7,18.8,72,2026-06-29 06:00:00+00:00
31.8,60,1001.3,19.0,83,2026-06-29 07:00:00+00:00
32.2,59,1000.6,19.3,98,2026-06-29 08:00:00+00:00
32.1,60,1000.0,19.9,99,2026-06-29 09:00:00+00:00
31.6,62,999.5,19.3,95,2026-06-29 10:00:00+00:00
31.3,64,999.0,19.2,98,2026-06-29 11:00:00+00:00
30.9,64,999.0,18.7,95,2026-06-29 12:00:00+00:00
30.2,66,999.0,18.0,84,2026-06-29 13:00:00+00:00
29.8,69,999.1,17.8,72,2026-06-29 14:00:00+00:00
29.5,71,999.4,17.2,64,2026-06-29 15:00:00+00:00
29.2,74,1000.3,18.4,45,2026-06-29 16:00:00+00:00
29.2,75,1000.8,18.4,12,2026-06-29 17:00:00+00:00
29.1,74,1000.7,18.2,17,2026-06-29 18:00:00+00:00
28.9,76,1000.7,17.1,24,2026-06-29 19:00:00+00:00
28.8,76,1000.3,17.3,16,2026-06-29 20:00:00+00:00
28.7,77,999.8,16.2,12,2026-06-29 21:00:00+00:00
28.6,77,999.8,16.5,31,2026-06-29 22:00:00+00:00
28.6,77,999.7,17.2,30,2026-06-29 23:00:00+00:00
28.7,78,999.5,16.5,41,2026-06-30 00:00:00+00:00
28.7,79,999.7,16.3,36,2026-06-30 01:00:00+00:00
29.2,76,1000.1,19.0,28,2026-06-30 02:00:00+00:00
29.8,73,1000.2,19.8,38,2026-06-30 03:00:00+00:00
30.4,70,1000.5,20.9,63,2026-06-30 04:00:00+00:00
30.9,67,1000.9,20.3,100,2026-06-30 05:00:00+00:00
30.7,69,1000.7,19.4,97,2026-06-30 06:00:00+00:00
31.3,66,1000.5,18.9,39,2026-06-30 07:00:00+00:00
32.3,61,1000.0,18.9,51,2026-06-30 08:00:00+00:00
31.8,63,999.5,19.3,67,2026-06-30 09:00:00+00:00
31.4,66,999.0,20.2,65,2026-06-30 10:00:00+00:00
31.1,68,998.4,19.0,77,2026-06-30 11:00:00+00:00
31.6,61,998.4,18.9,66,2026-06-30 12:00:00+00:00
30.8,65,998.4,18.6,21,2026-06-30 13:00:00+00:00
30.0,70,998.3,18.4,47,2026-06-30 14:00:00+00:00
29.7,73,998.7,18.2,13,2026-06-30 15:00:00+00:00
29.6,75,999.3,18.8,19,2026-06-30 16:00:00+00:00
29.4,76,1000.2,18.1,25,2026-06-30 17:00:00+00:00
29.3,77,1000.1,17.1,36,2026-06-30 18:00:00+00:00
29.1,78,999.8,16.0,23,2026-06-30 19:00:00+00:00
28.9,79,999.7,15.3,35,2026-06-30 20:00:00+00:00
28.7,80,999.2,15.5,39,2026-06-30 21:00:00+00:00
28.7,80,999.0,15.3,23,2026-06-30 22:00:00+00:00
28.5,82,998.7,15.3,39,2026-06-30 23:00:00+00:00
28.5,85,998.5,15.4,38,2026-07-01 00:00:00+00:00
28.5,84,998.6,14.9,27,2026-07-01 01:00:00+00:00
28.9,82,998.9,15.4,38,2026-07-01 02:00:00+00:00
29.8,77,999.1,17.0,58,2026-07-01 03:00:00+00:00
30.6,71,999.4,18.2,59,2026-07-01 04:00:00+00:00
31.2,69,999.3,18.8,99,2026-07-01 05:00:00+00:00
31.1,69,999.4,18.0,100,2026-07-01 06:00:00+00:00
31.3,68,999.2,18.0,56,2026-07-01 07:00:00+00:00
31.8,67,998.6,18.2,93,2026-07-01 08:00:00+00:00
31.3,69,998.0,18.0,85,2026-07-01 09:00:00+00:00
31.3,70,997.7,18.0,50,2026-07-01 10:00:00+00:00
31.2,70,997.2,17.4,60,2026-07-01 11:00:00+00:00
31.4,69,997.1,16.4,38,2026-07-01 12:00:00+00:00
30.4,74,997.1,16.4,71,2026-07-01 13:00:00+00:00
29.9,78,997.3,17.8,48,2026-07-01 14:00:00+00:00
29.6,80,997.9,17.2,29,2026-07-01 15:00:00+00:00
29.4,81,998.9,16.3,20,2026-07-01 16:00:00+00:00
29.2,83,999.8,14.8,18,2026-07-01 17:00:00+00:00
29.6,80,999.5,14.0,34,2026-07-01 18:00:00+00:00
29.3,81,999.5,13.3,20,2026-07-01 19:00:00+00:00
29.2,81,999.4,13.4,48,2026-07-01 20:00:00+00:00
28.8,84,999.0,13.2,65,2026-07-01 21:00:00+00:00
28.7,85,998.8,12.7,30,2026-07-01 22:00:00+00:00
28.6,86,998.5,12.6,21,2026-07-01 23:00:00+00:00
28.6,87,998.4,12.1,47,2026-07-02 00:00:00+00:00
28.5,87,998.8,11.6,41,2026-07-02 01:00:00+00:00
29.0,84,999.3,11.8,26,2026-07-02 02:00:00+00:00
29.9,78,999.6,12.3,22,2026-07-02 03:00:00+00:00
30.7,74,999.9,13.7,75,2026-07-02 04:00:00+00:00
31.2,72,1000.4,14.0,41,2026-07-02 05:00:00+00:00
32.0,68,1000.3,15.1,59,2026-07-02 06:00:00+00:00
32.1,67,1000.1,15.7,45,2026-07-02 07:00:00+00:00
32.3,67,999.8,15.4,44,2026-07-02 08:00:00+00:00
32.4,66,999.4,15.9,35,2026-07-02 09:00:00+00:00
32.2,67,998.9,16.1,23,2026-07-02 10:00:00+00:00
31.8,68,998.3,16.5,65,2026-07-02 11:00:00+00:00
31.3,70,998.5,15.9,34,2026-07-02 12:00:00+00:00
30.6,73,999.0,13.8,33,2026-07-02 13:00:00+00:00
30.1,75,999.8,12.9,46,2026-07-02 14:00:00+00:00
29.6,79,1000.0,13.6,35,2026-07-02 15:00:00+00:00
29.4,81,1000.9,12.5,9,2026-07-02 16:00:00+00:00
29.3,81,1001.7,12.0,13,2026-07-02 17:00:00+00:00
29.2,82,1001.9,14.0,60,2026-07-02 18:00:00+00:00
28.9,82,1001.3,12.6,52,2026-07-02 19:00:00+00:00
28.8,83,1000.9,12.9,51,2026-07-02 20:00:00+00:00
28.7,84,1000.6,13.4,36,2026-07-02 21:00:00+00:00
28.6,84,1000.3,13.1,39,2026-07-02 22:00:00+00:00
28.5,84,1000.3,12.7,57,2026-07-02 23:00:00+00:00
28.8,86,1000.2,12.0,14,2026-07-03 00:00:00+00:00
28.7,86,1000.6,10.7,30,2026-07-03 01:00:00+00:00
29.2,82,1001.5,11.0,45,2026-07-03 02:00:00+00:00
30.3,76,1001.7,12.5,10,2026-07-03 03:00:00+00:00
31.3,71,1001.8,14.7,14,2026-07-03 04:00:00+00:00
32.2,66,1002.1,15.6,42,2026-07-03 05:00:00+00:00
32.9,60,1002.3,15.5,100,2026-07-03 06:00:00+00:00
32.6,62,1001.9,15.2,90,2026-07-03 07:00:00+00:00
32.8,62,1001.3,15.7,88,2026-07-03 08:00:00+00:00
32.8,61,1000.8,15.8,54,2026-07-03 09:00:00+00:00
32.5,64,1000.3,15.8,38,2026-07-03 10:00:00+00:00
32.2,65,999.8,15.3,34,2026-07-03 11:00:00+00:00
31.7,66,999.4,14.7,68,2026-07-03 12:00:00+00:00
30.7,71,999.4,15.7,86,2026-07-03 13:00:00+00:00
30.1,74,999.9,14.5,43,2026-07-03 14:00:00+00:00
29.9,75,1000.2,15.8,79,2026-07-03 15:00:00+00:00
29.7,78,1001.0,15.2,98,2026-07-03 16:00:00+00:00
29.5,79,1001.6,17.0,55,2026-07-03 17:00:00+00:00
29.4,78,1001.6,17.2,95,2026-07-03 18:00:00+00:00
29.2,80,1001.6,15.5,83,2026-07-03 19:00:00+00:00
29.0,81,1001.2,15.7,27,2026-07-03 20:00:00+00:00
28.9,82,1000.2,13.5,4,2026-07-03 21:00:00+00:00
28.7,82,999.7,14.6,31,2026-07-03 22:00:00+00:00
28.6,83,999.4,14.6,62,2026-07-03 23:00:00+00:00
29.0,80,999.2,13.5,95,2026-07-04 00:00:00+00:00
29.0,81,999.8,14.9,46,2026-07-04 01:00:00+00:00
29.4,79,1000.4,15.3,48,2026-07-04 02:00:00+00:00
30.2,75,1000.6,16.2,71,2026-07-04 03:00:00+00:00
30.9,71,1000.4,17.2,80,2026-07-04 04:00:00+00:00
32.1,65,999.9,16.2,63,2026-07-04 05:00:00+00:00
32.0,66,1000.4,16.8,100,2026-07-04 06:00:00+00:00
32.0,66,999.8,16.7,100,2026-07-04 07:00:00+00:00
32.0,66,999.2,17.0,100,2026-07-04 08:00:00+00:00
32.1,67,998.3,17.5,100,2026-07-04 09:00:00+00:00
32.3,67,997.8,17.6,100,2026-07-04 10:00:00+00:00
31.9,69,997.2,16.8,84,2026-07-04 11:00:00+00:00
31.4,72,996.8,15.7,87,2026-07-04 12:00:00+00:00
30.7,75,996.8,14.7,100,2026-07-04 13:00:00+00:00
29.8,79,997.2,14.7,76,2026-07-04 14:00:00+00:00
29.5,81,997.9,13.5,23,2026-07-04 15:00:00+00:00
29.2,82,998.6,15.9,38,2026-07-04 16:00:00+00:00
29.2,83,998.9,15.4,23,2026-07-04 17:00:00+00:00
29.3,82,998.8,13.8,36,2026-07-04 18:00:00+00:00
29.0,84,998.7,13.4,71,2026-07-04 19:00:00+00:00
28.7,86,998.2,13.3,77,2026-07-04 20:00:00+00:00
28.6,86,998.0,12.6,99,2026-07-04 21:00:00+00:00
28.6,85,997.9,12.1,98,2026-07-04 22:00:00+00:00
28.6,84,997.7,12.8,97,2026-07-04 23:00:00+00:00
28.4,87,997.2,11.9,58,2026-07-05 00:00:00+00:00
28.5,86,997.8,12.5,34,2026-07-05 01:00:00+00:00
28.9,83,997.9,13.7,48,2026-07-05 02:00:00+00:00
29.9,77,997.9,15.5,73,2026-07-05 03:00:00+00:00
31.1,69,998.0,18.5,59,2026-07-05 04:00:00+00:00
32.1,64,997.7,15.9,65,2026-07-05 05:00:00+00:00
32.5,61,998.4,14.9,59,2026-07-05 06:00:00+00:00
32.9,60,998.2,14.7,69,2026-07-05 07:00:00+00:00
33.2,59,997.4,15.8,78,2026-07-05 08:00:00+00:00
33.2,60,996.7,16.1,82,2026-07-05 09:00:00+00:00
32.8,63,996.5,16.4,96,2026-07-05 10:00:00+00:00
32.0,67,995.8,16.8,73,2026-07-05 11:00:00+00:00
31.9,68,995.7,15.4,48,2026-07-05 12:00:00+00:00
31.0,72,996.1,15.7,83,2026-07-05 13:00:00+00:00
30.6,74,996.6,16.0,93,2026-07-05 14:00:00+00:00
30.2,76,997.4,16.0,100,2026-07-05 15:00:00+00:00
29.8,80,997.9,12.9,84,2026-07-05 16:00:00+00:00
29.6,82,998.5,11.5,93,2026-07-05 17:00:00+00:00
29.8,80,998.3,11.0,99,2026-07-05 18:00:00+00:00
29.4,83,997.9,10.6,98,2026-07-05 19:00:00+00:00
29.0,86,997.3,9.2,97,2026-07-05 20:00:00+00:00
29.0,87,997.0,9.0,98,2026-07-05 21:00:00+00:00
28.7,89,996.8,10.0,98,2026-07-05 22:00:00+00:00
28.6,90,996.8,9.6,98,2026-07-05 23:00:00+00:00
28.7,89,996.5,11.2,54,2026-07-06 00:00:00+00:00
28.8,88,997.0,11.0,100,2026-07-06 01:00:00+00:00
29.2,86,997.7,10.3,41,2026-07-06 02:00:00+00:00
30.3,80,998.0,10.5,32,2026-07-06 03:00:00+00:00
31.6,72,998.1,12.0,24,2026-07-06 04:00:00+00:00
32.6,67,997.9,12.6,15,2026-07-06 05:00:00+00:00
33.1,62,998.2,11.4,21,2026-07-06 06:00:00+00:00
33.3,63,997.6,12.1,16,2026-07-06 07:00:00+00:00
33.3,64,996.8,13.1,5,2026-07-06 08:00:00+00:00
33.2,66,996.2,14.4,2,2026-07-06 09:00:00+00:00
32.6,69,995.7,14.2,1,2026-07-06 10:00:00+00:00
32.1,70,995.5,13.0,1,2026-07-06 11:00:00+00:00
31.8,72,995.1,13.3,5,2026-07-06 12:00:00+00:00
30.9,76,995.4,13.4,16,2026-07-06 13:00:00+00:00
30.0,81,995.5,13.9,17,2026-07-06 14:00:00+00:00
29.8,81,995.9,12.8,75,2026-07-06 15:00:00+00:00
29.9,80,997.2,9.6,40,2026-07-06 16:00:00+00:00
29.8,81,997.7,7.5,41,2026-07-06 17:00:00+00:00
29.7,81,997.6,7.8,43,2026-07-06 18:00:00+00:00
29.3,83,997.4,6.2,48,2026-07-06 19:00:00+00:00
29.1,85,997.1,5.7,25,2026-07-06 20:00:00+00:00
28.8,87,996.9,2.9,18,2026-07-06 21:00:00+00:00
28.5,88,996.3,5.6,4,2026-07-06 22:00:00+00:00
28.4,89,995.8,7.3,17,2026-07-06 23:00:00+00:00
28.7,91,997.3,9.7,32,2026-07-07 00:00:00+00:00
28.6,92,997.5,8.4,41,2026-07-07 01:00:00+00:00
29.4,87,997.8,9.6,45,2026-07-07 02:00:00+00:00
30.2,83,997.6,11.2,39,2026-07-07 03:00:00+00:00
31.1,77,997.7,10.1,28,2026-07-07 04:00:00+00:00
32.2,71,997.5,10.4,27,2026-07-07 05:00:00+00:00
32.8,67,997.5,11.4,17,2026-07-07 06:00:00+00:00
33.5,65,996.8,10.3,13,2026-07-07 07:00:00+00:00
33.7,66,996.3,11.3,4,2026-07-07 08:00:00+00:00
32.9,70,995.9,14.5,14,2026-07-07 09:00:00+00:00
32.5,69,995.5,13.6,15,2026-07-07 10:00:00+00:00
32.2,70,995.0,11.8,26,2026-07-07 11:00:00+00:00
32.2,70,995.5,9.6,62,2026-07-07 12:00:00+00:00
31.1,77,995.1,12.1,73,2026-07-07 13:00:00+00:00
30.3,83,995.2,16.5,94,2026-07-07 14:00:00+00:00
30.1,83,996.5,13.9,75,2026-07-07 15:00:00+00:00
30.0,84,996.9,11.6,38,2026-07-07 16:00:00+00:00
29.7,85,997.6,9.8,46,2026-07-07 17:00:00+00:00
29.7,84,997.6,11.4,75,2026-07-07 18:00:00+00:00
29.4,86,997.1,11.4,91,2026-07-07 19:00:00+00:00
29.3,85,996.7,10.9,97,2026-07-07 20:00:00+00:00
29.2,87,996.6,9.2,98,2026-07-07 21:00:00+00:00
29.1,87,996.2,10.4,98,2026-07-07 22:00:00+00:00
28.9,89,995.8,10.5,97,2026-07-07 23:00:00+00:00
28.7,90,995.7,11.0,91,2026-07-08 00:00:00+00:00
28.5,89,995.7,10.6,84,2026-07-08 01:00:00+00:00
29.0,85,996.4,11.1,95,2026-07-08 02:00:00+00:00
30.0,78,996.9,11.9,77,2026-07-08 03:00:00+00:00
31.3,71,997.2,10.8,13,2026-07-08 04:00:00+00:00
32.0,68,997.4,11.8,45,2026-07-08 05:00:00+00:00
32.0,68,997.3,15.5,87,2026-07-08 06:00:00+00:00
32.1,68,997.3,16.6,90,2026-07-08 07:00:00+00:00
32.0,69,996.8,17.1,94,2026-07-08 08:00:00+00:00
32.1,69,996.3,18.0,96,2026-07-08 09:00:00+00:00
32.1,70,995.9,18.0,96,2026-07-08 10:00:00+00:00
31.7,72,995.2,18.4,93,2026-07-08 11:00:00+00:00
31.2,74,995.4,19.4,87,2026-07-08 12:00:00+00:00
30.3,77,995.5,19.3,100,2026-07-08 13:00:00+00:00
29.6,80,995.8,18.2,98,2026-07-08 14:00:00+00:00
29.4,80,996.4,17.2,89,2026-07-08 15:00:00+00:00
29.1,82,997.3,15.6,74,2026-07-08 16:00:00+00:00
29.0,82,998.2,15.0,54,2026-07-08 17:00:00+00:00
29.3,81,998.0,14.5,37,2026-07-08 18:00:00+00:00
28.9,83,997.7,15.1,50,2026-07-08 19:00:00+00:00
28.9,83,997.7,15.6,41,2026-07-08 20:00:00+00:00
28.5,88,997.2,13.9,48,2026-07-08 21:00:00+00:00
28.4,88,997.3,13.5,62,2026-07-08 22:00:00+00:00
28.2,88,997.3,14.6,51,2026-07-08 23:00:00+00:00
28.5,87,997.6,15.2,46,2026-07-09 00:00:00+00:00
28.4,87,998.0,15.4,38,2026-07-09 01:00:00+00:00
28.9,84,998.5,17.3,54,2026-07-09 02:00:00+00:00
29.7,78,998.9,18.2,44,2026-07-09 03:00:00+00:00
30.4,74,999.3,19.2,57,2026-07-09 04:00:00+00:00
31.0,71,999.4,19.5,59,2026-07-09 05:00:00+00:00
31.7,66,999.9,19.9,42,2026-07-09 06:00:00+00:00
31.8,64,999.8,19.9,58,2026-07-09 07:00:00+00:00
32.0,64,999.6,19.7,77,2026-07-09 08:00:00+00:00
31.8,64,999.4,20.2,81,2026-07-09 09:00:00+00:00
31.5,67,999.3,21.4,66,2026-07-09 10:00:00+00:00
31.0,68,999.0,20.7,59,2026-07-09 11:00:00+00:00
30.8,67,999.0,19.9,72,2026-07-09 12:00:00+00:00
29.9,72,999.3,19.1,50,2026-07-09 13:00:00+00:00
29.4,74,999.8,18.1,38,2026-07-09 14:00:00+00:00
29.3,73,1000.4,17.6,47,2026-07-09 15:00:00+00:00
29.1,76,1000.8,19.6,56,2026-07-09 16:00:00+00:00
28.9,77,1001.7,17.7,45,2026-07-09 17:00:00+00:00
29.2,78,1001.5,17.2,24,2026-07-09 18:00:00+00:00
28.7,82,1001.5,18.3,20,2026-07-09 19:00:00+00:00
28.4,84,1001.3,17.3,28,2026-07-09 20:00:00+00:00
28.3,83,1000.8,16.9,48,2026-07-09 21:00:00+00:00
28.3,83,1000.8,18.4,40,2026-07-09 22:00:00+00:00
28.1,84,1000.6,19.2,91,2026-07-09 23:00:00+00:00
28.5,83,1000.9,19.1,38,2026-07-10 00:00:00+00:00
28.3,83,1001.1,18.6,47,2026-07-10 01:00:00+00:00
28.6,81,1001.5,20.8,59,2026-07-10 02:00:00+00:00
29.4,76,1002.3,21.8,76,2026-07-10 03:00:00+00:00
30.0,73,1002.5,22.4,91,2026-07-10 04:00:00+00:00
30.4,71,1002.7,22.1,99,2026-07-10 05:00:00+00:00
30.9,68,1002.9,22.2,100,2026-07-10 06:00:00+00:00
30.9,67,1002.7,22.8,98,2026-07-10 07:00:00+00:00
31.0,69,1002.4,23.5,99,2026-07-10 08:00:00+00:00
30.5,71,1001.8,23.3,97,2026-07-10 09:00:00+00:00
31.0,68,1001.3,23.7,99,2026-07-10 10:00:00+00:00
30.2,74,1001.1,23.7,77,2026-07-10 11:00:00+00:00
30.6,70,1000.8,23.6,62,2026-07-10 12:00:00+00:00
29.9,74,1000.7,24.0,98,2026-07-10 13:00:00+00:00
29.3,77,1001.0,23.2,98,2026-07-10 14:00:00+00:00
29.0,80,1001.3,21.5,98,2026-07-10 15:00:00+00:00
28.6,83,1001.7,20.7,88,2026-07-10 16:00:00+00:00
28.4,84,1002.3,20.1,95,2026-07-10 17:00:00+00:00
28.5,84,1001.7,19.0,29,2026-07-10 18:00:00+00:00
28.3,85,1001.5,18.3,30,2026-07-10 19:00:00+00:00
28.1,85,1000.8,19.4,21,2026-07-10 20:00:00+00:00
28.1,86,1000.3,21.7,11,2026-07-10 21:00:00+00:00
28.1,86,1000.1,21.9,38,2026-07-10 22:00:00+00:00
28.1,86,1000.0,21.6,38,2026-07-10 23:00:00+00:00
27.9,87,1000.0,23.1,38,2026-07-11 00:00:00+00:00
27.9,87,1000.2,21.5,52,2026-07-11 01:00:00+00:00
28.3,84,1000.4,22.4,52,2026-07-11 02:00:00+00:00
29.1,79,1000.7,24.0,41,2026-07-11 03:00:00+00:00
30.1,73,1000.8,23.9,95,2026-07-11 04:00:00+00:00
30.6,70,1000.8,25.0,98,2026-07-11 05:00:00+00:00
30.7,70,1000.7,24.9,87,2026-07-11 06:00:00+00:00
31.0,69,1000.1,24.4,96,2026-07-11 07:00:00+00:00
31.1,68,999.5,23.2,99,2026-07-11 08:00:00+00:00
30.8,70,999.0,23.3,98,2026-07-11 09:00:00+00:00
30.6,72,998.6,24.1,90,2026-07-11 10:00:00+00:00
30.4,73,998.1,24.0,55,2026-07-11 11:00:00+00:00
30.2,73,997.8,24.1,52,2026-07-11 12:00:00+00:00
29.7,76,997.9,22.4,32,2026-07-11 13:00:00+00:00
28.9,82,997.7,19.5,27,2026-07-11 14:00:00+00:00
28.5,85,998.0,17.2,14,2026-07-11 15:00:00+00:00
28.5,85,998.8,16.1,20,2026-07-11 16:00:00+00:00
28.4,85,999.3,14.2,63,2026-07-11 17:00:00+00:00
28.8,83,998.7,15.9,77,2026-07-11 18:00:00+00:00
28.5,85,998.2,16.7,80,2026-07-11 19:00:00+00:00
28.4,85,997.6,17.4,95,2026-07-11 20:00:00+00:00
28.3,85,996.9,17.2,90,2026-07-11 21:00:00+00:00
28.1,86,996.4,16.4,4,2026-07-11 22:00:00+00:00
28.1,85,995.8,16.3,0,2026-07-11 23:00:00+00:00
28.4,85,995.1,18.8,74,2026-07-12 00:00:00+00:00
28.4,85,995.4,18.3,29,2026-07-12 01:00:00+00:00
28.9,83,995.6,15.9,2,2026-07-12 02:00:00+00:00
29.9,78,995.7,19.0,1,2026-07-12 03:00:00+00:00
30.8,74,995.8,19.7,9,2026-07-12 04:00:00+00:00
31.6,71,995.4,19.7,13,2026-07-12 05:00:00+00:00
31.5,71,995.6,22.6,30,2026-07-12 06:00:00+00:00
32.2,67,995.2,20.3,7,2026-07-12 07:00:00+00:00
32.8,66,994.8,20.1,0,2026-07-12 08:00:00+00:00
32.8,66,994.3,20.4,0,2026-07-12 09:00:00+00:00
32.6,65,993.8,21.1,11,2026-07-12 10:00:00+00:00
32.2,67,993.4,19.7,2,2026-07-12 11:00:00+00:00
31.3,71,993.9,17.8,2,2026-07-12 12:00:00+00:00
30.4,74,994.2,16.6,2,2026-07-12 13:00:00+00:00
29.7,77,994.8,13.8,2,2026-07-12 14:00:00+00:00
29.4,79,995.5,13.4,6,2026-07-12 15:00:00+00:00
29.1,80,996.2,15.7,41,2026-07-12 16:00:00+00:00
29.0,80,996.6,15.1,23,2026-07-12 17:00:00+00:00
29.4,78,996.9,15.8,54,2026-07-12 18:00:00+00:00
29.1,80,996.8,14.9,47,2026-07-12 19:00:00+00:00
29.0,80,996.9,14.2,27,2026-07-12 20:00:00+00:00
28.9,79,996.2,16.3,48,2026-07-12 21:00:00+00:00
28.8,79,995.9,16.7,31,2026-07-12 22:00:00+00:00
28.8,79,995.8,17.6,84,2026-07-12 23:00:00+00:00
28.8,80,996.3,15.5,100,2026-07-13 00:00:00+00:00
28.7,81,996.6,15.5,98,2026-07-13 01:00:00+00:00
29.1,79,997.3,14.2,100,2026-07-13 02:00:00+00:00
30.0,73,997.8,17.3,99,2026-07-13 03:00:00+00:00
30.7,70,998.2,18.7,43,2026-07-13 04:00:00+00:00
31.3,67,998.4,19.4,49,2026-07-13 05:00:00+00:00
31.9,66,999.1,19.5,82,2026-07-13 06:00:00+00:00
31.9,66,999.2,20.4,66,2026-07-13 07:00:00+00:00
31.7,67,999.1,22.4,58,2026-07-13 08:00:00+00:00
31.4,68,998.8,22.4,94,2026-07-13 09:00:00+00:00
31.1,69,998.5,22.7,70,2026-07-13 10:00:00+00:00
30.6,71,998.1,22.1,40,2026-07-13 11:00:00+00:00
30.2,73,998.2,21.6,59,2026-07-13 12:00:00+00:00
29.5,76,998.5,21.0,23,2026-07-13 13:00:00+00:00
28.9,78,999.2,21.8,41,2026-07-13 14:00:00+00:00
28.4,81,999.9,21.1,56,2026-07-13 15:00:00+00:00
28.3,81,1000.6,20.6,34,2026-07-13 16:00:00+00:00
28.0,83,1001.2,19.3,44,2026-07-13 17:00:00+00:00
28.3,84,1000.9,16.8,23,2026-07-13 18:00:00+00:00
28.0,86,1000.9,15.6,20,2026-07-13 19:00:00+00:00
27.9,87,1000.4,16.9,13,2026-07-13 20:00:00+00:00
27.7,88,1000.0,17.1,34,2026-07-13 21:00:00+00:00
27.7,87,999.5,18.1,30,2026-07-13 22:00:00+00:00
27.5,88,999.5,17.5,33,2026-07-13 23:00:00+00:00
27.8,88,999.6,16.7,30,2026-07-14 00:00:00+00:00
27.8,87,999.9,17.2,50,2026-07-14 01:00:00+00:00
28.1,84,1000.3,18.6,77,2026-07-14 02:00:00+00:00
28.7,81,1000.7,19.7,97,2026-07-14 03:00:00+00:00
29.4,77,1001.0,19.2,100,2026-07-14 04:00:00+00:00
29.6,77,1001.5,19.9,99,2026-07-14 05:00:00+00:00
30.3,72,1001.6,19.7,63,2026-07-14 06:00:00+00:00
30.7,71,1001.5,19.6,48,2026-07-14 07:00:00+00:00
30.8,71,1001.3,19.2,49,2026-07-14 08:00:00+00:00
30.5,73,1000.9,19.4,54,2026-07-14 09:00:00+00:00
30.2,73,1000.6,19.7,81,2026-07-14 10:00:00+00:00
29.7,74,1000.5,20.4,98,2026-07-14 11:00:00+00:00
30.0,72,1000.2,19.0,98,2026-07-14 12:00:00+00:00
29.1,77,1000.4,17.0,99,2026-07-14 13:00:00+00:00
28.7,79,1000.7,16.4,98,2026-07-14 14:00:00+00:00
28.3,84,1000.8,18.5,79,2026-07-14 15:00:00+00:00
28.1,84,1001.7,16.3,27,2026-07-14 16:00:00+00:00
28.2,81,1002.4,15.3,64,2026-07-14 17:00:00+00:00
28.4,80,1002.0,14.8,38,2026-07-14 18:00:00+00:00
28.2,80,1002.1,14.8,26,2026-07-14 19:00:00+00:00
27.9,81,1001.9,15.0,45,2026-07-14 20:00:00+00:00
27.6,85,1001.3,16.1,95,2026-07-14 21:00:00+00:00
27.6,86,1001.1,15.7,99,2026-07-14 22:00:00+00:00
27.4,87,1000.8,14.0,87,2026-07-14 23:00:00+00:00
28.0,84,1001.1,13.0,90,2026-07-15 00:00:00+00:00
28.0,81,1000.9,13.2,71,2026-07-15 01:00:00+00:00
28.3,79,1001.5,13.8,43,2026-07-15 02:00:00+00:00
29.0,74,1001.7,15.9,69,2026-07-15 03:00:00+00:00
29.7,71,1002.1,15.9,54,2026-07-15 04:00:00+00:00
30.4,68,1002.3,15.7,66,2026-07-15 05:00:00+00:00
30.9,66,1002.5,16.4,74,2026-07-15 06:00:00+00:00
30.7,68,1002.3,16.5,54,2026-07-15 07:00:00+00:00
30.9,68,1002.0,17.1,44,2026-07-15 08:00:00+00:00
31.0,67,1001.5,16.2,41,2026-07-15 09:00:00+00:00
30.7,67,1001.5,15.9,56,2026-07-15 10:00:00+00:00
30.2,69,1001.2,15.5,55,2026-07-15 11:00:00+00:00
30.5,68,1001.4,15.5,68,2026-07-15 12:00:00+00:00
29.7,72,1001.4,13.8,68,2026-07-15 13:00:00+00:00
29.1,76,1001.5,13.7,98,2026-07-15 14:00:00+00:00
28.6,79,1001.9,13.6,95,2026-07-15 15:00:00+00:00
28.2,82,1002.4,12.5,91,2026-07-15 16:00:00+00:00
28.0,83,1002.9,13.1,61,2026-07-15 17:00:00+00:00
28.1,83,1003.2,11.2,50,2026-07-15 18:00:00+00:00
27.9,84,1003.1,9.9,35,2026-07-15 19:00:00+00:00
27.7,85,1003.0,9.2,30,2026-07-15 20:00:00+00:00
27.5,85,1002.6,9.2,25,2026-07-15 21:00:00+00:00
27.2,87,1002.4,9.5,56,2026-07-15 22:00:00+00:00
27.3,87,1002.1,10.0,52,2026-07-15 23:00:00+00:00
27.5,89,1002.3,9.6,27,2026-07-16 00:00:00+00:00
27.3,90,1002.8,9.2,29,2026-07-16 01:00:00+00:00
27.3,90,1003.3,11.3,45,2026-07-16 02:00:00+00:00
28.6,82,1003.6,12.9,28,2026-07-16 03:00:00+00:00
29.6,75,1003.8,13.2,56,2026-07-16 04:00:00+00:00
30.2,71,1003.9,14.4,100,2026-07-16 05:00:00+00:00
31.1,66,1004.0,13.3,92,2026-07-16 06:00:00+00:00
31.2,66,1003.6,12.9,41,2026-07-16 07:00:00+00:00
31.6,65,1003.0,13.4,72,2026-07-16 08:00:00+00:00
31.1,67,1002.7,13.7,29,2026-07-16 09:00:00+00:00
31.0,68,1002.2,14.0,16,2026-07-16 10:00:00+00:00
30.6,69,1002.1,13.6,37,2026-07-16 11:00:00+00:00
30.2,70,1002.4,12.9,58,2026-07-16 12:00:00+00:00
29.6,72,1002.3,11.2,28,2026-07-16 13:00:00+00:00
29.2,74,1002.5,10.4,34,2026-07-16 14:00:00+00:00
28.7,77,1002.6,11.2,32,2026-07-16 15:00:00+00:00
28.5,79,1002.9,12.0,36,2026-07-16 16:00:00+00:00
28.3,80,1003.4,11.8,47,2026-07-16 17:00:00+00:00
28.4,81,1003.4,11.0,34,2026-07-16 18:00:00+00:00
28.0,82,1003.0,11.5,42,2026-07-16 19:00:00+00:00
27.7,84,1002.8,11.7,30,2026-07-16 20:00:00+00:00
27.8,83,1002.4,11.2,14,2026-07-16 21:00:00+00:00
27.4,85,1002.0,12.1,41,2026-07-16 22:00:00+00:00
27.3,86,1001.8,12.7,52,2026-07-16 23:00:00+00:00
27.7,86,1001.9,12.4,41,2026-07-17 00:00:00+00:00
27.5,87,1002.5,11.4,41,2026-07-17 01:00:00+00:00
27.9,85,1002.9,13.6,45,2026-07-17 02:00:00+00:00
28.7,79,1003.2,14.6,46,2026-07-17 03:00:00+00:00
29.7,73,1003.5,14.2,29,2026-07-17 04:00:00+00:00
30.5,69,1003.5,15.0,54,2026-07-17 05:00:00+00:00
31.2,64,1003.6,15.1,62,2026-07-17 06:00:00+00:00
31.0,65,1003.5,14.7,80,2026-07-17 07:00:00+00:00
31.0,66,1002.8,15.1,81,2026-07-17 08:00:00+00:00
30.6,69,1002.2,16.9,84,2026-07-17 09:00:00+00:00
30.4,72,1001.5,18.8,47,2026-07-17 10:00:00+00:00
30.3,71,1001.5,17.4,13,2026-07-17 11:00:00+00:00
30.3,68,1001.4,16.8,13,2026-07-17 12:00:00+00:00
29.5,71,1001.3,16.6,11,2026-07-17 13:00:00+00:00
28.9,74,1001.7,16.5,64,2026-07-17 14:00:00+00:00
28.7,75,1002.2,16.7,27,2026-07-17 15:00:00+00:00
28.5,77,1002.7,16.8,31,2026-07-17 16:00:00+00:00
28.3,78,1003.3,16.6,27,2026-07-17 17:00:00+00:00
28.2,78,1003.1,16.1,38,2026-07-17 18:00:00+00:00
28.1,79,1002.8,15.5,42,2026-07-17 19:00:00+00:00
27.8,81,1002.4,14.9,36,2026-07-17 20:00:00+00:00
27.7,82,1001.7,15.7,39,2026-07-17 21:00:00+00:00
27.5,83,1001.4,16.3,44,2026-07-17 22:00:00+00:00
27.5,83,1001.4,14.8,55,2026-07-17 23:00:00+00:00
27.6,85,1001.6,15.4,37,2026-07-18 00:00:00+00:00
27.6,83,1002.0,15.0,31,2026-07-18 01:00:00+00:00
27.9,80,1002.2,16.9,27,2026-07-18 02:00:00+00:00
28.6,76,1002.4,17.6,33,2026-07-18 03:00:00+00:00
29.6,70,1002.5,17.4,30,2026-07-18 04:00:00+00:00
30.4,64,1002.4,18.1,99,2026-07-18 05:00:00+00:00
30.6,65,1002.2,20.5,77,2026-07-18 06:00:00+00:00
30.8,65,1001.8,20.6,75,2026-07-18 07:00:00+00:00
31.0,64,1001.3,20.0,59,2026-07-18 08:00:00+00:00
31.1,63,1000.9,20.0,99,2026-07-18 09:00:00+00:00
30.0,70,1000.6,20.6,76,2026-07-18 10:00:00+00:00
30.1,70,1000.4,20.4,70,2026-07-18 11:00:00+00:00
29.8,70,1000.3,19.8,38,2026-07-18 12:00:00+00:00
29.2,72,1000.2,18.9,29,2026-07-18 13:00:00+00:00
28.7,73,1000.3,19.8,52,2026-07-18 14:00:00+00:00
28.6,75,1000.9,18.2,52,2026-07-18 15:00:00+00:00
28.5,77,1001.8,18.0,52,2026-07-18 16:00:00+00:00
28.4,79,1002.0,16.1,34,2026-07-18 17:00:00+00:00
28.5,78,1001.8,17.2,43,2026-07-18 18:00:00+00:00
28.2,80,1001.3,16.5,43,2026-07-18 19:00:00+00:00
28.0,81,1000.8,15.5,27,2026-07-18 20:00:00+00:00
27.7,82,1000.4,14.5,27,2026-07-18 21:00:00+00:00
27.7,82,1000.1,13.4,34,2026-07-18 22:00:00+00:00
27.6,82,1000.1,14.1,55,2026-07-18 23:00:00+00:00
27.5,88,1000.2,13.9,80,2026-07-19 00:00:00+00:00
27.6,88,1000.3,13.5,47,2026-07-19 01:00:00+00:00
27.9,85,1000.6,14.5,52,2026-07-19 02:00:00+00:00
28.7,80,1000.7,15.2,54,2026-07-19 03:00:00+00:00
29.4,75,1000.9,17.2,100,2026-07-19 04:00:00+00:00
28.9,77,1001.3,16.7,100,2026-07-19 05:00:00+00:00
29.4,75,1001.1,16.4,100,2026-07-19 06:00:00+00:00
29.8,73,1000.9,15.7,100,2026-07-19 07:00:00+00:00
29.9,73,1000.3,16.6,98,2026-07-19 08:00:00+00:00
29.9,74,1000.0,17.3,97,2026-07-19 09:00:00+00:00
29.6,75,999.7,17.1,99,2026-07-19 10:00:00+00:00
29.5,77,999.4,16.5,96,2026-07-19 11:00:00+00:00
29.9,73,999.1,14.8,79,2026-07-19 12:00:00+00:00
29.2,75,999.2,13.0,80,2026-07-19 13:00:00+00:00
28.8,76,999.6,14.0,100,2026-07-19 14:00:00+00:00
28.4,81,1000.2,12.7,96,2026-07-19 15:00:00+00:00
28.2,83,1000.9,11.3,96,2026-07-19 16:00:00+00:00
27.9,85,1001.5,11.6,100,2026-07-19 17:00:00+00:00
28.2,83,1001.2,12.2,99,2026-07-19 18:00:00+00:00
28.3,82,1000.8,11.5,54,2026-07-19 19:00:00+00:00
27.9,84,1000.3,10.1,47,2026-07-19 20:00:00+00:00
27.6,87,999.7,10.7,48,2026-07-19 21:00:00+00:00
27.4,88,999.5,10.6,74,2026-07-19 22:00:00+00:00
27.5,87,999.6,8.8,50,2026-07-19 23:00:00+00:00
27.7,89,999.4,8.9,99,2026-07-20 00:00:00+00:00
27.5,90,999.5,10.5,95,2026-07-20 01:00:00+00:00
28.0,87,1000.1,11.6,69,2026-07-20 02:00:00+00:00
28.6,82,1000.3,12.9,100,2026-07-20 03:00:00+00:00
28.9,80,1000.7,13.9,100,2026-07-20 04:00:00+00:00
29.4,77,1000.7,14.0,98,2026-07-20 05:00:00+00:00
29.9,74,1000.6,14.8,98,2026-07-20 06:00:00+00:00
30.5,71,1000.4,14.4,64,2026-07-20 07:00:00+00:00
31.2,68,999.8,14.4,33,2026-07-20 08:00:00+00:00
31.1,68,999.3,14.8,53,2026-07-20 09:00:00+00:00
30.7,70,999.0,15.2,63,2026-07-20 10:00:00+00:00
30.4,70,998.5,15.7,59,2026-07-20 11:00:00+00:00
30.3,72,998.5,13.0,95,2026-07-20 12:00:00+00:00
29.4,76,998.7,13.3,98,2026-07-20 13:00:00+00:00
29.0,78,999.1,12.9,98,2026-07-20 14:00:00+00:00
28.5,81,999.7,13.6,96,2026-07-20 15:00:00+00:00
28.3,83,1000.3,14.2,99,2026-07-20 16:00:00+00:00
28.2,84,1000.9,13.8,100,2026-07-20 17:00:00+00:00
28.3,82,1001.1,12.1,99,2026-07-20 18:00:00+00:00
28.2,83,1000.6,12.0,99,2026-07-20 19:00:00+00:00
28.1,84,1000.3,12.1,98,2026-07-20 20:00:00+00:00
27.9,85,999.6,9.8,98,2026-07-20 21:00:00+00:00
27.8,87,999.3,9.2,100,2026-07-20 22:00:00+00:00
27.6,88,999.0,10.6,100,2026-07-20 23:00:00+00:00
28.0,86,998.8,9.8,97,2026-07-21 00:00:00+00:00
27.8,87,999.1,9.4,98,2026-07-21 01:00:00+00:00
28.1,86,999.7,7.9,100,2026-07-21 02:00:00+00:00
28.7,81,999.8,9.4,100,2026-07-21 03:00:00+00:00
29.1,79,1000.0,10.7,100,2026-07-21 04:00:00+00:00
29.2,79,1000.2,10.6,84,2026-07-21 05:00:00+00:00
30.3,72,1000.5,11.0,100,2026-07-21 06:00:00+00:00
30.1,72,1000.4,11.1,100,2026-07-21 07:00:00+00:00
30.1,73,999.9,9.8,100,2026-07-21 08:00:00+00:00
30.4,73,999.1,11.5,100,2026-07-21 09:00:00+00:00
30.3,74,998.5,13.3,100,2026-07-21 10:00:00+00:00
29.7,78,998.1,13.6,94,2026-07-21 11:00:00+00:00
30.1,75,998.2,13.0,82,2026-07-21 12:00:00+00:00
29.5,77,998.5,13.5,75,2026-07-21 13:00:00+00:00
28.7,83,998.7,13.8,55,2026-07-21 14:00:00+00:00
28.5,84,999.3,11.8,13,2026-07-21 15:00:00+00:00
28.4,84,999.8,12.4,38,2026-07-21 16:00:00+00:00
28.1,85,1000.2,10.6,35,2026-07-21 17:00:00+00:00
28.6,83,1000.4,9.9,66,2026-07-21 18:00:00+00:00
28.5,82,999.9,10.6,64,2026-07-21 19:00:00+00:00
28.1,84,999.7,10.6,87,2026-07-21 20:00:00+00:00
28.0,85,999.0,9.8,45,2026-07-21 21:00:00+00:00
27.8,86,998.7,8.8,24,2026-07-21 22:00:00+00:00
27.6,87,998.5,8.5,27,2026-07-21 23:00:00+00:00
28.1,86,998.4,4.4,100,2026-07-22 00:00:00+00:00
28.0,87,998.7,4.1,77,2026-07-22 01:00:00+00:00
28.4,85,999.3,4.8,70,2026-07-22 02:00:00+00:00
29.2,80,999.4,4.9,25,2026-07-22 03:00:00+00:00
30.3,74,999.5,8.0,31,2026-07-22 04:00:00+00:00
31.2,70,999.5,9.8,31,2026-07-22 05:00:00+00:00
31.4,69,999.3,11.5,100,2026-07-22 06:00:00+00:00
31.2,70,999.1,11.8,100,2026-07-22 07:00:00+00:00
31.3,70,998.4,12.1,98,2026-07-22 08:00:00+00:00
31.1,72,997.9,13.4,98,2026-07-22 09:00:00+00:00
30.5,75,997.4,12.9,98,2026-07-22 10:00:00+00:00
30.5,74,996.9,12.1,84,2026-07-22 11:00:00+00:00
31.1,72,996.6,11.6,32,2026-07-22 12:00:00+00:00
30.2,77,997.5,11.6,30,2026-07-22 13:00:00+00:00
29.2,82,997.8,12.2,16,2026-07-22 14:00:00+00:00
28.5,84,998.1,11.4,25,2026-07-22 15:00:00+00:00
28.9,81,998.5,14.2,55,2026-07-22 16:00:00+00:00
28.8,81,999.2,12.2,27,2026-07-22 17:00:00+00:00
29.0,79,999.3,11.8,30,2026-07-22 18:00:00+00:00
28.7,80,998.9,12.2,92,2026-07-22 19:00:00+00:00
28.6,81,998.6,11.3,98,2026-07-22 20:00:00+00:00
28.3,83,997.9,10.1,87,2026-07-22 21:00:00+00:00
28.1,84,997.7,8.6,78,2026-07-22 22:00:00+00:00
28.1,84,997.5,5.6,50,2026-07-22 23:00:00+00:00
28.5,82,997.8,2.8,58,2026-07-23 00:00:00+00:00
28.2,84,997.8,2.8,64,2026-07-23 01:00:00+00:00
28.7,81,998.5,2.6,76,2026-07-23 02:00:00+00:00
29.5,77,998.0,5.7,33,2026-07-23 03:00:00+00:00
30.4,73,998.6,4.7,95,2026-07-23 04:00:00+00:00
30.7,72,998.5,7.7,84,2026-07-23 05:00:00+00:00
31.9,65,998.4,5.3,47,2026-07-23 06:00:00+00:00
32.8,61,997.9,8.6,38,2026-07-23 07:00:00+00:00
32.0,64,997.5,15.5,7,2026-07-23 08:00:00+00:00
32.1,63,996.7,14.8,2,2026-07-23 09:00:00+00:00
32.1,66,996.2,13.2,3,2026-07-23 10:00:00+00:00
31.9,66,995.8,11.4,5,2026-07-23 11:00:00+00:00
31.2,71,995.6,12.1,2,2026-07-23 12:00:00+00:00
30.5,75,995.8,12.1,7,2026-07-23 13:00:00+00:00
29.7,78,996.7,8.0,9,2026-07-23 14:00:00+00:00
29.3,82,996.4,12.0,18,2026-07-23 15:00:00+00:00
29.3,82,997.2,11.6,60,2026-07-23 16:00:00+00:00
29.1,83,998.1,11.6,53,2026-07-23 17:00:00+00:00
29.4,82,999.1,10.5,62,2026-07-23 18:00:00+00:00
29.0,84,998.6,9.9,31,2026-07-23 19:00:00+00:00
28.8,84,998.4,8.5,47,2026-07-23 20:00:00+00:00
28.6,85,997.7,7.5,90,2026-07-23 21:00:00+00:00
28.6,84,997.6,6.4,90,2026-07-23 22:00:00+00:00
28.4,85,997.5,4.3,46,2026-07-23 23:00:00+00:00
28.8,85,997.3,5.6,92,2026-07-24 00:00:00+00:00
28.6,86,997.8,5.4,80,2026-07-24 01:00:00+00:00
28.9,85,998.5,5.6,87,2026-07-24 02:00:00+00:00
29.9,79,998.5,5.2,87,2026-07-24 03:00:00+00:00
30.9,74,999.0,5.6,75,2026-07-24 04:00:00+00:00
31.9,69,999.3,8.1,73,2026-07-24 05:00:00+00:00
33.1,63,999.4,8.9,70,2026-07-24 06:00:00+00:00
32.6,66,999.0,13.9,87,2026-07-24 07:00:00+00:00
32.4,65,998.5,15.1,93,2026-07-24 08:00:00+00:00
32.5,64,997.8,13.0,90,2026-07-24 09:00:00+00:00
32.0,67,997.2,13.0,80,2026-07-24 10:00:00+00:00
31.4,69,997.1,12.5,93,2026-07-24 11:00:00+00:00
31.0,72,996.7,12.5,13,2026-07-24 12:00:00+00:00
30.3,75,996.4,12.1,40,2026-07-24 13:00:00+00:00
29.8,78,996.9,12.1,93,2026-07-24 14:00:00+00:00
29.8,79,997.6,11.3,100,2026-07-24 15:00:00+00:00
29.7,80,998.6,9.2,100,2026-07-24 16:00:00+00:00
29.5,82,999.4,9.3,100,2026-07-24 17:00:00+00:00
29.1,79,998.9,8.3,100,2026-07-24 18:00:00+00:00
28.9,80,998.6,10.0,100,2026-07-24 19:00:00+00:00
28.6,82,998.7,11.0,100,2026-07-24 20:00:00+00:00
28.5,82,998.4,10.6,99,2026-07-24 21:00:00+00:00
28.4,82,998.7,7.0,100,2026-07-24 22:00:00+00:00
28.4,83,998.4,7.1,98,2026-07-24 23:00:00+00:00
28.4,83,998.5,8.8,100,2026-07-25 00:00:00+00:00
28.2,84,998.8,9.0,96,2026-07-25 01:00:00+00:00
28.4,84,999.4,9.3,90,2026-07-25 02:00:00+00:00
29.2,79,1000.1,10.3,99,2026-07-25 03:00:00+00:00
30.1,74,1000.6,10.4,100,2026-07-25 04:00:00+00:00
30.4,73,1001.1,10.3,100,2026-07-25 05:00:00+00:00
30.7,70,1001.2,11.8,100,2026-07-25 06:00:00+00:00
31.0,69,1000.9,10.6,100,2026-07-25 07:00:00+00:00
31.6,66,1000.6,9.7,100,2026-07-25 08:00:00+00:00
31.5,66,1000.0,10.1,94,2026-07-25 09:00:00+00:00
31.3,67,999.6,12.5,99,2026-07-25 10:00:00+00:00
31.0,69,999.2,14.4,98,2026-07-25 11:00:00+00:00
30.5,71,998.8,11.9,99,2026-07-25 12:00:00+00:00
29.6,75,999.1,10.5,100,2026-07-25 13:00:00+00:00
29.2,78,999.8,10.8,100,2026-07-25 14:00:00+00:00
28.9,80,999.9,12.3,100,2026-07-25 15:00:00+00:00
28.9,80,1000.8,12.0,100,2026-07-25 16:00:00+00:00
28.9,80,1001.1,14.5,100,2026-07-25 17:00:00+00:00
28.4,79,1001.3,9.2,100,2026-07-25 18:00:00+00:00
28.2,80,1000.7,9.0,100,2026-07-25 19:00:00+00:00
28.2,79,1000.4,6.4,100,2026-07-25 20:00:00+00:00
28.1,80,1000.1,6.7,100,2026-07-25 21:00:00+00:00
28.1,80,1000.3,5.8,100,2026-07-25 22:00:00+00:00
28.2,80,1000.2,6.1,100,2026-07-25 23:00:00+00:00
28.5,79,1000.0,9.1,100,2026-07-26 00:00:00+00:00
28.4,79,1000.5,9.4,100,2026-07-26 01:00:00+00:00
28.6,77,1001.2,11.0,89,2026-07-26 02:00:00+00:00
29.3,74,1001.6,9.9,100,2026-07-26 03:00:00+00:00
29.9,70,1001.8,10.1,100,2026-07-26 04:00:00+00:00
30.4,68,1002.3,10.4,99,2026-07-26 05:00:00+00:00
31.2,65,1002.6,11.0,78,2026-07-26 06:00:00+00:00
32.5,60,1002.2,10.3,100,2026-07-26 07:00:00+00:00
32.5,61,1001.6,12.5,78,2026-07-26 08:00:00+00:00
32.0,63,1001.2,15.6,63,2026-07-26 09:00:00+00:00
31.8,64,1000.3,14.8,59,2026-07-26 10:00:00+00:00
31.2,66,999.8,13.6,91,2026-07-26 11:00:00+00:00
31.1,67,999.8,13.3,27,2026-07-26 12:00:00+00:00
30.2,70,1000.1,11.8,51,2026-07-26 13:00:00+00:00
29.4,74,1000.7,11.3,50,2026-07-26 14:00:00+00:00
28.9,77,1001.1,11.8,46,2026-07-26 15:00:00+00:00
28.7,79,1001.5,11.2,44,2026-07-26 16:00:00+00:00
28.4,81,1001.6,11.0,36,2026-07-26 17:00:00+00:00
28.7,79,1001.3,9.1,71,2026-07-26 18:00:00+00:00
28.5,80,1001.6,9.5,39,2026-07-26 19:00:00+00:00
28.4,81,1001.4,11.4,53,2026-07-26 20:00:00+00:00
28.3,81,1000.8,11.7,55,2026-07-26 21:00:00+00:00
28.2,81,1000.6,11.5,54,2026-07-26 22:00:00+00:00
28.1,82,1000.5,11.6,63,2026-07-26 23:00:00+00:00
28.5,81,1000.2,11.9,51,2026-07-27 00:00:00+00:00
28.3,81,1000.3,10.2,42,2026-07-27 01:00:00+00:00
28.8,79,1000.9,11.6,63,2026-07-27 02:00:00+00:00
29.7,74,1001.2,13.0,61,2026-07-27 03:00:00+00:00
30.7,68,1001.2,13.0,39,2026-07-27 04:00:00+00:00
31.9,62,1000.9,13.9,95,2026-07-27 05:00:00+00:00
31.5,65,1000.8,15.0,62,2026-07-27 06:00:00+00:00
32.2,62,1000.6,15.7,65,2026-07-27 07:00:00+00:00
32.1,62,1000.2,16.9,99,2026-07-27 08:00:00+00:00
31.7,64,999.7,17.2,100,2026-07-27 09:00:00+00:00
31.6,64,998.8,17.2,97,2026-07-27 10:00:00+00:00
31.4,65,998.0,17.3,99,2026-07-27 11:00:00+00:00
31.3,64,998.0,16.7,91,2026-07-27 12:00:00+00:00
30.4,68,998.0,16.9,90,2026-07-27 13:00:00+00:00
29.5,73,998.2,16.9,66,2026-07-27 14:00:00+00:00
29.1,77,998.9,16.8,56,2026-07-27 15:00:00+00:00
28.6,80,999.5,15.8,58,2026-07-27 16:00:00+00:00
28.4,82,999.6,15.6,35,2026-07-27 17:00:00+00:00
28.7,79,999.2,15.0,79,2026-07-27 18:00:00+00:00
28.4,79,999.1,14.0,82,2026-07-27 19:00:00+00:00
28.3,79,998.6,13.4,61,2026-07-27 20:00:00+00:00
28.0,81,998.0,14.4,48,2026-07-27 21:00:00+00:00
27.9,80,997.5,14.9,46,2026-07-27 22:00:00+00:00
27.9,80,997.3,15.1,40,2026-07-27 23:00:00+00:00
27.9,86,997.3,15.6,23,2026-07-28 00:00:00+00:00
27.7,87,997.4,14.5,34,2026-07-28 01:00:00+00:00
28.1,84,997.9,14.6,42,2026-07-28 02:00:00+00:00
29.0,78,998.2,15.3,36,2026-07-28 03:00:00+00:00
30.1,71,998.5,15.8,58,2026-07-28 04:00:00+00:00
30.9,66,998.3,16.7,100,2026-07-28 05:00:00+00:00
31.1,65,998.5,16.9,60,2026-07-28 06:00:00+00:00
31.4,64,998.4,17.3,84,2026-07-28 07:00:00+00:00
31.3,65,998.0,16.6,74,2026-07-28 08:00:00+00:00
31.7,63,997.5,17.6,48,2026-07-28 09:00:00+00:00
31.8,62,996.8,17.8,48,2026-07-28 10:00:00+00:00
31.1,68,996.3,17.6,52,2026-07-28 11:00:00+00:00
30.7,71,996.1,18.4,80,2026-07-28 12:00:00+00:00
29.7,76,996.2,19.0,63,2026-07-28 13:00:00+00:00
28.9,81,996.7,16.9,14,2026-07-28 14:00:00+00:00
28.6,82,996.9,15.9,23,2026-07-28 15:00:00+00:00
28.8,79,997.9,14.0,37,2026-07-28 16:00:00+00:00
28.6,82,998.6,12.2,28,2026-07-28 17:00:00+00:00
28.9,82,998.5,10.4,37,2026-07-28 18:00:00+00:00
28.6,85,998.4,11.4,47,2026-07-28 19:00:00+00:00
28.3,87,998.2,12.0,87,2026-07-28 20:00:00+00:00
28.2,86,997.8,12.4,81,2026-07-28 21:00:00+00:00
27.7,91,997.4,12.9,63,2026-07-28 22:00:00+00:00
27.7,92,997.3,12.8,78,2026-07-28 23:00:00+00:00
28.0,91,997.2,11.9,94,2026-07-29 00:00:00+00:00
28.0,91,997.6,12.4,100,2026-07-29 01:00:00+00:00
28.4,87,997.9,15.1,100,2026-07-29 02:00:00+00:00
29.3,81,998.2,16.5,99,2026-07-29 03:00:00+00:00
30.4,75,998.5,16.6,99,2026-07-29 04:00:00+00:00
31.8,66,998.6,15.9,96,2026-07-29 05:00:00+00:00
32.2,64,998.8,16.1,61,2026-07-29 06:00:00+00:00
32.8,61,998.7,14.9,79,2026-07-29 07:00:00+00:00
33.2,59,998.3,14.9,66,2026-07-29 08:00:00+00:00
32.5,64,997.8,16.3,97,2026-07-29 09:00:00+00:00
31.6,68,997.3,18.1,95,2026-07-29 10:00:00+00:00
31.0,71,996.9,17.1,38,2026-07-29 11:00:00+00:00
31.0,72,997.1,14.9,88,2026-07-29 12:00:00+00:00
29.9,77,997.2,14.3,59,2026-07-29 13:00:00+00:00
28.9,83,997.3,14.1,6,2026-07-29 14:00:00+00:00
28.4,85,997.9,11.6,14,2026-07-29 15:00:00+00:00
28.6,84,998.9,10.7,22,2026-07-29 16:00:00+00:00
28.6,83,999.2,8.6,35,2026-07-29 17:00:00+00:00
28.8,84,998.6,8.9,29,2026-07-29 18:00:00+00:00
28.4,87,998.1,9.7,20,2026-07-29 19:00:00+00:00
28.4,87,998.0,9.0,34,2026-07-29 20:00:00+00:00
28.1,89,997.8,8.9,48,2026-07-29 21:00:00+00:00
28.0,90,997.1,9.7,99,2026-07-29 22:00:00+00:00
27.8,90,996.7,10.5,48,2026-07-29 23:00:00+00:00
28.0,91,996.9,8.9,88,2026-07-30 00:00:00+00:00
27.9,91,996.8,9.0,75,2026-07-30 01:00:00+00:00
28.4,88,997.1,8.7,60,2026-07-30 02:00:00+00:00
29.4,81,997.3,9.2,59,2026-07-30 03:00:00+00:00
30.9,73,997.6,9.1,55,2026-07-30 04:00:00+00:00
32.1,67,997.5,8.5,55,2026-07-30 05:00:00+00:00
32.1,68,997.8,9.9,100,2026-07-30 06:00:00+00:00
32.8,66,997.3,10.6,100,2026-07-30 07:00:00+00:00
32.9,66,997.1,11.2,5,2026-07-30 08:00:00+00:00
32.9,67,996.4,12.9,16,2026-07-30 09:00:00+00:00
32.3,69,995.9,13.0,30,2026-07-30 10:00:00+00:00
31.8,70,995.3,12.2,49,2026-07-30 11:00:00+00:00
31.4,72,995.2,13.5,25,2026-07-30 12:00:00+00:00
30.4,77,995.2,13.2,80,2026-07-30 13:00:00+00:00
29.7,81,995.6,10.7,91,2026-07-30 14:00:00+00:00
29.2,84,996.1,9.6,91,2026-07-30 15:00:00+00:00
29.1,84,996.6,8.3,84,2026-07-30 16:00:00+00:00
29.2,83,997.5,9.0,97,2026-07-30 17:00:00+00:00
29.4,84,997.6,8.5,78,2026-07-30 18:00:00+00:00
28.8,87,997.0,7.6,84,2026-07-30 19:00:00+00:00
28.5,88,996.4,5.7,90,2026-07-30 20:00:00+00:00
28.2,91,995.7,5.6,85,2026-07-30 21:00:00+00:00
28.0,92,995.8,8.1,98,2026-07-30 22:00:00+00:00
27.8,93,995.8,9.1,98,2026-07-30 23:00:00+00:00
28.2,91,995.8,7.8,95,2026-07-31 00:00:00+00:00
27.9,93,995.9,6.3,97,2026-07-31 01:00:00+00:00
28.3,90,996.3,5.2,99,2026-07-31 02:00:00+00:00
29.4,82,996.4,6.3,98,2026-07-31 03:00:00+00:00
30.8,74,996.4,7.3,99,2026-07-31 04:00:00+00:00
31.8,70,996.6,7.3,98,2026-07-31 05:00:00+00:00
33.0,64,996.6,9.2,99,2026-07-31 06:00:00+00:00
33.2,64,996.2,10.9,93,2026-07-31 07:00:00+00:00
33.2,64,995.8,12.2,68,2026-07-31 08:00:00+00:00
33.3,63,995.0,11.6,46,2026-07-31 09:00:00+00:00
33.0,65,994.1,11.8,30,2026-07-31 10:00:00+00:00
32.2,70,993.8,12.5,73,2026-07-31 11:00:00+00:00
31.9,72,993.8,11.6,91,2026-07-31 12:00:00+00:00
31.0,76,993.8,10.8,89,2026-07-31 13:00:00+00:00
30.2,82,994.8,9.7,90,2026-07-31 14:00:00+00:00
29.7,86,995.6,9.2,80,2026-07-31 15:00:00+00:00
29.6,87,996.3,7.5,75,2026-07-31 16:00:00+00:00
29.5,87,997.0,4.0,91,2026-07-31 17:00:00+00:00
29.5,86,997.1,4.6,100,2026-07-31 18:00:00+00:00
29.2,87,996.6,4.8,97,2026-07-31 19:00:00+00:00
29.1,87,996.5,2.5,71,2026-07-31 20:00:00+00:00
28.9,88,996.3,2.2,76,2026-07-31 21:00:00+00:00
28.7,90,996.2,4.2,100,2026-07-31 22:00:00+00:00
28.3,93,996.0,7.4,100,2026-07-31 23:00:00+00:00
28.9,90,996.5,5.4,99,2026-08-01 00:00:00+00:00
28.8,91,997.1,5.7,99,2026-08-01 01:00:00+00:00
29.2,88,997.8,6.4,95,2026-08-01 02:00:00+00:00
30.1,83,997.9,5.6,89,2026-08-01 03:00:00+00:00
31.0,77,997.9,5.3,79,2026-08-01 04:00:00+00:00
32.3,72,998.0,6.3,91,2026-08-01 05:00:00+00:00
32.2,71,998.7,11.3,83,2026-08-01 06:00:00+00:00
32.4,69,998.5,12.9,84,2026-08-01 07:00:00+00:00
32.6,66,998.0,13.8,95,2026-08-01 08:00:00+00:00
32.5,66,997.7,15.8,92,2026-08-01 09:00:00+00:00
32.3,67,996.9,15.9,99,2026-08-01 10:00:00+00:00
31.1,73,997.0,16.3,100,2026-08-01 11:00:00+00:00
30.8,72,997.0,14.9,98,2026-08-01 12:00:00+00:00
30.1,75,997.0,13.8,98,2026-08-01 13:00:00+00:00
29.5,78,997.4,12.0,98,2026-08-01 14:00:00+00:00
29.2,79,998.0,11.9,99,2026-08-01 15:00:00+00:00
29.0,80,998.5,11.5,100,2026-08-01 16:00:00+00:00
28.8,81,998.6,12.2,100,2026-08-01 17:00:00+00:00
29.0,77,999.5,11.5,100,2026-08-01 18:00:00+00:00
28.9,78,999.4,10.7,100,2026-08-01 19:00:00+00:00
28.7,79,999.0,10.6,100,2026-08-01 20:00:00+00:00
28.6,80,998.8,9.0,100,2026-08-01 21:00:00+00:00
28.5,80,998.9,10.4,99,2026-08-01 22:00:00+00:00
28.5,80,999.0,11.4,98,2026-08-01 23:00:00+00:00
28.5,80,999.4,11.1,100,2026-08-02 00:00:00+00:00
28.3,81,999.5,11.4,100,2026-08-02 01:00:00+00:00
28.2,82,999.6,11.3,100,2026-08-02 02:00:00+00:00
28.4,81,1000.2,10.7,100,2026-08-02 03:00:00+00:00
28.6,79,1000.6,11.6,100,2026-08-02 04:00:00+00:00
29.2,76,1000.7,11.3,100,2026-08-02 05:00:00+00:00
28.9,74,1001.6,10.5,100,2026-08-02 06:00:00+00:00
28.9,75,1001.4,12.2,100,2026-08-02 07:00:00+00:00
29.0,75,1001.2,12.3,100,2026-08-02 08:00:00+00:00
29.2,74,1001.0,12.6,100,2026-08-02 09:00:00+00:00
29.3,73,999.9,15.0,100,2026-08-02 10:00:00+00:00
29.3,71,999.9,12.2,100,2026-08-02 11:00:00+00:00
29.6,71,999.7,12.6,100,2026-08-02 12:00:00+00:00
29.2,72,999.7,11.8,100,2026-08-02 13:00:00+00:00
28.7,77,1000.2,11.0,100,2026-08-02 14:00:00+00:00
28.5,79,1000.7,10.4,100,2026-08-02 15:00:00+00:00
28.5,79,1001.2,11.0,100,2026-08-02 16:00:00+00:00
28.3,80,1001.6,12.4,100,2026-08-02 17:00:00+00:00
28.2,81,1002.0,11.0,98,2026-08-02 18:00:00+00:00
27.9,83,1001.6,11.6,98,2026-08-02 19:00:00+00:00
27.5,84,1001.4,11.0,96,2026-08-02 20:00:00+00:00
27.3,85,1000.9,9.4,100,2026-08-02 21:00:00+00:00
27.2,86,1000.9,9.5,100,2026-08-02 22:00:00+00:00
27.3,85,1001.0,8.9,100,2026-08-02 23:00:00+00:00
28.1,82,1000.5,11.3,100,2026-08-03 00:00:00+00:00
27.9,83,1000.6,11.4,98,2026-08-03 01:00:00+00:00
28.1,82,1001.1,12.9,100,2026-08-03 02:00:00+00:00
28.4,79,1001.6,12.8,100,2026-08-03 03:00:00+00:00
28.6,78,1001.8,12.7,100,2026-08-03 04:00:00+00:00
29.2,74,1002.1,13.5,100,2026-08-03 05:00:00+00:00
30.2,69,1002.7,14.3,100,2026-08-03 06:00:00+00:00
30.0,70,1002.5,15.3,80,2026-08-03 07:00:00+00:00
30.8,68,1002.2,15.4,63,2026-08-03 08:00:00+00:00
31.0,68,1001.6,15.6,48,2026-08-03 09:00:00+00:00
30.8,67,1001.0,15.7,55,2026-08-03 10:00:00+00:00
30.3,70,1000.5,17.0,44,2026-08-03 11:00:00+00:00
30.1,68,1000.6,16.7,85,2026-08-03 12:00:00+00:00
29.3,72,1000.6,14.9,20,2026-08-03 13:00:00+00:00
28.8,74,1000.5,13.9,30,2026-08-03 14:00:00+00:00
28.6,75,1001.2,14.4,76,2026-08-03 15:00:00+00:00
28.4,77,1001.6,14.5,79,2026-08-03 16:00:00+00:00
28.2,79,1002.2,14.1,97,2026-08-03 17:00:00+00:00
28.1,78,1002.3,12.1,91,2026-08-03 18:00:00+00:00
27.8,80,1002.4,11.7,91,2026-08-03 19:00:00+00:00
27.6,82,1002.1,11.8,95,2026-08-03 20:00:00+00:00
27.5,82,1001.8,11.5,97,2026-08-03 21:00:00+00:00
27.4,83,1001.6,11.0,100,2026-08-03 22:00:00+00:00
27.4,83,1001.7,10.0,93,2026-08-03 23:00:00+00:00
28.0,81,1001.9,9.9,98,2026-08-04 00:00:00+00:00
27.8,81,1002.1,10.0,82,2026-08-04 01:00:00+00:00
28.3,77,1002.4,10.8,70,2026-08-04 02:00:00+00:00
29.3,71,1003.0,13.3,100,2026-08-04 03:00:00+00:00
30.0,67,1003.2,14.4,100,2026-08-04 04:00:00+00:00
30.3,67,1003.5,14.1,100,2026-08-04 05:00:00+00:00
31.0,63,1003.4,15.4,100,2026-08-04 06:00:00+00:00
31.3,62,1003.2,15.2,98,2026-08-04 07:00:00+00:00
31.4,62,1002.7,14.9,98,2026-08-04 08:00:00+00:00
31.3,63,1002.2,14.1,93,2026-08-04 09:00:00+00:00
31.2,63,1001.5,13.8,80,2026-08-04 10:00:00+00:00
30.6,66,1000.8,13.7,95,2026-08-04 11:00:00+00:00
30.5,67,1001.0,13.0,91,2026-08-04 12:00:00+00:00
29.5,72,1000.9,13.7,88,2026-08-04 13:00:00+00:00
29.1,76,1001.3,13.8,44,2026-08-04 14:00:00+00:00
28.7,77,1002.0,14.6,35,2026-08-04 15:00:00+00:00
28.4,78,1002.8,12.4,27,2026-08-04 16:00:00+00:00
28.2,79,1003.0,12.4,84,2026-08-04 17:00:00+00:00
28.4,80,1002.6,11.7,95,2026-08-04 18:00:00+00:00
28.1,83,1002.1,12.1,97,2026-08-04 19:00:00+00:00
27.9,85,1001.8,14.0,92,2026-08-04 20:00:00+00:00
27.7,86,1001.6,13.8,99,2026-08-04 21:00:00+00:00
27.6,87,1001.3,13.7,99,2026-08-04 22:00:00+00:00
27.5,87,1000.8,13.3,93,2026-08-04 23:00:00+00:00
28.0,83,1000.6,11.7,98,2026-08-05 00:00:00+00:00
27.8,85,1000.8,12.1,77,2026-08-05 01:00:00+00:00
28.0,83,1001.1,12.7,28,2026-08-05 02:00:00+00:00
29.0,77,1001.2,14.0,41,2026-08-05 03:00:00+00:00
30.1,70,1001.4,13.8,82,2026-08-05 04:00:00+00:00
31.2,64,1001.3,14.9,94,2026-08-05 05:00:00+00:00
31.1,64,1001.0,16.3,100,2026-08-05 06:00:00+00:00
31.3,63,1000.8,16.7,85,2026-08-05 07:00:00+00:00
31.5,61,1000.1,16.7,96,2026-08-05 08:00:00+00:00
31.7,62,999.7,17.7,56,2026-08-05 09:00:00+00:00
31.4,63,998.9,17.9,72,2026-08-05 10:00:00+00:00
31.0,66,998.3,18.5,55,2026-08-05 11:00:00+00:00
30.3,70,998.4,18.2,90,2026-08-05 12:00:00+00:00
29.5,74,998.5,18.5,95,2026-08-05 13:00:00+00:00
28.7,78,998.9,17.4,98,2026-08-05 14:00:00+00:00
28.3,80,999.2,16.0,95,2026-08-05 15:00:00+00:00
28.4,80,1000.1,14.0,100,2026-08-05 16:00:00+00:00
28.4,80,1000.5,13.0,89,2026-08-05 17:00:00+00:00
28.5,81,1000.1,14.7,71,2026-08-05 18:00:00+00:00
28.1,83,999.8,13.8,82,2026-08-05 19:00:00+00:00
27.8,85,999.3,12.6,61,2026-08-05 20:00:00+00:00
27.8,86,998.8,11.9,23,2026-08-05 21:00:00+00:00
27.6,87,998.5,13.0,16,2026-08-05 22:00:00+00:00
27.5,88,998.3,13.9,15,2026-08-05 23:00:00+00:00
27.5,87,998.5,13.8,16,2026-08-06 00:00:00+00:00
27.4,88,998.9,13.5,31,2026-08-06 01:00:00+00:00
27.8,85,999.2,15.9,28,2026-08-06 02:00:00+00:00
28.7,79,999.6,16.5,52,2026-08-06 03:00:00+00:00
29.6,73,999.9,17.1,96,2026-08-06 04:00:00+00:00
30.0,71,1000.0,17.1,100,2026-08-06 05:00:00+00:00
30.4,70,999.8,17.7,91,2026-08-06 06:00:00+00:00
30.9,68,999.5,17.9,98,2026-08-06 07:00:00+00:00
30.9,69,999.0,18.1,97,2026-08-06 08:00:00+00:00
30.6,70,998.9,18.7,95,2026-08-06 09:00:00+00:00
30.5,71,998.4,18.9,53,2026-08-06 10:00:00+00:00
30.4,71,997.7,19.5,99,2026-08-06 11:00:00+00:00
30.1,72,997.9,17.9,41,2026-08-06 12:00:00+00:00
29.4,73,997.9,17.1,52,2026-08-06 13:00:00+00:00
28.8,77,998.4,16.7,55,2026-08-06 14:00:00+00:00
28.5,78,998.9,15.7,42,2026-08-06 15:00:00+00:00
28.2,79,999.8,16.2,45,2026-08-06 16:00:00+00:00
27.8,85,1000.7,15.0,49,2026-08-06 17:00:00+00:00
27.9,84,1000.4,13.8,30,2026-08-06 18:00:00+00:00
27.6,85,1000.3,13.0,38,2026-08-06 19:00:00+00:00
27.5,86,999.9,11.8,29,2026-08-06 20:00:00+00:00
27.3,87,999.7,10.1,37,2026-08-06 21:00:00+00:00
27.4,85,999.1,12.6,11,2026-08-06 22:00:00+00:00
27.3,85,998.9,13.2,26,2026-08-06 23:00:00+00:00
27.5,84,999.2,12.1,27,2026-08-07 00:00:00+00:00
27.4,85,999.5,11.2,52,2026-08-07 01:00:00+00:00
27.9,83,1000.0,11.3,42,2026-08-07 02:00:00+00:00
28.8,77,1000.4,14.2,52,2026-08-07 03:00:00+00:00
29.5,72,1000.8,14.8,69,2026-08-07 04:00:00+00:00
30.5,67,1001.1,15.0,100,2026-08-07 05:00:00+00:00
30.7,65,1001.3,16.1,100,2026-08-07 06:00:00+00:00
30.9,65,1000.9,15.3,36,2026-08-07 07:00:00+00:00
31.7,61,1000.3,15.4,73,2026-08-07 08:00:00+00:00
31.1,65,1000.1,16.8,95,2026-08-07 09:00:00+00:00
30.2,70,999.7,16.4,45,2026-08-07 10:00:00+00:00
30.3,68,999.0,16.2,47,2026-08-07 11:00:00+00:00
30.0,69,999.0,15.3,26,2026-08-07 12:00:00+00:00
29.2,72,999.4,12.9,59,2026-08-07 13:00:00+00:00
28.7,74,999.7,13.4,88,2026-08-07 14:00:00+00:00
28.4,77,1000.0,14.5,98,2026-08-07 15:00:00+00:00
28.1,79,1000.8,12.1,58,2026-08-07 16:00:00+00:00
27.8,81,1000.9,12.9,10,2026-08-07 17:00:00+00:00
28.1,81,1001.3,12.0,59,2026-08-07 18:00:00+00:00
28.0,81,1001.0,11.1,98,2026-08-07 19:00:00+00:00
27.9,81,1000.7,11.5,74,2026-08-07 20:00:00+00:00
27.7,83,1000.4,12.4,64,2026-08-07 21:00:00+00:00
27.5,84,1000.2,12.0,41,2026-08-07 22:00:00+00:00
27.3,85,1000.0,10.8,20,2026-08-07 23:00:00+00:00
27.3,86,1000.6,10.8,31,2026-08-08 00:00:00+00:00
27.0,87,1000.5,9.6,57,2026-08-08 01:00:00+00:00
27.5,84,1001.0,10.5,75,2026-08-08 02:00:00+00:00
28.3,79,1001.3,12.2,65,2026-08-08 03:00:00+00:00
29.2,73,1001.7,13.1,65,2026-08-08 04:00:00+00:00
30.2,67,1002.0,13.8,99,2026-08-08 05:00:00+00:00
30.3,67,1002.5,14.6,98,2026-08-08 06:00:00+00:00
29.9,70,1002.3,15.4,100,2026-08-08 07:00:00+00:00
30.8,66,1001.9,15.0,98,2026-08-08 08:00:00+00:00
30.9,65,1001.3,14.4,98,2026-08-08 09:00:00+00:00
30.5,66,1000.6,13.2,92,2026-08-08 10:00:00+00:00
30.6,64,1000.1,11.6,55,2026-08-08 11:00:00+00:00
30.6,65,1000.1,11.7,12,2026-08-08 12:00:00+00:00
29.7,68,1000.3,11.7,34,2026-08-08 13:00:00+00:00
29.0,72,1000.8,12.1,79,2026-08-08 14:00:00+00:00
28.4,77,1001.6,11.9,5,2026-08-08 15:00:00+00:00
28.2,79,1002.2,11.5,100,2026-08-08 16:00:00+00:00
28.0,80,1003.0,11.5,95,2026-08-08 17:00:00+00:00
27.9,80,1003.3,10.5,30,2026-08-08 18:00:00+00:00
27.6,82,1003.4,9.9,19,2026-08-08 19:00:00+00:00
27.4,83,1003.2,9.7,20,2026-08-08 20:00:00+00:00
27.2,84,1002.6,8.7,30,2026-08-08 21:00:00+00:00
27.0,85,1002.6,7.6,12,2026-08-08 22:00:00+00:00
26.7,87,1002.3,8.5,9,2026-08-08 23:00:00+00:00
27.1,84,1002.3,8.5,5,2026-08-09 00:00:00+00:00
27.0,85,1002.9,7.9,62,2026-08-09 01:00:00+00:00
27.5,83,1003.3,8.9,21,2026-08-09 02:00:00+00:00
28.5,77,1003.6,10.7,36,2026-08-09 03:00:00+00:00
29.6,71,1003.7,10.4,72,2026-08-09 04:00:00+00:00
30.8,65,1003.7,10.2,100,2026-08-09 05:00:00+00:00
31.1,64,1003.8,10.4,100,2026-08-09 06:00:00+00:00
30.7,67,1003.4,12.5,100,2026-08-09 07:00:00+00:00
30.7,68,1003.1,14.5,98,2026-08-09 08:00:00+00:00
31.0,67,1002.7,15.0,63,2026-08-09 09:00:00+00:00
30.6,68,1002.1,15.9,19,2026-08-09 10:00:00+00:00
30.2,69,1001.8,15.8,23,2026-08-09 11:00:00+00:00
30.1,68,1001.9,15.8,50,2026-08-09 12:00:00+00:00
29.1,73,1001.9,14.0,10,2026-08-09 13:00:00+00:00
28.6,75,1002.4,12.5,8,2026-08-09 14:00:00+00:00
28.3,77,1002.9,11.1,23,2026-08-09 15:00:00+00:00
28.2,78,1003.2,12.9,4,2026-08-09 16:00:00+00:00
28.0,79,1004.0,12.5,15,2026-08-09 17:00:00+00:00
28.2,78,1003.8,14.3,69,2026-08-09 18:00:00+00:00
27.8,80,1003.4,15.1,69,2026-08-09 19:00:00+00:00
27.5,83,1003.1,12.7,36,2026-08-09 20:00:00+00:00
27.3,84,1002.7,9.7,42,2026-08-09 21:00:00+00:00
27.1,86,1002.4,9.4,28,2026-08-09 22:00:00+00:00
27.0,86,1002.1,11.2,30,2026-08-09 23:00:00+00:00
27.3,84,1002.4,12.9,31,2026-08-10 00:00:00+00:00
27.2,85,1002.5,11.5,22,2026-08-10 01:00:00+00:00
27.6,83,1002.9,13.0,15,2026-08-10 02:00:00+00:00
28.5,78,1003.2,13.6,14,2026-08-10 03:00:00+00:00
29.6,71,1003.4,16.0,36,2026-08-10 04:00:00+00:00
30.7,64,1003.4,16.9,99,2026-08-10 05:00:00+00:00
30.6,66,1003.4,18.9,100,2026-08-10 06:00:00+00:00
31.1,64,1002.7,18.9,100,2026-08-10 07:00:00+00:00
30.8,65,1002.1,18.6,98,2026-08-10 08:00:00+00:00
30.6,67,1001.6,18.8,100,2026-08-10 09:00:00+00:00
30.0,70,1001.1,19.5,98,2026-08-10 10:00:00+00:00
29.6,73,1000.4,19.5,56,2026-08-10 11:00:00+00:00
29.5,70,1000.4,20.2,95,2026-08-10 12:00:00+00:00
28.5,74,1000.4,20.1,77,2026-08-10 13:00:00+00:00
27.8,77,1000.8,18.2,80,2026-08-10 14:00:00+00:00
27.7,77,1001.3,17.1,93,2026-08-10 15:00:00+00:00
27.7,77,1001.9,14.5,99,2026-08-10 16:00:00+00:00
27.5,81,1002.7,13.6,95,2026-08-10 17:00:00+00:00
27.8,81,1002.0,14.6,98,2026-08-10 18:00:00+00:00
27.4,83,1001.4,14.0,100,2026-08-10 19:00:00+00:00
27.2,85,1000.9,13.4,100,2026-08-10 20:00:00+00:00
27.1,86,1000.1,12.9,99,2026-08-10 21:00:00+00:00
27.1,86,1000.1,12.5,98,2026-08-10 22:00:00+00:00
27.1,86,999.9,12.7,88,2026-08-10 23:00:00+00:00
27.4,83,1000.4,15.0,73,2026-08-11 00:00:00+00:00
27.4,83,1000.7,14.5,98,2026-08-11 01:00:00+00:00
27.7,83,1001.2,14.1,98,2026-08-11 02:00:00+00:00
28.7,76,1001.4,16.5,99,2026-08-11 03:00:00+00:00
29.2,72,1001.7,18.1,100,2026-08-11 04:00:00+00:00
29.5,71,1001.8,18.4,100,2026-08-11 05:00:00+00:00
30.1,69,1002.1,18.9,100,2026-08-11 06:00:00+00:00
30.2,69,1001.4,19.2,99,2026-08-11 07:00:00+00:00
30.1,69,1000.8,18.3,100,2026-08-11 08:00:00+00:00
30.2,71,1000.4,17.1,99,2026-08-11 09:00:00+00:00
29.8,72,999.5,16.9,98,2026-08-11 10:00:00+00:00
29.9,72,998.6,16.9,100,2026-08-11 11:00:00+00:00
29.5,73,999.0,16.1,99,2026-08-11 12:00:00+00:00
28.6,77,998.8,15.6,90,2026-08-11 13:00:00+00:00
28.0,80,999.5,14.5,74,2026-08-11 14:00:00+00:00
27.6,83,1000.4,12.7,48,2026-08-11 15:00:00+00:00
27.3,85,1001.1,11.6,29,2026-08-11 16:00:00+00:00
27.1,87,1001.3,11.2,31,2026-08-11 17:00:00+00:00
27.4,84,1001.2,11.9,59,2026-08-11 18:00:00+00:00
27.0,86,1001.1,10.1,88,2026-08-11 19:00:00+00:00
26.8,87,1001.1,9.2,41,2026-08-11 20:00:00+00:00
26.7,88,1000.8,9.7,54,2026-08-11 21:00:00+00:00
26.4,89,1000.6,10.5,75,2026-08-11 22:00:00+00:00
26.5,88,1000.9,10.3,100,2026-08-11 23:00:00+00:00
27.0,88,1001.2,10.0,99,2026-08-12 00:00:00+00:00
26.9,88,1001.5,10.9,100,2026-08-12 01:00:00+00:00
27.1,87,1002.0,11.5,99,2026-08-12 02:00:00+00:00
27.9,81,1002.4,13.1,84,2026-08-12 03:00:00+00:00
28.9,75,1002.7,13.1,95,2026-08-12 04:00:00+00:00
29.6,72,1002.7,13.9,100,2026-08-12 05:00:00+00:00
30.0,69,1002.6,14.7,100,2026-08-12 06:00:00+00:00
29.8,70,1002.0,15.2,100,2026-08-12 07:00:00+00:00
30.6,67,1001.8,14.9,100,2026-08-12 08:00:00+00:00
30.5,67,1001.4,13.9,70,2026-08-12 09:00:00+00:00
30.6,67,1001.1,13.1,98,2026-08-12 10:00:00+00:00
30.1,70,1000.9,13.1,98,2026-08-12 11:00:00+00:00
29.7,70,1000.8,13.9,100,2026-08-12 12:00:00+00:00
28.9,74,1001.2,13.7,99,2026-08-12 13:00:00+00:00
28.4,78,1001.7,12.0,97,2026-08-12 14:00:00+00:00
28.2,79,1002.5,10.7,99,2026-08-12 15:00:00+00:00
28.1,80,1003.2,10.7,98,2026-08-12 16:00:00+00:00
28.0,81,1003.9,10.4,99,2026-08-12 17:00:00+00:00
28.0,81,1004.1,12.8,81,2026-08-12 18:00:00+00:00
27.5,84,1003.8,11.7,45,2026-08-12 19:00:00+00:00
27.3,85,1003.4,11.7,57,2026-08-12 20:00:00+00:00
27.0,86,1003.1,10.7,71,2026-08-12 21:00:00+00:00
26.9,87,1003.1,9.7,47,2026-08-12 22:00:00+00:00
26.8,88,1002.9,11.0,59,2026-08-12 23:00:00+00:00
27.1,86,1002.9,10.7,41,2026-08-13 00:00:00+00:00
27.0,86,1003.2,10.7,77,2026-08-13 01:00:00+00:00
27.0,86,1003.3,11.9,50,2026-08-13 02:00:00+00:00
28.2,79,1003.4,14.2,66,2026-08-13 03:00:00+00:00
29.4,73,1003.5,15.3,93,2026-08-13 04:00:00+00:00
30.1,68,1003.7,15.1,100,2026-08-13 05:00:00+00:00
30.2,67,1004.3,15.5,100,2026-08-13 06:00:00+00:00
30.2,67,1003.8,15.7,89,2026-08-13 07:00:00+00:00
30.5,66,1003.3,16.0,25,2026-08-13 08:00:00+00:00
30.9,64,1002.6,16.1,27,2026-08-13 09:00:00+00:00
30.5,64,1002.2,16.0,77,2026-08-13 10:00:00+00:00
30.2,66,1001.4,16.1,88,2026-08-13 11:00:00+00:00
29.6,69,1001.8,16.8,91,2026-08-13 12:00:00+00:00
28.7,74,1002.0,14.8,41,2026-08-13 13:00:00+00:00
28.0,77,1002.2,14.6,88,2026-08-13 14:00:00+00:00
27.9,77,1002.8,14.5,52,2026-08-13 15:00:00+00:00
27.8,77,1003.2,15.6,43,2026-08-13 16:00:00+00:00
27.4,81,1003.8,15.0,34,2026-08-13 17:00:00+00:00
27.3,82,1003.6,15.5,22,2026-08-13 18:00:00+00:00
27.1,82,1003.5,13.2,22,2026-08-13 19:00:00+00:00
26.7,85,1003.1,12.1,41,2026-08-13 20:00:00+00:00
26.6,86,1002.4,11.7,62,2026-08-13 21:00:00+00:00
26.7,85,1002.0,12.7,55,2026-08-13 22:00:00+00:00
26.6,85,1001.9,13.0,83,2026-08-13 23:00:00+00:00
26.8,82,1001.5,12.8,30,2026-08-14 00:00:00+00:00
26.8,82,1001.7,13.5,29,2026-08-14 01:00:00+00:00
27.1,81,1002.1,14.4,75,2026-08-14 02:00:00+00:00
28.1,75,1002.5,15.6,72,2026-08-14 03:00:00+00:00
29.0,69,1002.9,16.4,86,2026-08-14 04:00:00+00:00
29.6,66,1002.9,17.3,91,2026-08-14 05:00:00+00:00
30.2,63,1003.0,19.1,98,2026-08-14 06:00:00+00:00
29.6,67,1003.0,18.2,98,2026-08-14 07:00:00+00:00
29.7,69,1002.6,19.3,97,2026-08-14 08:00:00+00:00
29.2,73,1002.6,19.2,88,2026-08-14 09:00:00+00:00
29.6,71,1002.2,19.3,88,2026-08-14 10:00:00+00:00
29.1,72,1001.3,19.6,95,2026-08-14 11:00:00+00:00
29.3,69,1001.4,18.0,96,2026-08-14 12:00:00+00:00
28.6,73,1001.6,16.4,87,2026-08-14 13:00:00+00:00
28.1,75,1001.8,16.3,40,2026-08-14 14:00:00+00:00
27.7,77,1002.1,15.1,5,2026-08-14 15:00:00+00:00
27.5,78,1002.7,14.0,23,2026-08-14 16:00:00+00:00
27.3,80,1003.3,13.4,48,2026-08-14 17:00:00+00:00
27.4,80,1002.8,14.9,63,2026-08-14 18:00:00+00:00
27.1,82,1002.6,12.5,77,2026-08-14 19:00:00+00:00
26.9,83,1002.2,11.4,68,2026-08-14 20:00:00+00:00
27.0,82,1002.0,11.7,75,2026-08-14 21:00:00+00:00
27.0,83,1001.8,12.7,66,2026-08-14 22:00:00+00:00
26.9,85,1001.8,13.2,98,2026-08-14 23:00:00+00:00
27.3,82,1001.8,13.4,48,2026-08-15 00:00:00+00:00
27.2,83,1002.1,12.4,100,2026-08-15 01:00:00+00:00
27.4,82,1002.5,12.0,100,2026-08-15 02:00:00+00:00
27.9,78,1002.8,13.8,98,2026-08-15 03:00:00+00:00
28.5,75,1003.3,14.9,98,2026-08-15 04:00:00+00:00
29.3,71,1003.4,15.6,100,2026-08-15 05:00:00+00:00
30.0,67,1003.6,16.1,100,2026-08-15 06:00:00+00:00
29.5,71,1003.4,16.7,73,2026-08-15 07:00:00+00:00
30.2,68,1003.0,16.1,80,2026-08-15 08:00:00+00:00
30.1,70,1002.5,16.6,99,2026-08-15 09:00:00+00:00
29.7,73,1001.8,16.9,29,2026-08-15 10:00:00+00:00
29.5,73,1001.6,16.4,39,2026-08-15 11:00:00+00:00
29.1,75,1001.8,15.9,24,2026-08-15 12:00:00+00:00
28.4,77,1001.9,13.9,2,2026-08-15 13:00:00+00:00
27.7,81,1002.1,12.5,5,2026-08-15 14:00:00+00:00
27.5,82,1002.6,11.7,23,2026-08-15 15:00:00+00:00
27.4,83,1003.2,12.7,26,2026-08-15 16:00:00+00:00
27.2,85,1003.3,12.5,6,2026-08-15 17:00:00+00:00
27.4,85,1003.2,12.6,62,2026-08-15 18:00:00+00:00
27.1,86,1003.2,11.5,93,2026-08-15 19:00:00+00:00
27.1,86,1002.7,10.9,77,2026-08-15 20:00:00+00:00
27.0,86,1001.9,10.9,21,2026-08-15 21:00:00+00:00
26.6,89,1001.7,10.9,27,2026-08-15 22:00:00+00:00
26.6,89,1001.5,11.8,34,2026-08-15 23:00:00+00:00
27.0,88,1001.4,12.8,100,2026-08-16 00:00:00+00:00
27.1,87,1001.7,12.2,100,2026-08-16 01:00:00+00:00
27.3,85,1001.9,11.7,100,2026-08-16 02:00:00+00:00
27.9,82,1002.1,11.9,76,2026-08-16 03:00:00+00:00
29.2,74,1002.3,13.5,93,2026-08-16 04:00:00+00:00
29.9,70,1001.9,16.8,100,2026-08-16 05:00:00+00:00
29.4,73,1002.2,18.0,100,2026-08-16 06:00:00+00:00
29.3,74,1001.8,17.7,98,2026-08-16 07:00:00+00:00
29.7,72,1001.2,17.7,91,2026-08-16 08:00:00+00:00
29.9,70,1000.7,16.8,90,2026-08-16 09:00:00+00:00
29.7,71,1000.5,16.5,92,2026-08-16 10:00:00+00:00
29.2,74,1000.3,16.9,88,2026-08-16 11:00:00+00:00
29.0,75,1000.6,17.5,42,2026-08-16 12:00:00+00:00
28.4,76,1001.0,17.1,31,2026-08-16 13:00:00+00:00
27.8,79,1001.4,16.7,48,2026-08-16 14:00:00+00:00
27.7,81,1001.9,16.4,66,2026-08-16 15:00:00+00:00
27.5,81,1002.7,16.2,81,2026-08-16 16:00:00+00:00
27.2,84,1003.2,14.6,86,2026-08-16 17:00:00+00:00
27.3,83,1002.8,14.4,28,2026-08-16 18:00:00+00:00
27.0,83,1002.6,13.7,37,2026-08-16 19:00:00+00:00
26.9,84,1002.3,14.3,27,2026-08-16 20:00:00+00:00
26.7,85,1001.8,15.0,24,2026-08-16 21:00:00+00:00
26.7,84,1001.3,15.4,28,2026-08-16 22:00:00+00:00
26.7,84,1001.0,15.0,40,2026-08-16 23:00:00+00:00
26.8,87,1001.2,12.7,55,2026-08-17 00:00:00+00:00
26.8,86,1001.5,12.2,41,2026-08-17 01:00:00+00:00
26.9,84,1002.0,12.2,55,2026-08-17 02:00:00+00:00
27.9,79,1002.4,15.2,92,2026-08-17 03:00:00+00:00
28.7,74,1002.6,16.5,57,2026-08-17 04:00:00+00:00
29.6,69,1002.9,16.3,50,2026-08-17 05:00:00+00:00
30.3,65,1003.0,16.9,97,2026-08-17 06:00:00+00:00
29.5,70,1002.7,17.6,90,2026-08-17 07:00:00+00:00
29.5,71,1002.2,18.6,86,2026-08-17 08:00:00+00:00
29.6,71,1002.1,18.9,62,2026-08-17 09:00:00+00:00
29.7,70,1001.6,18.7,91,2026-08-17 10:00:00+00:00
29.1,72,1001.5,19.1,97,2026-08-17 11:00:00+00:00
28.9,74,1001.7,18.7,100,2026-08-17 12:00:00+00:00
28.3,78,1002.0,17.9,66,2026-08-17 13:00:00+00:00
27.7,80,1002.1,17.6,43,2026-08-17 14:00:00+00:00
27.3,83,1002.7,16.9,31,2026-08-17 15:00:00+00:00
27.2,83,1003.2,15.9,52,2026-08-17 16:00:00+00:00
27.2,83,1004.0,13.7,55,2026-08-17 17:00:00+00:00
27.3,84,1003.8,13.9,53,2026-08-17 18:00:00+00:00
27.2,84,1003.5,13.2,59,2026-08-17 19:00:00+00:00
27.0,84,1003.3,13.5,95,2026-08-17 20:00:00+00:00
26.9,86,1003.0,13.7,98,2026-08-17 21:00:00+00:00
26.7,87,1002.7,13.7,88,2026-08-17 22:00:00+00:00
26.8,88,1002.5,14.0,55,2026-08-17 23:00:00+00:00
27.2,82,1002.3,14.2,50,2026-08-18 00:00:00+00:00
27.0,84,1002.6,13.4,20,2026-08-18 01:00:00+00:00
27.3,83,1003.0,13.1,91,2026-08-18 02:00:00+00:00
28.4,76,1003.5,17.7,99,2026-08-18 03:00:00+00:00
29.2,71,1003.8,17.5,100,2026-08-18 04:00:00+00:00
29.8,69,1004.2,17.3,100,2026-08-18 05:00:00+00:00
30.3,62,1004.4,19.1,55,2026-08-18 06:00:00+00:00
30.5,63,1004.3,19.2,88,2026-08-18 07:00:00+00:00
30.5,64,1003.9,19.6,95,2026-08-18 08:00:00+00:00
30.1,67,1003.4,20.3,99,2026-08-18 09:00:00+00:00
29.7,70,1003.0,21.0,100,2026-08-18 10:00:00+00:00
29.0,74,1002.3,20.2,98,2026-08-18 11:00:00+00:00
29.2,70,1002.6,19.3,99,2026-08-18 12:00:00+00:00
28.5,72,1002.8,19.0,98,2026-08-18 13:00:00+00:00
28.0,76,1003.0,19.3,95,2026-08-18 14:00:00+00:00
27.7,79,1003.5,18.4,97,2026-08-18 15:00:00+00:00
27.7,80,1003.9,18.5,98,2026-08-18 16:00:00+00:00
27.5,82,1004.2,16.7,98,2026-08-18 17:00:00+00:00
27.4,81,1004.5,16.9,95,2026-08-18 18:00:00+00:00
27.1,81,1004.2,15.7,98,2026-08-18 19:00:00+00:00
27.0,82,1004.1,15.3,98,2026-08-18 20:00:00+00:00
26.8,83,1003.5,15.3,98,2026-08-18 21:00:00+00:00
26.8,84,1003.3,15.4,95,2026-08-18 22:00:00+00:00
26.7,85,1003.1,15.7,91,2026-08-18 23:00:00+00:00
27.1,83,1003.1,16.8,97,2026-08-19 00:00:00+00:00
26.9,83,1003.1,15.9,79,2026-08-19 01:00:00+00:00
27.2,81,1003.6,15.2,70,2026-08-19 02:00:00+00:00
28.1,75,1004.0,18.7,82,2026-08-19 03:00:00+00:00
29.0,70,1004.4,18.2,79,2026-08-19 04:00:00+00:00
30.1,63,1004.6,18.5,98,2026-08-19 05:00:00+00:00
30.1,65,1004.5,20.0,99,2026-08-19 06:00:00+00:00
30.6,63,1004.3,19.7,97,2026-08-19 07:00:00+00:00
30.2,66,1004.1,19.8,97,2026-08-19 08:00:00+00:00
29.8,68,1003.6,19.7,89,2026-08-19 09:00:00+00:00
30.1,67,1002.9,20.7,90,2026-08-19 10:00:00+00:00
29.2,72,1002.4,20.4,78,2026-08-19 11:00:00+00:00
29.2,67,1003.0,19.8,86,2026-08-19 12:00:00+00:00
28.2,72,1003.3,18.6,97,2026-08-19 13:00:00+00:00
27.9,75,1003.7,17.4,98,2026-08-19 14:00:00+00:00
27.7,78,1004.3,16.0,55,2026-08-19 15:00:00+00:00
27.5,81,1004.8,18.0,30,2026-08-19 16:00:00+00:00
27.3,82,1005.1,17.7,32,2026-08-19 17:00:00+00:00
27.4,79,1005.2,16.5,62,2026-08-19 18:00:00+00:00
27.3,80,1004.9,16.8,100,2026-08-19 19:00:00+00:00
27.1,82,1004.4,17.3,48,2026-08-19 20:00:00+00:00
26.9,83,1003.9,16.3,46,2026-08-19 21:00:00+00:00
26.8,84,1003.4,15.2,46,2026-08-19 22:00:00+00:00
26.7,85,1003.2,15.0,45,2026-08-19 23:00:00+00:00
26.9,83,1003.4,13.8,40,2026-08-20 00:00:00+00:00
27.0,80,1003.7,13.4,9,2026-08-20 01:00:00+00:00
27.2,78,1004.0,12.9,49,2026-08-20 02:00:00+00:00
28.0,75,1004.2,17.1,95,2026-08-20 03:00:00+00:00
28.6,73,1004.4,17.8,97,2026-08-20 04:00:00+00:00
29.3,70,1004.7,17.1,100,2026-08-20 05:00:00+00:00
29.5,69,1005.0,17.2,100,2026-08-20 06:00:00+00:00
29.6,69,1004.9,17.3,100,2026-08-20 07:00:00+00:00
29.6,70,1004.5,16.4,59,2026-08-20 08:00:00+00:00
30.2,67,1003.8,16.7,97,2026-08-20 09:00:00+00:00
29.9,68,1003.0,16.4,90,2026-08-20 10:00:00+00:00
29.3,71,1002.7,17.3,91,2026-08-20 11:00:00+00:00
29.0,72,1002.8,17.5,82,2026-08-20 12:00:00+00:00
28.3,75,1003.1,17.2,63,2026-08-20 13:00:00+00:00
27.7,79,1003.4,16.6,45,2026-08-20 14:00:00+00:00
27.6,79,1004.0,15.9,20,2026-08-20 15:00:00+00:00
27.3,81,1004.5,15.9,26,2026-08-20 16:00:00+00:00
27.2,83,1004.8,16.0,16,2026-08-20 17:00:00+00:00
27.3,82,1004.3,13.8,26,2026-08-20 18:00:00+00:00
27.0,83,1004.3,12.4,48,2026-08-20 19:00:00+00:00
26.8,84,1003.7,12.6,68,2026-08-20 20:00:00+00:00
26.8,85,1003.2,12.8,69,2026-08-20 21:00:00+00:00
26.7,85,1002.9,12.6,79,2026-08-20 22:00:00+00:00
26.6,86,1002.8,13.6,78,2026-08-20 23:00:00+00:00
26.8,85,1003.1,14.0,45,2026-08-21 00:00:00+00:00
26.8,86,1003.6,13.5,91,2026-08-21 01:00:00+00:00
27.1,84,1004.1,12.8,91,2026-08-21 02:00:00+00:00
27.8,79,1004.5,14.4,98,2026-08-21 03:00:00+00:00
28.7,74,1004.9,15.7,100,2026-08-21 04:00:00+00:00
28.9,74,1004.9,16.4,100,2026-08-21 05:00:00+00:00
29.6,70,1005.0,17.8,100,2026-08-21 06:00:00+00:00
29.3,71,1004.5,17.2,100,2026-08-21 07:00:00+00:00
29.4,71,1003.9,16.6,98,2026-08-21 08:00:00+00:00
29.9,70,1003.3,17.5,86,2026-08-21 09:00:00+00:00
29.8,70,1002.6,17.9,54,2026-08-21 10:00:00+00:00
29.5,70,1001.9,18.0,92,2026-08-21 11:00:00+00:00
28.5,73,1002.3,17.4,100,2026-08-21 12:00:00+00:00
28.1,75,1002.4,15.5,95,2026-08-21 13:00:00+00:00
27.5,78,1002.7,15.3,100,2026-08-21 14:00:00+00:00
27.2,82,1002.9,15.4,20,2026-08-21 15:00:00+00:00
26.9,84,1003.4,15.1,21,2026-08-21 16:00:00+00:00
26.8,85,1003.8,15.2,19,2026-08-21 17:00:00+00:00
27.1,81,1003.6,14.2,45,2026-08-21 18:00:00+00:00
26.9,82,1003.3,13.7,31,2026-08-21 19:00:00+00:00
26.8,83,1003.0,13.4,84,2026-08-21 20:00:00+00:00
26.7,84,1002.7,13.9,55,2026-08-21 21:00:00+00:00
26.6,84,1002.6,14.4,49,2026-08-21 22:00:00+00:00
26.4,86,1002.5,15.0,34,2026-08-21 23:00:00+00:00
26.5,88,1002.3,14.6,38,2026-08-22 00:00:00+00:00
26.4,87,1002.8,13.8,74,2026-08-22 01:00:00+00:00
26.8,85,1003.5,12.4,70,2026-08-22 02:00:00+00:00
27.4,81,1003.9,16.8,100,2026-08-22 03:00:00+00:00
27.9,78,1004.3,18.6,98,2026-08-22 04:00:00+00:00
28.8,74,1004.3,19.5,90,2026-08-22 05:00:00+00:00
28.9,72,1004.0,20.6,100,2026-08-22 06:00:00+00:00
29.4,70,1003.4,19.5,100,2026-08-22 07:00:00+00:00
30.1,65,1002.7,18.4,95,2026-08-22 08:00:00+00:00
30.1,66,1002.3,18.5,98,2026-08-22 09:00:00+00:00
29.2,71,1001.5,18.1,96,2026-08-22 10:00:00+00:00
29.0,72,1001.0,18.1,91,2026-08-22 11:00:00+00:00
28.5,74,1001.1,18.4,91,2026-08-22 12:00:00+00:00
28.0,76,1000.9,18.1,32,2026-08-22 13:00:00+00:00
27.3,81,1001.0,17.0,38,2026-08-22 14:00:00+00:00
27.0,83,1001.6,15.7,16,2026-08-22 15:00:00+00:00
26.9,84,1002.2,13.8,35,2026-08-22 16:00:00+00:00
26.8,85,1002.8,14.5,30,2026-08-22 17:00:00+00:00
26.9,85,1002.6,14.6,31,2026-08-22 18:00:00+00:00
26.7,86,1002.4,13.7,28,2026-08-22 19:00:00+00:00
26.5,87,1002.0,13.3,32,2026-08-22 20:00:00+00:00
26.4,88,1001.6,13.0,80,2026-08-22 21:00:00+00:00
26.5,87,1001.1,13.0,43,2026-08-22 22:00:00+00:00
26.4,88,1000.8,12.7,95,2026-08-22 23:00:00+00:00
26.5,88,1001.1,14.0,96,2026-08-23 00:00:00+00:00
26.5,88,1001.2,14.5,87,2026-08-23 01:00:00+00:00
26.6,87,1002.0,14.6,69,2026-08-23 02:00:00+00:00
27.2,83,1002.6,15.3,95,2026-08-23 03:00:00+00:00
28.1,78,1003.0,14.7,100,2026-08-23 04:00:00+00:00
28.5,76,1003.4,14.5,100,2026-08-23 05:00:00+00:00
28.6,74,1003.9,15.3,100,2026-08-23 06:00:00+00:00
29.2,72,1003.6,15.1,100,2026-08-23 07:00:00+00:00
29.2,72,1003.0,14.3,99,2026-08-23 08:00:00+00:00
28.9,74,1002.6,14.7,98,2026-08-23 09:00:00+00:00
28.7,75,1002.0,13.6,92,2026-08-23 10:00:00+00:00
28.6,75,1001.8,13.5,95,2026-08-23 11:00:00+00:00
28.3,77,1001.6,12.3,95,2026-08-23 12:00:00+00:00
27.9,78,1002.0,12.0,98,2026-08-23 13:00:00+00:00
27.4,81,1002.3,12.1,35,2026-08-23 14:00:00+00:00
26.8,85,1003.0,11.3,2,2026-08-23 15:00:00+00:00
26.7,86,1003.8,10.2,19,2026-08-23 16:00:00+00:00
26.7,86,1004.6,8.8,21,2026-08-23 17:00:00+00:00
27.3,83,1004.4,7.9,100,2026-08-23 18:00:00+00:00
26.9,86,1004.2,7.7,96,2026-08-23 19:00:00+00:00
26.6,88,1003.8,8.2,30,2026-08-23 20:00:00+00:00
26.3,89,1003.4,8.8,5,2026-08-23 21:00:00+00:00
26.2,90,1003.3,8.6,24,2026-08-23 22:00:00+00:00
26.1,90,1003.4,7.6,93,2026-08-23 23:00:00+00:00
26.2,90,1003.9,7.7,30,2026-08-24 00:00:00+00:00
26.1,91,1003.9,6.8,2,2026-08-24 01:00:00+00:00
26.3,91,1004.3,6.4,10,2026-08-24 02:00:00+00:00
27.6,83,1004.6,8.1,25,2026-08-24 03:00:00+00:00
28.9,75,1004.6,8.3,37,2026-08-24 04:00:00+00:00
29.9,70,1004.6,8.8,96,2026-08-24 05:00:00+00:00
29.9,72,1005.0,10.4,100,2026-08-24 06:00:00+00:00
30.2,72,1004.4,10.8,93,2026-08-24 07:00:00+00:00
30.5,71,1003.9,11.2,95,2026-08-24 08:00:00+00:00
30.1,73,1003.9,12.6,43,2026-08-24 09:00:00+00:00
30.0,74,1003.1,12.6,45,2026-08-24 10:00:00+00:00
29.5,75,1002.8,12.0,44,2026-08-24 11:00:00+00:00
29.3,72,1002.7,12.0,2,2026-08-24 12:00:00+00:00
28.3,78,1002.8,11.1,2,2026-08-24 13:00:00+00:00
27.6,82,1003.5,10.2,7,2026-08-24 14:00:00+00:00
27.4,84,1004.2,13.0,8,2026-08-24 15:00:00+00:00
27.0,87,1004.5,12.5,15,2026-08-24 16:00:00+00:00
26.9,87,1005.0,12.6,19,2026-08-24 17:00:00+00:00
26.9,87,1005.7,10.7,26,2026-08-24 18:00:00+00:00
26.8,87,1005.7,10.3,23,2026-08-24 19:00:00+00:00
26.6,87,1005.2,10.2,28,2026-08-24 20:00:00+00:00
26.4,89,1004.8,10.0,40,2026-08-24 21:00:00+00:00
26.3,89,1004.1,9.9,62,2026-08-24 22:00:00+00:00
26.2,89,1003.8,8.7,55,2026-08-24 23:00:00+00:00
26.1,90,1003.9,7.9,13,2026-08-25 00:00:00+00:00
26.1,90,1004.4,7.3,7,2026-08-25 01:00:00+00:00
26.4,88,1004.6,7.1,5,2026-08-25 02:00:00+00:00
27.5,81,1005.1,8.7,19,2026-08-25 03:00:00+00:00
28.7,74,1005.2,9.0,23,2026-08-25 04:00:00+00:00
29.7,68,1005.0,9.8,94,2026-08-25 05:00:00+00:00
30.0,68,1005.5,12.5,100,2026-08-25 06:00:00+00:00
29.7,70,1005.4,13.4,99,2026-08-25 07:00:00+00:00
29.7,70,1004.8,13.8,22,2026-08-25 08:00:00+00:00
30.2,67,1004.2,14.4,26,2026-08-25 09:00:00+00:00
29.8,68,1003.8,14.8,58,2026-08-25 10:00:00+00:00
29.2,71,1003.5,15.0,59,2026-08-25 11:00:00+00:00
29.1,69,1003.8,13.4,18,2026-08-25 12:00:00+00:00
28.3,73,1003.9,12.7,23,2026-08-25 13:00:00+00:00
27.8,74,1004.4,12.9,43,2026-08-25 14:00:00+00:00
27.4,76,1005.1,12.9,31,2026-08-25 15:00:00+00:00
27.3,77,1005.7,12.1,19,2026-08-25 16:00:00+00:00
27.2,78,1006.1,12.2,16,2026-08-25 17:00:00+00:00
27.3,78,1005.9,10.9,25,2026-08-25 18:00:00+00:00
27.1,80,1006.0,10.3,52,2026-08-25 19:00:00+00:00
27.0,80,1005.6,10.6,27,2026-08-25 20:00:00+00:00
26.8,81,1005.2,11.4,36,2026-08-25 21:00:00+00:00
26.8,82,1005.2,11.4,27,2026-08-25 22:00:00+00:00
26.7,82,1004.8,11.0,33,2026-08-25 23:00:00+00:00
26.5,84,1005.0,10.4,27,2026-08-26 00:00:00+00:00
26.4,84,1005.2,11.0,34,2026-08-26 01:00:00+00:00
26.7,82,1005.5,11.4,44,2026-08-26 02:00:00+00:00
27.7,77,1005.8,12.9,42,2026-08-26 03:00:00+00:00
28.6,71,1005.9,13.9,70,2026-08-26 04:00:00+00:00
29.4,67,1005.8,14.8,100,2026-08-26 05:00:00+00:00
29.9,65,1006.1,14.9,100,2026-08-26 06:00:00+00:00
30.3,63,1005.4,15.9,100,2026-08-26 07:00:00+00:00
30.2,64,1005.0,16.1,100,2026-08-26 08:00:00+00:00
30.4,65,1004.2,16.4,77,2026-08-26 09:00:00+00:00
30.1,66,1003.4,16.6,99,2026-08-26 10:00:00+00:00
29.3,70,1002.9,16.5,79,2026-08-26 11:00:00+00:00
29.2,69,1003.2,16.5,69,2026-08-26 12:00:00+00:00
28.3,73,1003.5,15.3,88,2026-08-26 13:00:00+00:00
27.8,76,1003.8,14.9,88,2026-08-26 14:00:00+00:00
27.6,77,1004.3,14.9,80,2026-08-26 15:00:00+00:00
27.5,78,1005.0,15.4,79,2026-08-26 16:00:00+00:00
27.2,80,1005.5,15.5,80,2026-08-26 17:00:00+00:00
27.2,80,1005.4,14.9,32,2026-08-26 18:00:00+00:00
26.8,82,1004.8,14.1,49,2026-08-26 19:00:00+00:00
26.7,82,1004.9,13.6,47,2026-08-26 20:00:00+00:00
26.4,83,1004.4,14.0,83,2026-08-26 21:00:00+00:00
26.4,84,1004.0,14.2,80,2026-08-26 22:00:00+00:00
26.3,85,1003.8,15.4,79,2026-08-26 23:00:00+00:00
26.4,83,1004.0,15.9,74,2026-08-27 00:00:00+00:00
26.3,83,1004.4,15.9,59,2026-08-27 01:00:00+00:00
26.5,82,1004.7,16.1,42,2026-08-27 02:00:00+00:00
27.3,77,1004.8,18.6,78,2026-08-27 03:00:00+00:00
28.1,72,1005.1,19.0,100,2026-08-27 04:00:00+00:00
28.6,70,1005.2,19.5,100,2026-08-27 05:00:00+00:00
29.2,68,1005.2,20.4,100,2026-08-27 06:00:00+00:00
29.4,67,1004.5,19.9,100,2026-08-27 07:00:00+00:00
29.5,66,1004.0,18.9,99,2026-08-27 08:00:00+00:00
29.8,65,1003.3,18.7,91,2026-08-27 09:00:00+00:00
29.4,67,1002.6,18.5,52,2026-08-27 10:00:00+00:00
29.0,69,1002.2,18.3,73,2026-08-27 11:00:00+00:00
29.2,67,1002.3,19.0,54,2026-08-27 12:00:00+00:00
28.1,73,1002.5,18.9,71,2026-08-27 13:00:00+00:00
27.4,77,1003.0,18.3,56,2026-08-27 14:00:00+00:00
27.1,80,1003.3,16.4,34,2026-08-27 15:00:00+00:00
26.8,83,1003.7,14.7,23,2026-08-27 16:00:00+00:00
26.7,84,1004.4,15.5,37,2026-08-27 17:00:00+00:00
26.8,83,1004.3,15.6,64,2026-08-27 18:00:00+00:00
26.4,85,1003.8,15.2,28,2026-08-27 19:00:00+00:00
26.2,87,1003.7,14.3,12,2026-08-27 20:00:00+00:00
26.0,89,1003.1,13.9,21,2026-08-27 21:00:00+00:00
25.8,90,1002.8,13.0,14,2026-08-27 22:00:00+00:00
25.8,90,1002.8,13.0,20,2026-08-27 23:00:00+00:00
25.8,91,1003.0,14.6,31,2026-08-28 00:00:00+00:00
25.7,92,1003.2,14.3,37,2026-08-28 01:00:00+00:00
26.0,90,1003.8,14.9,45,2026-08-28 02:00:00+00:00
27.1,81,1004.1,16.8,54,2026-08-28 03:00:00+00:00
28.1,75,1004.2,17.5,81,2026-08-28 04:00:00+00:00
29.1,70,1004.2,17.8,100,2026-08-28 05:00:00+00:00
29.6,65,1004.5,19.2,99,2026-08-28 06:00:00+00:00
29.4,65,1004.0,18.5,100,2026-08-28 07:00:00+00:00
29.6,65,1003.5,17.8,99,2026-08-28 08:00:00+00:00
30.2,63,1002.9,17.4,95,2026-08-28 09:00:00+00:00
29.4,69,1002.4,18.0,97,2026-08-28 10:00:00+00:00
28.9,71,1002.0,18.3,98,2026-08-28 11:00:00+00:00
28.5,75,1002.3,19.2,100,2026-08-28 12:00:00+00:00
27.4,81,1002.3,18.8,85,2026-08-28 13:00:00+00:00
26.7,84,1002.8,17.7,29,2026-08-28 14:00:00+00:00
26.4,86,1002.8,17.4,21,2026-08-28 15:00:00+00:00
26.4,85,1003.6,16.1,44,2026-08-28 16:00:00+00:00
26.4,85,1004.5,15.1,38,2026-08-28 17:00:00+00:00
26.4,87,1004.3,16.0,100,2026-08-28 18:00:00+00:00
26.0,91,1004.2,14.8,61,2026-08-28 19:00:00+00:00
26.1,91,1003.7,13.3,20,2026-08-28 20:00:00+00:00
25.8,92,1003.1,14.5,30,2026-08-28 21:00:00+00:00
25.8,91,1002.9,14.6,39,2026-08-28 22:00:00+00:00
25.8,90,1002.9,15.8,49,2026-08-28 23:00:00+00:00
25.9,90,1002.9,16.8,48,2026-08-29 00:00:00+00:00
25.8,91,1003.2,16.9,47,2026-08-29 01:00:00+00:00
25.8,90,1003.8,17.5,30,2026-08-29 02:00:00+00:00
27.0,81,1004.1,19.5,63,2026-08-29 03:00:00+00:00
27.8,76,1004.5,20.4,59,2026-08-29 04:00:00+00:00
28.8,71,1004.9,20.9,99,2026-08-29 05:00:00+00:00
28.7,70,1005.2,22.2,99,2026-08-29 06:00:00+00:00
29.1,67,1004.9,21.2,98,2026-08-29 07:00:00+00:00
29.3,67,1004.3,21.4,98,2026-08-29 08:00:00+00:00
29.0,70,1003.6,21.2,98,2026-08-29 09:00:00+00:00
28.5,73,1003.1,20.6,97,2026-08-29 10:00:00+00:00
28.3,73,1002.4,20.0,94,2026-08-29 11:00:00+00:00
28.1,74,1002.3,20.7,91,2026-08-29 12:00:00+00:00
27.3,78,1002.1,19.6,95,2026-08-29 13:00:00+00:00
26.7,82,1002.4,17.8,53,2026-08-29 14:00:00+00:00
26.3,85,1002.9,16.1,22,2026-08-29 15:00:00+00:00
26.2,87,1003.8,14.0,46,2026-08-29 16:00:00+00:00
26.0,87,1004.2,13.2,39,2026-08-29 17:00:00+00:00
26.4,86,1004.0,15.2,38,2026-08-29 18:00:00+00:00
26.1,88,1003.7,14.3,81,2026-08-29 19:00:00+00:00
26.0,89,1003.2,14.6,26,2026-08-29 20:00:00+00:00
25.8,91,1002.7,15.1,23,2026-08-29 21:00:00+00:00
25.7,91,1002.3,15.5,32,2026-08-29 22:00:00+00:00
25.8,90,1002.2,16.8,30,2026-08-29 23:00:00+00:00
25.9,87,1002.1,17.6,30,2026-08-30 00:00:00+00:00
25.8,88,1002.4,16.5,46,2026-08-30 01:00:00+00:00
26.1,87,1003.1,16.5,86,2026-08-30 02:00:00+00:00
26.9,82,1003.4,19.1,99,2026-08-30 03:00:00+00:00
27.7,76,1003.9,20.0,99,2026-08-30 04:00:00+00:00
28.4,73,1004.3,20.9,99,2026-08-30 05:00:00+00:00
28.3,75,1004.7,22.4,100,2026-08-30 06:00:00+00:00
28.6,74,1004.4,23.2,100,2026-08-30 07:00:00+00:00
28.6,74,1004.0,22.6,99,2026-08-30 08:00:00+00:00
28.5,74,1003.5,21.5,99,2026-08-30 09:00:00+00:00
28.2,76,1003.2,21.0,98,2026-08-30 10:00:00+00:00
28.0,77,1002.8,20.0,92,2026-08-30 11:00:00+00:00
27.8,79,1002.7,19.0,61,2026-08-30 12:00:00+00:00
27.2,81,1002.8,18.0,44,2026-08-30 13:00:00+00:00
26.5,86,1003.2,15.9,35,2026-08-30 14:00:00+00:00
26.1,88,1003.7,14.3,27,2026-08-30 15:00:00+00:00
26.1,88,1004.2,13.4,77,2026-08-30 16:00:00+00:00
26.0,89,1004.8,13.0,71,2026-08-30 17:00:00+00:00
26.1,89,1004.5,13.8,49,2026-08-30 18:00:00+00:00
25.9,90,1004.2,13.7,91,2026-08-30 19:00:00+00:00
25.8,90,1004.0,13.9,95,2026-08-30 20:00:00+00:00
25.7,90,1003.4,15.5,95,2026-08-30 21:00:00+00:00
25.7,91,1003.2,16.3,94,2026-08-30 22:00:00+00:00
25.6,91,1003.2,15.9,92,2026-08-30 23:00:00+00:00
25.7,87,1003.3,14.4,69,2026-08-31 00:00:00+00:00
25.8,87,1003.4,14.8,54,2026-08-31 01:00:00+00:00
25.9,87,1003.7,15.6,88,2026-08-31 02:00:00+00:00
26.7,83,1004.2,18.3,98,2026-08-31 03:00:00+00:00
27.4,78,1004.3,18.6,100,2026-08-31 04:00:00+00:00
28.0,75,1004.6,18.4,100,2026-08-31 05:00:00+00:00
28.3,74,1004.7,20.3,98,2026-08-31 06:00:00+00:00
28.6,73,1004.3,20.4,100,2026-08-31 07:00:00+00:00
28.7,72,1003.7,19.8,99,2026-08-31 08:00:00+00:00
28.7,73,1003.2,18.8,54,2026-08-31 09:00:00+00:00
28.8,72,1002.8,18.0,90,2026-08-31 10:00:00+00:00
28.1,76,1002.1,17.6,84,2026-08-31 11:00:00+00:00
28.0,77,1002.1,17.2,89,2026-08-31 12:00:00+00:00
27.1,81,1002.3,16.5,91,2026-08-31 13:00:00+00:00
26.7,83,1002.6,14.0,80,2026-08-31 14:00:00+00:00
26.4,87,1002.8,12.1,77,2026-08-31 15:00:00+00:00
26.2,88,1003.4,12.2,98,2026-08-31 16:00:00+00:00
26.2,88,1004.0,12.9,98,2026-08-31 17:00:00+00:00
26.1,89,1003.9,12.8,85,2026-08-31 18:00:00+00:00
26.0,90,1003.7,12.5,43,2026-08-31 19:00:00+00:00
25.8,90,1003.5,11.8,91,2026-08-31 20:00:00+00:00
25.7,91,1002.9,12.0,88,2026-08-31 21:00:00+00:00
25.5,91,1002.6,12.5,76,2026-08-31 22:00:00+00:00
25.4,92,1002.5,13.1,77,2026-08-31 23:00:00+00:00
